phenocode,phenotype,category,chapter_prefix,num_cases,num_controls,finngen_R12_url
AUD_SWEDISH,"Alcohol use disorder, Swedish definition",Alcohol related diseases,Alcohol,28861,471487,https://storage.googleapis.com/finngen-public-data-r12/summary_stats/release/finngen_R12_AUD_SWEDISH.gz
ALCOHOLACUTE10,"Acute alcohol intoxication, ICD10",Alcohol related diseases,Alcohol,8774,489910,https://storage.googleapis.com/finngen-public-data-r12/summary_stats/release/finngen_R12_ALCOHOLACUTE10.gz
ALCO_PRESCRIPTION,"Use of disulfiram, acamprosate or naltrexone",Alcohol related diseases,Alcohol,3513,496835,https://storage.googleapis.com/finngen-public-data-r12/summary_stats/release/finngen_R12_ALCO_PRESCRIPTION.gz
OFFICIAL_TILASTOKESKUS_DEATH,"Alcohol related diseases, tilastokeskus definition, death only",Alcohol related diseases,Alcohol,2900,497448,https://storage.googleapis.com/finngen-public-data-r12/summary_stats/release/finngen_R12_OFFICIAL_TILASTOKESKUS_DEATH.gz
ALCOPANCCHRON,Alcohol-induced chronic pancreatitis,Alcohol related diseases,Alcohol,2400,497948,https://storage.googleapis.com/finngen-public-data-r12/summary_stats/release/finngen_R12_ALCOPANCCHRON.gz
ST19_TOXIC_EFFECT_ETHAN,Toxic effect of ethanol,Alcohol related diseases,Alcohol,1604,498744,https://storage.googleapis.com/finngen-public-data-r12/summary_stats/release/finngen_R12_ST19_TOXIC_EFFECT_ETHAN.gz
ALCOPANCACU,Alcohol-induced acute pancreatitis,Alcohol related diseases,Alcohol,1286,499062,https://storage.googleapis.com/finngen-public-data-r12/summary_stats/release/finngen_R12_ALCOPANCACU.gz
ST19_TOXIC_EFFECT_ALCOHOL,Toxic effect of alcohol,Alcohol related diseases,Alcohol,797,495678,https://storage.googleapis.com/finngen-public-data-r12/summary_stats/release/finngen_R12_ST19_TOXIC_EFFECT_ALCOHOL.gz
BRONCHITIS,Bronchitis,Asthma and related endpoints,Asthma,77621,422727,https://storage.googleapis.com/finngen-public-data-r12/summary_stats/release/finngen_R12_BRONCHITIS.gz
ASTHMA_INFECTIONS,Asthma-related infections,Asthma and related endpoints,Asthma,31090,441248,https://storage.googleapis.com/finngen-public-data-r12/summary_stats/release/finngen_R12_ASTHMA_INFECTIONS.gz
ASTHMA_NAS,"Asthma, unspecified (mode)",Asthma and related endpoints,Asthma,30770,270290,https://storage.googleapis.com/finngen-public-data-r12/summary_stats/release/finngen_R12_ASTHMA_NAS.gz
ASTHMA_ACUTE_RESPIRATORY_INFECTIONS,Asthma-related acute respiratory infections,Asthma and related endpoints,Asthma,22761,441248,https://storage.googleapis.com/finngen-public-data-r12/summary_stats/release/finngen_R12_ASTHMA_ACUTE_RESPIRATORY_INFECTIONS.gz
ASTHMA_PNEUMONIA,Asthma-related pneumonia,Asthma and related endpoints,Asthma,16964,441248,https://storage.googleapis.com/finngen-public-data-r12/summary_stats/release/finngen_R12_ASTHMA_PNEUMONIA.gz
ALLERG_ASTHMA,Allergic asthma (mode),Asthma and related endpoints,Asthma,13450,270290,https://storage.googleapis.com/finngen-public-data-r12/summary_stats/release/finngen_R12_ALLERG_ASTHMA.gz
NONALLERG_ASTHMA_EXMORE,Non-allergic asthma (mode) (more control exclusions),Asthma and related endpoints,Asthma,9758,259839,https://storage.googleapis.com/finngen-public-data-r12/summary_stats/release/finngen_R12_NONALLERG_ASTHMA_EXMORE.gz
ASTHMA_CHILD_EXMORE,Childhood asthma (age<16) (more control exclusions),Asthma and related endpoints,Asthma,8402,259839,https://storage.googleapis.com/finngen-public-data-r12/summary_stats/release/finngen_R12_ASTHMA_CHILD_EXMORE.gz
CHILDHOOD_ALLERGY,Childhood allergy (age < 16),Asthma and related endpoints,Asthma,8089,492259,https://storage.googleapis.com/finngen-public-data-r12/summary_stats/release/finngen_R12_CHILDHOOD_ALLERGY.gz
ASTHMA_ALLERG,Asthma and allergy,Asthma and related endpoints,Asthma,6883,267434,https://storage.googleapis.com/finngen-public-data-r12/summary_stats/release/finngen_R12_ASTHMA_ALLERG.gz
INFLUENZA,All influenza (not pneumonia),Asthma and related endpoints,Asthma,6799,415538,https://storage.googleapis.com/finngen-public-data-r12/summary_stats/release/finngen_R12_INFLUENZA.gz
ASTHMA_MIXED_EXMORE,Asthma mixed form (mode) (more control exclusions),Asthma and related endpoints,Asthma,2407,259839,https://storage.googleapis.com/finngen-public-data-r12/summary_stats/release/finngen_R12_ASTHMA_MIXED_EXMORE.gz
ASTHMA_OPPORTUNIST_INFECTIONS,Asthma and opportunity respiratory infection,Asthma and related endpoints,Asthma,1606,441248,https://storage.googleapis.com/finngen-public-data-r12/summary_stats/release/finngen_R12_ASTHMA_OPPORTUNIST_INFECTIONS.gz
PNEUMO_SEPTHICHE,Pneumococcal septicemia,Asthma and related endpoints,Asthma,1167,499120,https://storage.googleapis.com/finngen-public-data-r12/summary_stats/release/finngen_R12_PNEUMO_SEPTHICHE.gz
COPD_LATER,Later onset COPD,COPD and related endpoints,COPD,13535,215585,https://storage.googleapis.com/finngen-public-data-r12/summary_stats/release/finngen_R12_COPD_LATER.gz
COPD_EARLY,Early onset COPD,COPD and related endpoints,COPD,9491,477322,https://storage.googleapis.com/finngen-public-data-r12/summary_stats/release/finngen_R12_COPD_EARLY.gz
VOCALCORDDYS,Vocal cord dysfunction,COPD and related endpoints,COPD,6926,180057,https://storage.googleapis.com/finngen-public-data-r12/summary_stats/release/finngen_R12_VOCALCORDDYS.gz
COPD_OPPORTUNIST_INFECTIONS,COPD related to chronic (opportunist) infections,COPD and related endpoints,COPD,814,477322,https://storage.googleapis.com/finngen-public-data-r12/summary_stats/release/finngen_R12_COPD_OPPORTUNIST_INFECTIONS.gz
FG_CVD,Cardiovascular diseases (excluding rheumatic etc),Cardiometabolic endpoints,Cardiometabolic,247538,252810,https://storage.googleapis.com/finngen-public-data-r12/summary_stats/release/finngen_R12_FG_CVD.gz
FG_OTHHEART,Other heart diseases,Cardiometabolic endpoints,Cardiometabolic,106069,252810,https://storage.googleapis.com/finngen-public-data-r12/summary_stats/release/finngen_R12_FG_OTHHEART.gz
I9_CVD_HARD,Hard cardiovascular diseases,Cardiometabolic endpoints,Cardiometabolic,80527,419821,https://storage.googleapis.com/finngen-public-data-r12/summary_stats/release/finngen_R12_I9_CVD_HARD.gz
I9_HEARTFAIL_AND_OVERWEIGHT,Heart failure and bmi 25plus,Cardiometabolic endpoints,Cardiometabolic,22965,206576,https://storage.googleapis.com/finngen-public-data-r12/summary_stats/release/finngen_R12_I9_HEARTFAIL_AND_OVERWEIGHT.gz
I9_HEARTFAIL_AND_CHD,Heart failure and coronary heart disease,Cardiometabolic endpoints,Cardiometabolic,17532,443698,https://storage.googleapis.com/finngen-public-data-r12/summary_stats/release/finngen_R12_I9_HEARTFAIL_AND_CHD.gz
FG_CARDMYO,Cardiomyopathy (excluding other),Cardiometabolic endpoints,Cardiometabolic,5351,394279,https://storage.googleapis.com/finngen-public-data-r12/summary_stats/release/finngen_R12_FG_CARDMYO.gz
CONGEN_HEART_ARTER,Congenital malformations of heart and great arteries,Cardiometabolic endpoints,Cardiometabolic,5303,495045,https://storage.googleapis.com/finngen-public-data-r12/summary_stats/release/finngen_R12_CONGEN_HEART_ARTER.gz
I9_HEARTFAIL_AND_HYPERTCARDIOM,Heart failure and hypertrophic cardiomyopathy,Cardiometabolic endpoints,Cardiometabolic,561,498972,https://storage.googleapis.com/finngen-public-data-r12/summary_stats/release/finngen_R12_I9_HEARTFAIL_AND_HYPERTCARDIOM.gz
ALLERG_RHINITIS,Allergic rhinitis,Comorbidities of Asthma,Comorbidities,15569,474650,https://storage.googleapis.com/finngen-public-data-r12/summary_stats/release/finngen_R12_ALLERG_RHINITIS.gz
ASTHMA_OBESITY,Obesity related asthma,Comorbidities of Asthma,Comorbidities,15107,441248,https://storage.googleapis.com/finngen-public-data-r12/summary_stats/release/finngen_R12_ASTHMA_OBESITY.gz
POLLENALLERG,Pollen allergy,Comorbidities of Asthma,Comorbidities,8776,487439,https://storage.googleapis.com/finngen-public-data-r12/summary_stats/release/finngen_R12_POLLENALLERG.gz
ASTHMA_EOSINOPHIL_SUGG,Suggestive for eosinophilic asthma,Comorbidities of Asthma,Comorbidities,3565,441248,https://storage.googleapis.com/finngen-public-data-r12/summary_stats/release/finngen_R12_ASTHMA_EOSINOPHIL_SUGG.gz
RHINITIS_VASOMOTOR,Vasomotor rhinitis (mode),Comorbidities of Asthma,Comorbidities,2781,492187,https://storage.googleapis.com/finngen-public-data-r12/summary_stats/release/finngen_R12_RHINITIS_VASOMOTOR.gz
CARDIAC_ARRHYTM,Cardiac arrhythmias,Comorbidities of COPD,Comorbidities,92926,288216,https://storage.googleapis.com/finngen-public-data-r12/summary_stats/release/finngen_R12_CARDIAC_ARRHYTM.gz
COPD_INSUFFICIENCY,COPD-related respiratory insufficiency,Comorbidities of COPD,Comorbidities,4541,477322,https://storage.googleapis.com/finngen-public-data-r12/summary_stats/release/finngen_R12_COPD_INSUFFICIENCY.gz
INV_VENT,Invasive ventilation,Comorbidities of COPD,Comorbidities,2664,493611,https://storage.googleapis.com/finngen-public-data-r12/summary_stats/release/finngen_R12_INV_VENT.gz
C_STROKE,STROKE,Comorbidities of Diabetes,Comorbidities,53492,360342,https://storage.googleapis.com/finngen-public-data-r12/summary_stats/release/finngen_R12_C_STROKE.gz
CHARCOT,Charcot foot,Comorbidities of Diabetes,Comorbidities,594,360342,https://storage.googleapis.com/finngen-public-data-r12/summary_stats/release/finngen_R12_CHARCOT.gz
NEURODEGOTH,Other degenerative diseases of the nervous system,Comorbidities of Gastrointestinal endpoints,Comorbidities,19083,272129,https://storage.googleapis.com/finngen-public-data-r12/summary_stats/release/finngen_R12_NEURODEGOTH.gz
THYROTOXICOSIS,Thyrotoxicosis,Comorbidities of Gastrointestinal endpoints,Comorbidities,11003,486722,https://storage.googleapis.com/finngen-public-data-r12/summary_stats/release/finngen_R12_THYROTOXICOSIS.gz
THYROIDITIS,Thyroiditis,Comorbidities of Gastrointestinal endpoints,Comorbidities,2729,486722,https://storage.googleapis.com/finngen-public-data-r12/summary_stats/release/finngen_R12_THYROIDITIS.gz
SPONDYLOARTHRITIS,Spondyloarthritis,Comorbidities of Interstitial lung disease endpoints,Comorbidities,8508,451874,https://storage.googleapis.com/finngen-public-data-r12/summary_stats/release/finngen_R12_SPONDYLOARTHRITIS.gz
ANTIDEPRESSANTS,Depression medications,Comorbidities of Neurological endpoints,Comorbidities,149403,111976,https://storage.googleapis.com/finngen-public-data-r12/summary_stats/release/finngen_R12_ANTIDEPRESSANTS.gz
MENINGITIS,Meningitis,Comorbidities of Neurological endpoints,Comorbidities,1878,495910,https://storage.googleapis.com/finngen-public-data-r12/summary_stats/release/finngen_R12_MENINGITIS.gz
ANOSMIA,Anosmia,Comorbidities of Neurological endpoints,Comorbidities,980,111976,https://storage.googleapis.com/finngen-public-data-r12/summary_stats/release/finngen_R12_ANOSMIA.gz
T2D,"Type 2 diabetes, definitions combined",Diabetes endpoints,Diabetes,82878,403489,https://storage.googleapis.com/finngen-public-data-r12/summary_stats/release/finngen_R12_T2D.gz
KELA_DIAB_INSUL_EXMORE,"Diabetes, insulin treatment (Kela reimbursement) (more control exclusions)",Diabetes endpoints,Diabetes,77557,403479,https://storage.googleapis.com/finngen-public-data-r12/summary_stats/release/finngen_R12_KELA_DIAB_INSUL_EXMORE.gz
T2D_WIDE,"Type 2 diabetes, wide definition",Diabetes endpoints,Diabetes,55418,405261,https://storage.googleapis.com/finngen-public-data-r12/summary_stats/release/finngen_R12_T2D_WIDE.gz
GEST_DIABETES,Gestational diabetes (for exclusion),Diabetes endpoints,Diabetes,18581,263483,https://storage.googleapis.com/finngen-public-data-r12/summary_stats/release/finngen_R12_GEST_DIABETES.gz
DM_RETINOPATHY,Diabetic retinopathy,Diabetes endpoints,Diabetes,14142,82287,https://storage.googleapis.com/finngen-public-data-r12/summary_stats/release/finngen_R12_DM_RETINOPATHY.gz
DM_RETINOPATHY_EXMORE,Diabetic retinopathy (more control exclusions),Diabetes endpoints,Diabetes,14142,59084,https://storage.googleapis.com/finngen-public-data-r12/summary_stats/release/finngen_R12_DM_RETINOPATHY_EXMORE.gz
DM_RETINOPATHY_STRICT,"Diabetic retinopathy, strict definition",Diabetes endpoints,Diabetes,6833,82271,https://storage.googleapis.com/finngen-public-data-r12/summary_stats/release/finngen_R12_DM_RETINOPATHY_STRICT.gz
DM_NEPHROPATHY,Diabetic nephropathy,Diabetes endpoints,Diabetes,5579,90951,https://storage.googleapis.com/finngen-public-data-r12/summary_stats/release/finngen_R12_DM_NEPHROPATHY.gz
DM_NEPHROPATHY_EXMORE,Diabetic nephropathy (more control exclusions),Diabetes endpoints,Diabetes,5579,59084,https://storage.googleapis.com/finngen-public-data-r12/summary_stats/release/finngen_R12_DM_NEPHROPATHY_EXMORE.gz
T1D,"Type 1 diabetes, definitions combined",Diabetes endpoints,Diabetes,4721,403489,https://storage.googleapis.com/finngen-public-data-r12/summary_stats/release/finngen_R12_T1D.gz
DM_MACULOPATHY,Diabetic maculopathy,Diabetes endpoints,Diabetes,4603,82287,https://storage.googleapis.com/finngen-public-data-r12/summary_stats/release/finngen_R12_DM_MACULOPATHY.gz
DM_NEUROPATHY,Diabetic neuropathy,Diabetes endpoints,Diabetes,3862,92612,https://storage.googleapis.com/finngen-public-data-r12/summary_stats/release/finngen_R12_DM_NEUROPATHY.gz
T1D_EARLY,"Type1 diabetes, definitions combined, early onset",Diabetes endpoints,Diabetes,3051,497297,https://storage.googleapis.com/finngen-public-data-r12/summary_stats/release/finngen_R12_T1D_EARLY.gz
DM_NEOVASCULAR_GLAUCOMA,Neovascular glaucoma,Diabetes endpoints,Diabetes,1494,485314,https://storage.googleapis.com/finngen-public-data-r12/summary_stats/release/finngen_R12_DM_NEOVASCULAR_GLAUCOMA.gz
AUTOIMMUNE,Autoimmune diseases,Diseases marked as autimmune origin,Diseases,128075,372273,https://storage.googleapis.com/finngen-public-data-r12/summary_stats/release/finngen_R12_AUTOIMMUNE.gz
AUTOIMMUNE_NONTHYROID,Autoimmune diseases excluding thyroid diseases,Diseases marked as autimmune origin,Diseases,70570,371089,https://storage.googleapis.com/finngen-public-data-r12/summary_stats/release/finngen_R12_AUTOIMMUNE_NONTHYROID.gz
RX_PARACETAMOL_NSAID,Paracetamol of NSAID medication,Drug purchase endpoints,Drug,427348,73000,https://storage.googleapis.com/finngen-public-data-r12/summary_stats/release/finngen_R12_RX_PARACETAMOL_NSAID.gz
RX_ANTIHYP,Antihypertensive medication - note that there are other indications,Drug purchase endpoints,Drug,273281,227067,https://storage.googleapis.com/finngen-public-data-r12/summary_stats/release/finngen_R12_RX_ANTIHYP.gz
RX_CROHN_1STLINE,First line medication for Crohn's disease,Drug purchase endpoints,Drug,106320,394028,https://storage.googleapis.com/finngen-public-data-r12/summary_stats/release/finngen_R12_RX_CROHN_1STLINE.gz
RX_CODEINE_TRAMADOL,Codeine or tramadol medication,Drug purchase endpoints,Drug,84151,416197,https://storage.googleapis.com/finngen-public-data-r12/summary_stats/release/finngen_R12_RX_CODEINE_TRAMADOL.gz
RX_CROHN_2NDLINE,Second line medication for Crohn's disease,Drug purchase endpoints,Drug,28457,471891,https://storage.googleapis.com/finngen-public-data-r12/summary_stats/release/finngen_R12_RX_CROHN_2NDLINE.gz
RX_GLUCOSAMINE,Glucosamine medication,Drug purchase endpoints,Drug,23215,477133,https://storage.googleapis.com/finngen-public-data-r12/summary_stats/release/finngen_R12_RX_GLUCOSAMINE.gz
RX_INFERTILITY,Medical treatment for female infertility,Drug purchase endpoints,Drug,9381,272683,https://storage.googleapis.com/finngen-public-data-r12/summary_stats/release/finngen_R12_RX_INFERTILITY.gz
RX_RHEUMA_BIOLOGICAL,Biological medication for rheuma,Drug purchase endpoints,Drug,6733,493615,https://storage.googleapis.com/finngen-public-data-r12/summary_stats/release/finngen_R12_RX_RHEUMA_BIOLOGICAL.gz
K11_REIMB_202,Reimbursement for rheumatic diseases,Gastrointestinal endpoints,Gastrointestinal,29473,470875,https://storage.googleapis.com/finngen-public-data-r12/summary_stats/release/finngen_R12_K11_REIMB_202.gz
ULCERNAS,"Ulcerative colitis, NAS",Gastrointestinal endpoints,Gastrointestinal,6080,476577,https://storage.googleapis.com/finngen-public-data-r12/summary_stats/release/finngen_R12_ULCERNAS.gz
CIRRHOSIS_BROAD,"Cirrhosis, broad definition used in the article https://doi.org/10.1101/594523",Gastrointestinal endpoints,Gastrointestinal,5545,494803,https://storage.googleapis.com/finngen-public-data-r12/summary_stats/release/finngen_R12_CIRRHOSIS_BROAD.gz
MUCOPROCT,Mucosal proctocolitis,Gastrointestinal endpoints,Gastrointestinal,5538,476577,https://storage.googleapis.com/finngen-public-data-r12/summary_stats/release/finngen_R12_MUCOPROCT.gz
NAFLD,Nonalcoholic fatty liver disease,Gastrointestinal endpoints,Gastrointestinal,3504,496844,https://storage.googleapis.com/finngen-public-data-r12/summary_stats/release/finngen_R12_NAFLD.gz
ULCERRECT,Ulcerative rectosigmoiditis,Gastrointestinal endpoints,Gastrointestinal,3391,476577,https://storage.googleapis.com/finngen-public-data-r12/summary_stats/release/finngen_R12_ULCERRECT.gz
CHRONOTH,Other Crohn's disease,Gastrointestinal endpoints,Gastrointestinal,2819,476577,https://storage.googleapis.com/finngen-public-data-r12/summary_stats/release/finngen_R12_CHRONOTH.gz
CHRONSMALL,Crohn's disease of small intestine,Gastrointestinal endpoints,Gastrointestinal,2740,476577,https://storage.googleapis.com/finngen-public-data-r12/summary_stats/release/finngen_R12_CHRONSMALL.gz
CHRONNAS,Crohn's disease NAS,Gastrointestinal endpoints,Gastrointestinal,2602,476577,https://storage.googleapis.com/finngen-public-data-r12/summary_stats/release/finngen_R12_CHRONNAS.gz
ULCERPROCT,Ulcerative proctitis,Gastrointestinal endpoints,Gastrointestinal,2417,476577,https://storage.googleapis.com/finngen-public-data-r12/summary_stats/release/finngen_R12_ULCERPROCT.gz
ULCEROTH,Other ulcerative colitis,Gastrointestinal endpoints,Gastrointestinal,2281,476577,https://storage.googleapis.com/finngen-public-data-r12/summary_stats/release/finngen_R12_ULCEROTH.gz
CHRONLARGE,Crohn's disease of large intestine,Gastrointestinal endpoints,Gastrointestinal,2049,476577,https://storage.googleapis.com/finngen-public-data-r12/summary_stats/release/finngen_R12_CHRONLARGE.gz
CHIRHEP_NAS,"Cirrhosis of liver, NAS",Gastrointestinal endpoints,Gastrointestinal,1703,494803,https://storage.googleapis.com/finngen-public-data-r12/summary_stats/release/finngen_R12_CHIRHEP_NAS.gz
ULCERILEO,Ulcerative ileocolitis,Gastrointestinal endpoints,Gastrointestinal,1596,476577,https://storage.googleapis.com/finngen-public-data-r12/summary_stats/release/finngen_R12_ULCERILEO.gz
ULCERENTER,Ulcerative enterocolitis,Gastrointestinal endpoints,Gastrointestinal,1210,476577,https://storage.googleapis.com/finngen-public-data-r12/summary_stats/release/finngen_R12_ULCERENTER.gz
CHIRBIL_PRIM,Primary biliary cholangitis (PBC),Gastrointestinal endpoints,Gastrointestinal,760,372273,https://storage.googleapis.com/finngen-public-data-r12/summary_stats/release/finngen_R12_CHIRBIL_PRIM.gz
K11_CHOLANGI_STRICT,"Cholangitis (primary sclerosing, PSC), with reimbursement 202",Gastrointestinal endpoints,Gastrointestinal,653,470875,https://storage.googleapis.com/finngen-public-data-r12/summary_stats/release/finngen_R12_K11_CHOLANGI_STRICT.gz
AB1_OTHER_BACTERIAL,Other bacterial diseases,I Certain infectious and parasitic diseases (AB1_),I,61300,439048,https://storage.googleapis.com/finngen-public-data-r12/summary_stats/release/finngen_R12_AB1_OTHER_BACTERIAL.gz
AB1_INTESTINAL_INFECTIONS,Intestinal infectious diseases,I Certain infectious and parasitic diseases (AB1_),I,56056,444292,https://storage.googleapis.com/finngen-public-data-r12/summary_stats/release/finngen_R12_AB1_INTESTINAL_INFECTIONS.gz
AB1_GASTROENTERITIS_NOS,Diarrhoea and gastroenteritis of presumed infectious origin,I Certain infectious and parasitic diseases (AB1_),I,39997,444292,https://storage.googleapis.com/finngen-public-data-r12/summary_stats/release/finngen_R12_AB1_GASTROENTERITIS_NOS.gz
AB1_ERYSIPELAS,Erysipelas,I Certain infectious and parasitic diseases (AB1_),I,27918,439048,https://storage.googleapis.com/finngen-public-data-r12/summary_stats/release/finngen_R12_AB1_ERYSIPELAS.gz
AB1_BACTINF_NOS,"Bacterial infection, other or unspecified",I Certain infectious and parasitic diseases (AB1_),I,25506,439048,https://storage.googleapis.com/finngen-public-data-r12/summary_stats/release/finngen_R12_AB1_BACTINF_NOS.gz
AB1_VIRAL_SKIN_MUCOUS_MEMBRANE,Viral infections characterized by skin and mucous membrane lesions,I Certain infectious and parasitic diseases (AB1_),I,20032,480316,https://storage.googleapis.com/finngen-public-data-r12/summary_stats/release/finngen_R12_AB1_VIRAL_SKIN_MUCOUS_MEMBRANE.gz
AB1_OTHER_SEPSIS,Other septicaemia,I Certain infectious and parasitic diseases (AB1_),I,17133,439048,https://storage.googleapis.com/finngen-public-data-r12/summary_stats/release/finngen_R12_AB1_OTHER_SEPSIS.gz
AB1_SEXUAL_TRANSMISSION,Infections with a predominantly sexual mode of transmission,I Certain infectious and parasitic diseases (AB1_),I,14890,485458,https://storage.googleapis.com/finngen-public-data-r12/summary_stats/release/finngen_R12_AB1_SEXUAL_TRANSMISSION.gz
AB1_OTHER_VIRAL,Other viral diseases,I Certain infectious and parasitic diseases (AB1_),I,14261,486087,https://storage.googleapis.com/finngen-public-data-r12/summary_stats/release/finngen_R12_AB1_OTHER_VIRAL.gz
AB1_MYCOSES,Mycoses,I Certain infectious and parasitic diseases (AB1_),I,11371,488977,https://storage.googleapis.com/finngen-public-data-r12/summary_stats/release/finngen_R12_AB1_MYCOSES.gz
AB1_VIRAL_OTHER_INTEST_INFECTIONS,Viral and other specified intestinal infections,I Certain infectious and parasitic diseases (AB1_),I,11050,444292,https://storage.googleapis.com/finngen-public-data-r12/summary_stats/release/finngen_R12_AB1_VIRAL_OTHER_INTEST_INFECTIONS.gz
AB1_OTHER_SPIROCHAETAL,Other spirochaetal diseases,I Certain infectious and parasitic diseases (AB1_),I,10678,489670,https://storage.googleapis.com/finngen-public-data-r12/summary_stats/release/finngen_R12_AB1_OTHER_SPIROCHAETAL.gz
AB1_LYME,Lyme disease,I Certain infectious and parasitic diseases (AB1_),I,10516,489832,https://storage.googleapis.com/finngen-public-data-r12/summary_stats/release/finngen_R12_AB1_LYME.gz
AB1_VIRAL_NOS,"Other viral diseases, not elsewhere classified",I Certain infectious and parasitic diseases (AB1_),I,8325,486087,https://storage.googleapis.com/finngen-public-data-r12/summary_stats/release/finngen_R12_AB1_VIRAL_NOS.gz
AB1_SEXUAL_TRANSMISSION_NOS,"Other predominantly sexually transmitted diseases, not elsewhere classified",I Certain infectious and parasitic diseases (AB1_),I,7854,485458,https://storage.googleapis.com/finngen-public-data-r12/summary_stats/release/finngen_R12_AB1_SEXUAL_TRANSMISSION_NOS.gz
AB1_BACT_INTEST_OTH,Other bacterial intestinal infections,I Certain infectious and parasitic diseases (AB1_),I,7671,444292,https://storage.googleapis.com/finngen-public-data-r12/summary_stats/release/finngen_R12_AB1_BACT_INTEST_OTH.gz
AB1_ZOSTER,Zoster [herpes zoster],I Certain infectious and parasitic diseases (AB1_),I,7132,480316,https://storage.googleapis.com/finngen-public-data-r12/summary_stats/release/finngen_R12_AB1_ZOSTER.gz
AB1_CANDIDIASIS,Candidiasis,I Certain infectious and parasitic diseases (AB1_),I,5341,488977,https://storage.googleapis.com/finngen-public-data-r12/summary_stats/release/finngen_R12_AB1_CANDIDIASIS.gz
AB1_DERMATOPHYTOSIS,Dermatophytosis,I Certain infectious and parasitic diseases (AB1_),I,5071,488977,https://storage.googleapis.com/finngen-public-data-r12/summary_stats/release/finngen_R12_AB1_DERMATOPHYTOSIS.gz
AB1_HERPES_SIMPLEX,Herpesviral [herpes simplex] infections,I Certain infectious and parasitic diseases (AB1_),I,4677,480316,https://storage.googleapis.com/finngen-public-data-r12/summary_stats/release/finngen_R12_AB1_HERPES_SIMPLEX.gz
C_DIFFICILE_ENTEROCOLITIS,Enterocolitis due to Clostridium difficile,I Certain infectious and parasitic diseases (AB1_),I,4250,492689,https://storage.googleapis.com/finngen-public-data-r12/summary_stats/release/finngen_R12_C_DIFFICILE_ENTEROCOLITIS.gz
AB1_VIRAL_WARTS,Viral warts,I Certain infectious and parasitic diseases (AB1_),I,4044,480316,https://storage.googleapis.com/finngen-public-data-r12/summary_stats/release/finngen_R12_AB1_VIRAL_WARTS.gz
AB1_EBV,Infectious mononucleosis,I Certain infectious and parasitic diseases (AB1_),I,3838,486087,https://storage.googleapis.com/finngen-public-data-r12/summary_stats/release/finngen_R12_AB1_EBV.gz
AB1_BACT_BIR_OTHER_INF_AGENTS,"Bacterial, viral and other infectious agents",I Certain infectious and parasitic diseases (AB1_),I,3521,496827,https://storage.googleapis.com/finngen-public-data-r12/summary_stats/release/finngen_R12_AB1_BACT_BIR_OTHER_INF_AGENTS.gz
AB1_STREPTO_SEPSIS,Streptococcal septicaemia,I Certain infectious and parasitic diseases (AB1_),I,3239,439048,https://storage.googleapis.com/finngen-public-data-r12/summary_stats/release/finngen_R12_AB1_STREPTO_SEPSIS.gz
AB1_SEQULEAE_OF_INFECTIONS_AND_PARASITES,Sequelae of infectious and parasitic diseases,I Certain infectious and parasitic diseases (AB1_),I,3188,497160,https://storage.googleapis.com/finngen-public-data-r12/summary_stats/release/finngen_R12_AB1_SEQULEAE_OF_INFECTIONS_AND_PARASITES.gz
AB1_TUBERCULOSIS,"Tuberculosis, wide",I Certain infectious and parasitic diseases (AB1_),I,3063,497285,https://storage.googleapis.com/finngen-public-data-r12/summary_stats/release/finngen_R12_AB1_TUBERCULOSIS.gz
AB1_VIRAL_HEMOR_FEVER_NOS,"Viral haemorrhagic fevers, not elsewhere classified/unspecified",I Certain infectious and parasitic diseases (AB1_),I,3042,496577,https://storage.googleapis.com/finngen-public-data-r12/summary_stats/release/finngen_R12_AB1_VIRAL_HEMOR_FEVER_NOS.gz
AB1_OTHER_INFECTIONS,Other infectious diseases,I Certain infectious and parasitic diseases (AB1_),I,3031,497317,https://storage.googleapis.com/finngen-public-data-r12/summary_stats/release/finngen_R12_AB1_OTHER_INFECTIONS.gz
AB1_VIRAL_CNS,Viral infections of the central nervous system,I Certain infectious and parasitic diseases (AB1_),I,2847,497501,https://storage.googleapis.com/finngen-public-data-r12/summary_stats/release/finngen_R12_AB1_VIRAL_CNS.gz
AB1_CHLAMYDIA_OTHER,Other sexually transmitted chlamydial diseases,I Certain infectious and parasitic diseases (AB1_),I,2782,485458,https://storage.googleapis.com/finngen-public-data-r12/summary_stats/release/finngen_R12_AB1_CHLAMYDIA_OTHER.gz
AB1_VIRAL_HEPATITIS,Viral hepatitis,I Certain infectious and parasitic diseases (AB1_),I,2776,497572,https://storage.googleapis.com/finngen-public-data-r12/summary_stats/release/finngen_R12_AB1_VIRAL_HEPATITIS.gz
AB1_ANOGENITAL_HERPES_SIMPLEX,Anogenital herpesviral [herpes simplex] infection,I Certain infectious and parasitic diseases (AB1_),I,2510,485458,https://storage.googleapis.com/finngen-public-data-r12/summary_stats/release/finngen_R12_AB1_ANOGENITAL_HERPES_SIMPLEX.gz
BACT_INTEST_INFECTION_NOS,Other specified/unspecified bacterial intestinal infections,I Certain infectious and parasitic diseases (AB1_),I,2356,492689,https://storage.googleapis.com/finngen-public-data-r12/summary_stats/release/finngen_R12_BACT_INTEST_INFECTION_NOS.gz
AB1_PEDICULOSIS_ACARIASIS_OTHERINFEST,"Pediculosis, acariasis and other infestations",I Certain infectious and parasitic diseases (AB1_),I,2231,498117,https://storage.googleapis.com/finngen-public-data-r12/summary_stats/release/finngen_R12_AB1_PEDICULOSIS_ACARIASIS_OTHERINFEST.gz
TBC_RESP,Respiratory tuberculosis,I Certain infectious and parasitic diseases (AB1_),I,2226,497387,https://storage.googleapis.com/finngen-public-data-r12/summary_stats/release/finngen_R12_TBC_RESP.gz
AB1_SEQULAE_INF_NOS,Sequelae of other and unspecified infectious and parasitic diseases,I Certain infectious and parasitic diseases (AB1_),I,2203,497160,https://storage.googleapis.com/finngen-public-data-r12/summary_stats/release/finngen_R12_AB1_SEQULAE_INF_NOS.gz
AB1_VARICELLA,Varicella [chickenpox],I Certain infectious and parasitic diseases (AB1_),I,1808,480316,https://storage.googleapis.com/finngen-public-data-r12/summary_stats/release/finngen_R12_AB1_VARICELLA.gz
AB1_SCABIES,Scabies,I Certain infectious and parasitic diseases (AB1_),I,1690,498117,https://storage.googleapis.com/finngen-public-data-r12/summary_stats/release/finngen_R12_AB1_SCABIES.gz
AB1_RESP_TUBERCU_NONCONF,"Respiratory tuberculosis, not confirmed",I Certain infectious and parasitic diseases (AB1_),I,1638,497285,https://storage.googleapis.com/finngen-public-data-r12/summary_stats/release/finngen_R12_AB1_RESP_TUBERCU_NONCONF.gz
AB1_CHOLERA,Cholera,I Certain infectious and parasitic diseases (AB1_),I,1571,444292,https://storage.googleapis.com/finngen-public-data-r12/summary_stats/release/finngen_R12_AB1_CHOLERA.gz
AB1_VIRAL_SKIN_NOS,"Other viral infections characterized by skin and mucous membrane lesions, not elsewhere classified",I Certain infectious and parasitic diseases (AB1_),I,1449,480316,https://storage.googleapis.com/finngen-public-data-r12/summary_stats/release/finngen_R12_AB1_VIRAL_SKIN_NOS.gz
AB1_SALMONELLA_OTH,Other salmonella infections,I Certain infectious and parasitic diseases (AB1_),I,1411,444292,https://storage.googleapis.com/finngen-public-data-r12/summary_stats/release/finngen_R12_AB1_SALMONELLA_OTH.gz
AB1_VIRAL_MENINGITIS,Viral meningitis,I Certain infectious and parasitic diseases (AB1_),I,1386,497501,https://storage.googleapis.com/finngen-public-data-r12/summary_stats/release/finngen_R12_AB1_VIRAL_MENINGITIS.gz
AB1_RUBELLA,Rubella [German measles],I Certain infectious and parasitic diseases (AB1_),I,1264,480316,https://storage.googleapis.com/finngen-public-data-r12/summary_stats/release/finngen_R12_AB1_RUBELLA.gz
AB1_GONOCOCCAL,Gonococcal infection,I Certain infectious and parasitic diseases (AB1_),I,1163,485458,https://storage.googleapis.com/finngen-public-data-r12/summary_stats/release/finngen_R12_AB1_GONOCOCCAL.gz
AB1_MUMPS,Mumps,I Certain infectious and parasitic diseases (AB1_),I,995,486087,https://storage.googleapis.com/finngen-public-data-r12/summary_stats/release/finngen_R12_AB1_MUMPS.gz
CAMPYLOENTERITIS,Campylobacter enteritis,I Certain infectious and parasitic diseases (AB1_),I,953,492689,https://storage.googleapis.com/finngen-public-data-r12/summary_stats/release/finngen_R12_CAMPYLOENTERITIS.gz
AB1_PROTOZOAL,Protozoal diseases,I Certain infectious and parasitic diseases (AB1_),I,918,499430,https://storage.googleapis.com/finngen-public-data-r12/summary_stats/release/finngen_R12_AB1_PROTOZOAL.gz
AB1_TUBERCU_OTH_ORG,"Tuberculosis of other organs, strict",I Certain infectious and parasitic diseases (AB1_),I,881,497285,https://storage.googleapis.com/finngen-public-data-r12/summary_stats/release/finngen_R12_AB1_TUBERCU_OTH_ORG.gz
AB1_SYPHILIS,Syphilis,I Certain infectious and parasitic diseases (AB1_),I,869,485458,https://storage.googleapis.com/finngen-public-data-r12/summary_stats/release/finngen_R12_AB1_SYPHILIS.gz
AB1_VIRAAL_CONJUNCT,Viral conjunctivitis,I Certain infectious and parasitic diseases (AB1_),I,766,486087,https://storage.googleapis.com/finngen-public-data-r12/summary_stats/release/finngen_R12_AB1_VIRAAL_CONJUNCT.gz
AB1_VIRAL_INOTHER,Viral agents as the cause of diseases classified to other chapters,I Certain infectious and parasitic diseases (AB1_),I,752,496827,https://storage.googleapis.com/finngen-public-data-r12/summary_stats/release/finngen_R12_AB1_VIRAL_INOTHER.gz
AB1_OTHER_SUPERF_MYCOSIS,Other superficial mycoses,I Certain infectious and parasitic diseases (AB1_),I,742,488977,https://storage.googleapis.com/finngen-public-data-r12/summary_stats/release/finngen_R12_AB1_OTHER_SUPERF_MYCOSIS.gz
AB1_SEQULAE_TUBERCU,Sequelae of tuberculosis,I Certain infectious and parasitic diseases (AB1_),I,727,497160,https://storage.googleapis.com/finngen-public-data-r12/summary_stats/release/finngen_R12_AB1_SEQULAE_TUBERCU.gz
AB1_VIRAL_ENCEPHALITIS_NOS,"Viral encephalitis, not elsewhere classified/unspecified",I Certain infectious and parasitic diseases (AB1_),I,704,497501,https://storage.googleapis.com/finngen-public-data-r12/summary_stats/release/finngen_R12_AB1_VIRAL_ENCEPHALITIS_NOS.gz
AB1_RESP_TUBERCU_CONF,"Respiratory tuberculosis, confirmed",I Certain infectious and parasitic diseases (AB1_),I,689,497285,https://storage.googleapis.com/finngen-public-data-r12/summary_stats/release/finngen_R12_AB1_RESP_TUBERCU_CONF.gz
AB1_ZOONOTIC_BACTERIAL,Certain zoonotic bacterial diseases,I Certain infectious and parasitic diseases (AB1_),I,650,499698,https://storage.googleapis.com/finngen-public-data-r12/summary_stats/release/finngen_R12_AB1_ZOONOTIC_BACTERIAL.gz
AB1_HELMINTIASES,Helminthiases,I Certain infectious and parasitic diseases (AB1_),I,622,499726,https://storage.googleapis.com/finngen-public-data-r12/summary_stats/release/finngen_R12_AB1_HELMINTIASES.gz
CMV_NOS,Other/unspecified cytomegaloviral diseases,I Certain infectious and parasitic diseases (AB1_),I,604,499622,https://storage.googleapis.com/finngen-public-data-r12/summary_stats/release/finngen_R12_CMV_NOS.gz
AB1_OTHER_MYCOBAC,Infection due to other mycobacteria,I Certain infectious and parasitic diseases (AB1_),I,534,439048,https://storage.googleapis.com/finngen-public-data-r12/summary_stats/release/finngen_R12_AB1_OTHER_MYCOBAC.gz
AB1_OTHER_CONDITIONS,Human immunodeficiency virus [HIV] disease resulting in other conditions,I Certain infectious and parasitic diseases (AB1_),I,530,499754,https://storage.googleapis.com/finngen-public-data-r12/summary_stats/release/finngen_R12_AB1_OTHER_CONDITIONS.gz
AB1_PNEUMOCYSTOSIS,Pneumocystosis,I Certain infectious and parasitic diseases (AB1_),I,513,499430,https://storage.googleapis.com/finngen-public-data-r12/summary_stats/release/finngen_R12_AB1_PNEUMOCYSTOSIS.gz
CD2_BENIGN_LEIOMYOMA_UTERI,Leiomyoma of uterus,II Neoplasms from hospital discharges (CD2_),II,42107,239957,https://storage.googleapis.com/finngen-public-data-r12/summary_stats/release/finngen_R12_CD2_BENIGN_LEIOMYOMA_UTERI.gz
CD2_BENIGN_COLORECANI,"Benign neoplasm of colon, rectum, anus and anal canal",II Neoplasms from hospital discharges (CD2_),II,29048,471300,https://storage.googleapis.com/finngen-public-data-r12/summary_stats/release/finngen_R12_CD2_BENIGN_COLORECANI.gz
CD2_BENIGN_COLON,Benign neoplasm: Colon,II Neoplasms from hospital discharges (CD2_),II,23613,476735,https://storage.googleapis.com/finngen-public-data-r12/summary_stats/release/finngen_R12_CD2_BENIGN_COLON.gz
CD2_BENIGN_SKIN,Other benign neoplasms of skin,II Neoplasms from hospital discharges (CD2_),II,17118,483230,https://storage.googleapis.com/finngen-public-data-r12/summary_stats/release/finngen_R12_CD2_BENIGN_SKIN.gz
CD2_BENIGN_MELANOCYTIC,Melanocytic naevi,II Neoplasms from hospital discharges (CD2_),II,13357,486991,https://storage.googleapis.com/finngen-public-data-r12/summary_stats/release/finngen_R12_CD2_BENIGN_MELANOCYTIC.gz
CD2_BENIGN_LIPOMATOUS,Benign lipomatous neoplasm,II Neoplasms from hospital discharges (CD2_),II,12917,487431,https://storage.googleapis.com/finngen-public-data-r12/summary_stats/release/finngen_R12_CD2_BENIGN_LIPOMATOUS.gz
CD2_PRIMARY_LYMPHOID_HEMATOPOIETIC_EXALLC,Primary_lymphoid and hematopoietic malignant neoplasms (controls excluding all cancers),II Neoplasms from hospital discharges (CD2_),II,9960,378749,https://storage.googleapis.com/finngen-public-data-r12/summary_stats/release/finngen_R12_CD2_PRIMARY_LYMPHOID_HEMATOPOIETIC_EXALLC.gz
CD2_BENIGN_COLON_NOS,"Benign neoplasm: Colon, unspecified",II Neoplasms from hospital discharges (CD2_),II,9883,490465,https://storage.googleapis.com/finngen-public-data-r12/summary_stats/release/finngen_R12_CD2_BENIGN_COLON_NOS.gz
CD2_BENIGN_RECTUM_ANAL,"Benign neoplasm: Rectum, anus and anal canal",II Neoplasms from hospital discharges (CD2_),II,7879,492469,https://storage.googleapis.com/finngen-public-data-r12/summary_stats/release/finngen_R12_CD2_BENIGN_RECTUM_ANAL.gz
CD2_BENIGN_SIGMOID_COLON,Benign neoplasm: Sigmoid colon,II Neoplasms from hospital discharges (CD2_),II,7048,493300,https://storage.googleapis.com/finngen-public-data-r12/summary_stats/release/finngen_R12_CD2_BENIGN_SIGMOID_COLON.gz
CD2_BENIGN_OVARY,Benign neoplasm of ovary,II Neoplasms from hospital discharges (CD2_),II,7022,275042,https://storage.googleapis.com/finngen-public-data-r12/summary_stats/release/finngen_R12_CD2_BENIGN_OVARY.gz
CD2_BENIGN_OTHERDIGESTIVE,Benign neoplasm of other and ill-defined parts of digestive system,II Neoplasms from hospital discharges (CD2_),II,7013,493335,https://storage.googleapis.com/finngen-public-data-r12/summary_stats/release/finngen_R12_CD2_BENIGN_OTHERDIGESTIVE.gz
CD2_BENIGN_RECTUM,Benign neoplasm: Rectum,II Neoplasms from hospital discharges (CD2_),II,6798,493550,https://storage.googleapis.com/finngen-public-data-r12/summary_stats/release/finngen_R12_CD2_BENIGN_RECTUM.gz
CD2_LEIOMYOMA_ENDOMETRIOSIS_EXALLC,Benign leiomyoma with endometriosis (controls excluding all cancers),II Neoplasms from hospital discharges (CD2_),II,6281,206474,https://storage.googleapis.com/finngen-public-data-r12/summary_stats/release/finngen_R12_CD2_LEIOMYOMA_ENDOMETRIOSIS_EXALLC.gz
CD2_BENIGN_LIPO_SKIN_TRUNK,Benign lipomatous neoplasm of skin and subcutaneous tissue of trunk,II Neoplasms from hospital discharges (CD2_),II,5258,495090,https://storage.googleapis.com/finngen-public-data-r12/summary_stats/release/finngen_R12_CD2_BENIGN_LIPO_SKIN_TRUNK.gz
CD2_BENIGN_ENDOCRINE_OTH,Benign neoplasm of other and unspecified endocrine glands,II Neoplasms from hospital discharges (CD2_),II,4928,495420,https://storage.googleapis.com/finngen-public-data-r12/summary_stats/release/finngen_R12_CD2_BENIGN_ENDOCRINE_OTH.gz
CD2_BENIGN_MELANOCYTIC_TRUNK,Melanocytic naevi of trunk,II Neoplasms from hospital discharges (CD2_),II,4762,495586,https://storage.googleapis.com/finngen-public-data-r12/summary_stats/release/finngen_R12_CD2_BENIGN_MELANOCYTIC_TRUNK.gz
CD2_BENIGN_BREAST,Benign neoplasm of breast,II Neoplasms from hospital discharges (CD2_),II,4750,277314,https://storage.googleapis.com/finngen-public-data-r12/summary_stats/release/finngen_R12_CD2_BENIGN_BREAST.gz
CD2_BENIGN_ASCENDING_COLON,Benign neoplasm: Ascending colon,II Neoplasms from hospital discharges (CD2_),II,4736,495612,https://storage.googleapis.com/finngen-public-data-r12/summary_stats/release/finngen_R12_CD2_BENIGN_ASCENDING_COLON.gz
CD2_BENIGN_MOUTH_PHARYNX,Benign neoplasm of mouth and pharynx,II Neoplasms from hospital discharges (CD2_),II,4257,496091,https://storage.googleapis.com/finngen-public-data-r12/summary_stats/release/finngen_R12_CD2_BENIGN_MOUTH_PHARYNX.gz
CD2_BENIGN_CONNECTIVE_SOFT,Other benign neoplasms of connective and other soft tissue,II Neoplasms from hospital discharges (CD2_),II,3937,496411,https://storage.googleapis.com/finngen-public-data-r12/summary_stats/release/finngen_R12_CD2_BENIGN_CONNECTIVE_SOFT.gz
CD2_BENIGN_SALIVARY,Benign neoplasm of major salivary glands,II Neoplasms from hospital discharges (CD2_),II,3739,496609,https://storage.googleapis.com/finngen-public-data-r12/summary_stats/release/finngen_R12_CD2_BENIGN_SALIVARY.gz
CD2_BENIGN_EYE,Benign neoplasm of eye and adnexa,II Neoplasms from hospital discharges (CD2_),II,3735,496613,https://storage.googleapis.com/finngen-public-data-r12/summary_stats/release/finngen_R12_CD2_BENIGN_EYE.gz
CD2_BENIGN_MENINGES,Benign neoplasm of meninges,II Neoplasms from hospital discharges (CD2_),II,3728,496620,https://storage.googleapis.com/finngen-public-data-r12/summary_stats/release/finngen_R12_CD2_BENIGN_MENINGES.gz
CD2_INSITU_CERVIX_UTERI_EXALLC,Carcinoma in situ of cervix uteri (controls excluding all cancers),II Neoplasms from hospital discharges (CD2_),II,3701,219058,https://storage.googleapis.com/finngen-public-data-r12/summary_stats/release/finngen_R12_CD2_INSITU_CERVIX_UTERI_EXALLC.gz
CD2_BENIGN_STOMACH,Benign neoplasm: Stomach,II Neoplasms from hospital discharges (CD2_),II,3603,496745,https://storage.googleapis.com/finngen-public-data-r12/summary_stats/release/finngen_R12_CD2_BENIGN_STOMACH.gz
CD2_BENIGN_CAECUM,Benign neoplasm: Caecum,II Neoplasms from hospital discharges (CD2_),II,3599,496749,https://storage.googleapis.com/finngen-public-data-r12/summary_stats/release/finngen_R12_CD2_BENIGN_CAECUM.gz
CD2_BENIGN_TRANSVERSE_COLON,Benign neoplasm: Transverse colon,II Neoplasms from hospital discharges (CD2_),II,3549,496799,https://storage.googleapis.com/finngen-public-data-r12/summary_stats/release/finngen_R12_CD2_BENIGN_TRANSVERSE_COLON.gz
CD2_NONFOLLICULAR_LYMPHOMA_EXALLC,Non-follicular lymphoma (controls excluding all cancers),II Neoplasms from hospital discharges (CD2_),II,3500,378749,https://storage.googleapis.com/finngen-public-data-r12/summary_stats/release/finngen_R12_CD2_NONFOLLICULAR_LYMPHOMA_EXALLC.gz
CD2_BENIGN_HEAMANGIOMA_LYMPHANGIOMA,"Haemangioma and lymphangioma, any site",II Neoplasms from hospital discharges (CD2_),II,3466,496882,https://storage.googleapis.com/finngen-public-data-r12/summary_stats/release/finngen_R12_CD2_BENIGN_HEAMANGIOMA_LYMPHANGIOMA.gz
CD2_BENIGN_LIPO_NOS,Benign lipomatous neoplasm of other sites/unspecified,II Neoplasms from hospital discharges (CD2_),II,3386,496962,https://storage.googleapis.com/finngen-public-data-r12/summary_stats/release/finngen_R12_CD2_BENIGN_LIPO_NOS.gz
CD2_BENIGN_MENINGES_CEREBRAL,Benign neoplasm: Cerebral meninges,II Neoplasms from hospital discharges (CD2_),II,3353,496995,https://storage.googleapis.com/finngen-public-data-r12/summary_stats/release/finngen_R12_CD2_BENIGN_MENINGES_CEREBRAL.gz
CD2_BENIGN_BONE_CARTILAGE,Benign neoplasm of bone and articular cartilage,II Neoplasms from hospital discharges (CD2_),II,3326,497022,https://storage.googleapis.com/finngen-public-data-r12/summary_stats/release/finngen_R12_CD2_BENIGN_BONE_CARTILAGE.gz
CD2_BENIGN_SALIVARY_KNOWN,"Benign neoplasm: salivary glands, exclude unknown (D119)",II Neoplasms from hospital discharges (CD2_),II,3265,497083,https://storage.googleapis.com/finngen-public-data-r12/summary_stats/release/finngen_R12_CD2_BENIGN_SALIVARY_KNOWN.gz
CD2_BENIGN_HEMANGIOMA,"Haemangioma, any site",II Neoplasms from hospital discharges (CD2_),II,3193,497155,https://storage.googleapis.com/finngen-public-data-r12/summary_stats/release/finngen_R12_CD2_BENIGN_HEMANGIOMA.gz
CD2_BENIGN_MELANOCYTIC_NOS,"Melanocytic naevi, other sites/unspecified",II Neoplasms from hospital discharges (CD2_),II,3038,497310,https://storage.googleapis.com/finngen-public-data-r12/summary_stats/release/finngen_R12_CD2_BENIGN_MELANOCYTIC_NOS.gz
CD2_BENIGN_EAR_RESP,Benign neoplasm of middle ear and respiratory system,II Neoplasms from hospital discharges (CD2_),II,3037,497311,https://storage.googleapis.com/finngen-public-data-r12/summary_stats/release/finngen_R12_CD2_BENIGN_EAR_RESP.gz
CD2_INSITU_BREAST_INTRADUCTAL_EXALLC,"Carcinoma in situ of breast, intraductal (controls excluding all cancers)",II Neoplasms from hospital discharges (CD2_),II,3030,222001,https://storage.googleapis.com/finngen-public-data-r12/summary_stats/release/finngen_R12_CD2_INSITU_BREAST_INTRADUCTAL_EXALLC.gz
CD2_BENIGN_LIPO_SKIN_LIMBS,Benign lipomatous neoplasm of skin and subcutaneous tissue of limbs,II Neoplasms from hospital discharges (CD2_),II,2969,497379,https://storage.googleapis.com/finngen-public-data-r12/summary_stats/release/finngen_R12_CD2_BENIGN_LIPO_SKIN_LIMBS.gz
CD2_BENIGN_PAROTID,Benign neoplasm: Parotid gland,II Neoplasms from hospital discharges (CD2_),II,2911,497437,https://storage.googleapis.com/finngen-public-data-r12/summary_stats/release/finngen_R12_CD2_BENIGN_PAROTID.gz
CD2_INSITU_SKIN_EXALLC,Carcinoma in situ of skin (controls excluding all cancers),II Neoplasms from hospital discharges (CD2_),II,2742,377301,https://storage.googleapis.com/finngen-public-data-r12/summary_stats/release/finngen_R12_CD2_INSITU_SKIN_EXALLC.gz
CD2_BENIGN_ADRENAL,Benign neoplasm: Adrenal gland,II Neoplasms from hospital discharges (CD2_),II,2570,497778,https://storage.googleapis.com/finngen-public-data-r12/summary_stats/release/finngen_R12_CD2_BENIGN_ADRENAL.gz
CD2_BENIGN_BRAIN_CNS,Benign neoplasm of brain and other parts of central nervous system,II Neoplasms from hospital discharges (CD2_),II,2404,497944,https://storage.googleapis.com/finngen-public-data-r12/summary_stats/release/finngen_R12_CD2_BENIGN_BRAIN_CNS.gz
CD2_BENIGN_LIPO_SKIN_HEADFACENECK,"Benign lipomatous neoplasm of skin and subcutaneous tissue of head, face and neck",II Neoplasms from hospital discharges (CD2_),II,2384,497964,https://storage.googleapis.com/finngen-public-data-r12/summary_stats/release/finngen_R12_CD2_BENIGN_LIPO_SKIN_HEADFACENECK.gz
CD2_BENIGN_DESCENDING_COLON,Benign neoplasm: Descending colon,II Neoplasms from hospital discharges (CD2_),II,2286,498062,https://storage.googleapis.com/finngen-public-data-r12/summary_stats/release/finngen_R12_CD2_BENIGN_DESCENDING_COLON.gz
CD2_BENIGN_MELANOCYTIC_FACE,Melanocytic naevi of other and unspecified parts of face,II Neoplasms from hospital discharges (CD2_),II,2250,498098,https://storage.googleapis.com/finngen-public-data-r12/summary_stats/release/finngen_R12_CD2_BENIGN_MELANOCYTIC_FACE.gz
CD2_BENIGN_CHOROID,Benign neoplasm: Choroid,II Neoplasms from hospital discharges (CD2_),II,2024,498324,https://storage.googleapis.com/finngen-public-data-r12/summary_stats/release/finngen_R12_CD2_BENIGN_CHOROID.gz
CD2_LYMPHOID_LEUKAEMIA_EXALLC,Lymphoid leukaemia (controls excluding all cancers),II Neoplasms from hospital discharges (CD2_),II,1945,378749,https://storage.googleapis.com/finngen-public-data-r12/summary_stats/release/finngen_R12_CD2_LYMPHOID_LEUKAEMIA_EXALLC.gz
CD2_BENIGN_PITUITARY_CRANIPHAR,"Benign neoplasm: Pituitary gland, craniopharyngeal duct",II Neoplasms from hospital discharges (CD2_),II,1893,498455,https://storage.googleapis.com/finngen-public-data-r12/summary_stats/release/finngen_R12_CD2_BENIGN_PITUITARY_CRANIPHAR.gz
CD2_BENIGN_UTERUS_OTH,Other benign neoplasms of uterus,II Neoplasms from hospital discharges (CD2_),II,1879,280185,https://storage.googleapis.com/finngen-public-data-r12/summary_stats/release/finngen_R12_CD2_BENIGN_UTERUS_OTH.gz
CD2_BENIGN_CONNSOFT_UPPERLIMB,"Benign neoplasm: Connective and other soft tissue of upper limb, including shoulder",II Neoplasms from hospital discharges (CD2_),II,1651,498697,https://storage.googleapis.com/finngen-public-data-r12/summary_stats/release/finngen_R12_CD2_BENIGN_CONNSOFT_UPPERLIMB.gz
CD2_BENIGN_URINARY,Benign neoplasm of urinary organs,II Neoplasms from hospital discharges (CD2_),II,1603,498745,https://storage.googleapis.com/finngen-public-data-r12/summary_stats/release/finngen_R12_CD2_BENIGN_URINARY.gz
CD2_MULTIPLE_MYELOMA_PLASMA_CELL_EXALLC,Multiple myeloma and malignant plasma cell neoplasms (controls excluding all cancers),II Neoplasms from hospital discharges (CD2_),II,1593,378749,https://storage.googleapis.com/finngen-public-data-r12/summary_stats/release/finngen_R12_CD2_MULTIPLE_MYELOMA_PLASMA_CELL_EXALLC.gz
CD2_BENIGN_MELANOCYTIC_LOWERLIMB,"Melanocytic naevi of lower limb, including hip",II Neoplasms from hospital discharges (CD2_),II,1586,498762,https://storage.googleapis.com/finngen-public-data-r12/summary_stats/release/finngen_R12_CD2_BENIGN_MELANOCYTIC_LOWERLIMB.gz
CD2_BENIGN_FEMALE_GEN_OTH,Benign neoplasm of other and unspecified female genital organs,II Neoplasms from hospital discharges (CD2_),II,1568,280496,https://storage.googleapis.com/finngen-public-data-r12/summary_stats/release/finngen_R12_CD2_BENIGN_FEMALE_GEN_OTH.gz
CD2_NONHODGKIN_NAS_EXALLC,"Other and unspecified types of non-Hodgkin lymphoma, hilmo (controls excluding all cancers)",II Neoplasms from hospital discharges (CD2_),II,1452,378749,https://storage.googleapis.com/finngen-public-data-r12/summary_stats/release/finngen_R12_CD2_NONHODGKIN_NAS_EXALLC.gz
CD2_FOLLICULAR_LYMPHOMA_EXALLC,"Follicular lymphoma, hilmo (controls excluding all cancers)",II Neoplasms from hospital discharges (CD2_),II,1435,378749,https://storage.googleapis.com/finngen-public-data-r12/summary_stats/release/finngen_R12_CD2_FOLLICULAR_LYMPHOMA_EXALLC.gz
CD2_BENIGN_UTERUS_NOS,Other benign neoplasm of uterus: Other parts/unspecified,II Neoplasms from hospital discharges (CD2_),II,1426,280638,https://storage.googleapis.com/finngen-public-data-r12/summary_stats/release/finngen_R12_CD2_BENIGN_UTERUS_NOS.gz
CD2_BENIGN_EAR_NASAL_SINUS,"Benign neoplasm: Middle ear, nasal cavity and accessory sinuses",II Neoplasms from hospital discharges (CD2_),II,1423,498925,https://storage.googleapis.com/finngen-public-data-r12/summary_stats/release/finngen_R12_CD2_BENIGN_EAR_NASAL_SINUS.gz
CD2_BENIGN_RECTOSIGMOID_JUNC,Benign neoplasm: Rectosigmoid junction,II Neoplasms from hospital discharges (CD2_),II,1357,498991,https://storage.googleapis.com/finngen-public-data-r12/summary_stats/release/finngen_R12_CD2_BENIGN_RECTOSIGMOID_JUNC.gz
CD2_BENIGN_SMALL_INTESTINE,Benign neoplasm: Small intestine,II Neoplasms from hospital discharges (CD2_),II,1343,499005,https://storage.googleapis.com/finngen-public-data-r12/summary_stats/release/finngen_R12_CD2_BENIGN_SMALL_INTESTINE.gz
CD2_INSITU_MELANOMA_EXALLC,Melanoma in situ (controls excluding all cancers),II Neoplasms from hospital discharges (CD2_),II,1322,378371,https://storage.googleapis.com/finngen-public-data-r12/summary_stats/release/finngen_R12_CD2_INSITU_MELANOMA_EXALLC.gz
CD2_BENIGN_BONE_LONG_LOWER,Benign neoplasm: Long bones of lower limb,II Neoplasms from hospital discharges (CD2_),II,1215,499133,https://storage.googleapis.com/finngen-public-data-r12/summary_stats/release/finngen_R12_CD2_BENIGN_BONE_LONG_LOWER.gz
CD2_BENIGN_MOUTH_NOS,Benign neoplasm: Other and unspecified parts of mouth,II Neoplasms from hospital discharges (CD2_),II,1202,499146,https://storage.googleapis.com/finngen-public-data-r12/summary_stats/release/finngen_R12_CD2_BENIGN_MOUTH_NOS.gz
CD2_BENIGN_THYROID,Benign neoplasm of thyroid gland,II Neoplasms from hospital discharges (CD2_),II,1184,499164,https://storage.googleapis.com/finngen-public-data-r12/summary_stats/release/finngen_R12_CD2_BENIGN_THYROID.gz
CD2_BENIGN_OTHER_NOS,Benign neoplasm of other and unspecified sites,II Neoplasms from hospital discharges (CD2_),II,1158,499190,https://storage.googleapis.com/finngen-public-data-r12/summary_stats/release/finngen_R12_CD2_BENIGN_OTHER_NOS.gz
CD2_BENIGN_LARYNX,Benign neoplasm: Larynx,II Neoplasms from hospital discharges (CD2_),II,1152,499196,https://storage.googleapis.com/finngen-public-data-r12/summary_stats/release/finngen_R12_CD2_BENIGN_LARYNX.gz
CD2_BENIGN_CONJUNCTIVA,Benign neoplasm: Conjunctiva,II Neoplasms from hospital discharges (CD2_),II,1134,499214,https://storage.googleapis.com/finngen-public-data-r12/summary_stats/release/finngen_R12_CD2_BENIGN_CONJUNCTIVA.gz
CD2_BENIGN_KIDNEY,Benign neoplasm: Kidney,II Neoplasms from hospital discharges (CD2_),II,1133,499215,https://storage.googleapis.com/finngen-public-data-r12/summary_stats/release/finngen_R12_CD2_BENIGN_KIDNEY.gz
CD2_INSITU_BLADDER_EXALLC,"Carcinoma in situ, bladder (controls excluding all cancers)",II Neoplasms from hospital discharges (CD2_),II,1034,378741,https://storage.googleapis.com/finngen-public-data-r12/summary_stats/release/finngen_R12_CD2_INSITU_BLADDER_EXALLC.gz
CD2_HODGKIN_LYMPHOMA_EXALLC,"Hodgkin lymphoma, hilmo (controls excluding all cancers)",II Neoplasms from hospital discharges (CD2_),II,1033,378749,https://storage.googleapis.com/finngen-public-data-r12/summary_stats/release/finngen_R12_CD2_HODGKIN_LYMPHOMA_EXALLC.gz
CD2_BENIGN_CRANIAL_NERVE,Benign neoplasm: Cranial nerves,II Neoplasms from hospital discharges (CD2_),II,984,499364,https://storage.googleapis.com/finngen-public-data-r12/summary_stats/release/finngen_R12_CD2_BENIGN_CRANIAL_NERVE.gz
CD2_BENIGN_SALIVARY_NOS,Benign neoplasm: other/unspecified salivary gland,II Neoplasms from hospital discharges (CD2_),II,975,499373,https://storage.googleapis.com/finngen-public-data-r12/summary_stats/release/finngen_R12_CD2_BENIGN_SALIVARY_NOS.gz
CD2_BENIGN_ANUS_ANAL_CANAL,Benign neoplasm: Anus and anal canal,II Neoplasms from hospital discharges (CD2_),II,973,499375,https://storage.googleapis.com/finngen-public-data-r12/summary_stats/release/finngen_R12_CD2_BENIGN_ANUS_ANAL_CANAL.gz
CD2_BENIGN_TONGUE,Benign neoplasm: Tongue,II Neoplasms from hospital discharges (CD2_),II,949,499399,https://storage.googleapis.com/finngen-public-data-r12/summary_stats/release/finngen_R12_CD2_BENIGN_TONGUE.gz
CD2_BENIGN_MELANOCYTIC_SCALPNECK,Melanocytic naevi of scalp and neck,II Neoplasms from hospital discharges (CD2_),II,878,499470,https://storage.googleapis.com/finngen-public-data-r12/summary_stats/release/finngen_R12_CD2_BENIGN_MELANOCYTIC_SCALPNECK.gz
CD2_BENIGN_LIVE_BILE,Benign neoplasm: Liver/bile ducts,II Neoplasms from hospital discharges (CD2_),II,862,499486,https://storage.googleapis.com/finngen-public-data-r12/summary_stats/release/finngen_R12_CD2_BENIGN_LIVE_BILE.gz
CD2_MYELOID_LEUKAEMIA_EXALLC,Myeloid leukaemia (controls excluding all cancers),II Neoplasms from hospital discharges (CD2_),II,855,378749,https://storage.googleapis.com/finngen-public-data-r12/summary_stats/release/finngen_R12_CD2_MYELOID_LEUKAEMIA_EXALLC.gz
CD2_BENIGN_PANCREAS,Benign neoplasm: Pancreas,II Neoplasms from hospital discharges (CD2_),II,841,499507,https://storage.googleapis.com/finngen-public-data-r12/summary_stats/release/finngen_R12_CD2_BENIGN_PANCREAS.gz
CD2_BENIGN_DUODENUM,Benign neoplasm: Duodenum,II Neoplasms from hospital discharges (CD2_),II,834,499514,https://storage.googleapis.com/finngen-public-data-r12/summary_stats/release/finngen_R12_CD2_BENIGN_DUODENUM.gz
CD2_BENIGN_MELANOCYTIC_UPPERLIMB,"Melanocytic naevi of upper limb, including shoulder",II Neoplasms from hospital discharges (CD2_),II,802,499546,https://storage.googleapis.com/finngen-public-data-r12/summary_stats/release/finngen_R12_CD2_BENIGN_MELANOCYTIC_UPPERLIMB.gz
CD2_BENIGN_LIVER,Benign neoplasm: Liver,II Neoplasms from hospital discharges (CD2_),II,768,499580,https://storage.googleapis.com/finngen-public-data-r12/summary_stats/release/finngen_R12_CD2_BENIGN_LIVER.gz
CD2_BENIGN_LIP,Benign neoplasm: Lip,II Neoplasms from hospital discharges (CD2_),II,743,499605,https://storage.googleapis.com/finngen-public-data-r12/summary_stats/release/finngen_R12_CD2_BENIGN_LIP.gz
CD2_BENIGN_VAGINA,Benign neoplasm: Vulva,II Neoplasms from hospital discharges (CD2_),II,731,281333,https://storage.googleapis.com/finngen-public-data-r12/summary_stats/release/finngen_R12_CD2_BENIGN_VAGINA.gz
CD2_BENIGN_MALE_GEN,Benign neoplasm of male genital organs,II Neoplasms from hospital discharges (CD2_),II,717,217567,https://storage.googleapis.com/finngen-public-data-r12/summary_stats/release/finngen_R12_CD2_BENIGN_MALE_GEN.gz
CD2_BENIGN_BRAIN_SUPRATENT,"Benign neoplasm: Brain, supratentorial",II Neoplasms from hospital discharges (CD2_),II,569,499779,https://storage.googleapis.com/finngen-public-data-r12/summary_stats/release/finngen_R12_CD2_BENIGN_BRAIN_SUPRATENT.gz
CD2_BENIGN_NOS,Benign neoplasm: Other/unspecified site,II Neoplasms from hospital discharges (CD2_),II,551,499797,https://storage.googleapis.com/finngen-public-data-r12/summary_stats/release/finngen_R12_CD2_BENIGN_NOS.gz
CD2_BENIGN_BONE_SHORT_UPPER,Benign neoplasm: Short bones of upper limb,II Neoplasms from hospital discharges (CD2_),II,550,499798,https://storage.googleapis.com/finngen-public-data-r12/summary_stats/release/finngen_R12_CD2_BENIGN_BONE_SHORT_UPPER.gz
CD2_BENIGN_MENINGES_NOS,"Beningn neoplasm: Meninges, unspecified",II Neoplasms from hospital discharges (CD2_),II,540,499808,https://storage.googleapis.com/finngen-public-data-r12/summary_stats/release/finngen_R12_CD2_BENIGN_MENINGES_NOS.gz
CD2_BENIGN_SMALL_INTESTINE_OTH,Benign neoplasm: Other and unspecified parts of small intestine,II Neoplasms from hospital discharges (CD2_),II,535,499813,https://storage.googleapis.com/finngen-public-data-r12/summary_stats/release/finngen_R12_CD2_BENIGN_SMALL_INTESTINE_OTH.gz
CD2_BENIGN_PERIPH_AUTO_NEURO,Benign neoplasm: Peripheral nerves and autonomic nervous system,II Neoplasms from hospital discharges (CD2_),II,527,499821,https://storage.googleapis.com/finngen-public-data-r12/summary_stats/release/finngen_R12_CD2_BENIGN_PERIPH_AUTO_NEURO.gz
C3_CANCER_EXALLC,"Malignant neoplasm, excluding all cancers (controls excluding all cancers)","II Neoplasms, from cancer register (ICD-O-3)",II,121495,378749,https://storage.googleapis.com/finngen-public-data-r12/summary_stats/release/finngen_R12_C3_CANCER_EXALLC.gz
C3_SKIN_EXALLC,"Malignant neoplasm of skin, excluding all cancers (controls excluding all cancers)","II Neoplasms, from cancer register (ICD-O-3)",II,34177,378749,https://storage.googleapis.com/finngen-public-data-r12/summary_stats/release/finngen_R12_C3_SKIN_EXALLC.gz
C3_OTHER_SKIN_EXALLC,"Other malignant neoplasms of skin (=non-melanoma skin cancer), excluding all cancers (controls excluding all cancers)","II Neoplasms, from cancer register (ICD-O-3)",II,28424,378749,https://storage.googleapis.com/finngen-public-data-r12/summary_stats/release/finngen_R12_C3_OTHER_SKIN_EXALLC.gz
C3_BASAL_CELL_CARCINOMA_INCLAVO_EXALLC,"Basal cell carcinoma, including avohilmo, excluding all cancers (controls excluding all cancers)","II Neoplasms, from cancer register (ICD-O-3)",II,27001,378270,https://storage.googleapis.com/finngen-public-data-r12/summary_stats/release/finngen_R12_C3_BASAL_CELL_CARCINOMA_INCLAVO_EXALLC.gz
C3_BASAL_CELL_CARCINOMA_EXALLC,"Basal cell carcinoma, excluding all cancers (controls excluding all cancers)","II Neoplasms, from cancer register (ICD-O-3)",II,26272,378749,https://storage.googleapis.com/finngen-public-data-r12/summary_stats/release/finngen_R12_C3_BASAL_CELL_CARCINOMA_EXALLC.gz
C3_BREAST_EXALLC,"Malignant neoplasm of breast, excluding all cancers (controls excluding all cancers)","II Neoplasms, from cancer register (ICD-O-3)",II,24270,222078,https://storage.googleapis.com/finngen-public-data-r12/summary_stats/release/finngen_R12_C3_BREAST_EXALLC.gz
C3_PROSTATE_EXALLC,"Malignant neoplasm of prostate, excluding all cancers (controls excluding all cancers)","II Neoplasms, from cancer register (ICD-O-3)",II,20368,156671,https://storage.googleapis.com/finngen-public-data-r12/summary_stats/release/finngen_R12_C3_PROSTATE_EXALLC.gz
C3_BREAST_ERPLUS_EXALLC,"Malignant neoplasm of breast, ER-positive, excluding all cancers (controls excluding all cancers)","II Neoplasms, from cancer register (ICD-O-3)",II,14540,221705,https://storage.googleapis.com/finngen-public-data-r12/summary_stats/release/finngen_R12_C3_BREAST_ERPLUS_EXALLC.gz
C3_COLORECTAL_EXALLC,"Colorectal cancer, excluding all cancers (controls excluding all cancers)","II Neoplasms, from cancer register (ICD-O-3)",II,11790,378749,https://storage.googleapis.com/finngen-public-data-r12/summary_stats/release/finngen_R12_C3_COLORECTAL_EXALLC.gz
C3_BREAST_ERNEG_EXALLC,"Malignant neoplasm of breast, ER-negative, excluding all cancers (controls excluding all cancers)","II Neoplasms, from cancer register (ICD-O-3)",II,9724,221705,https://storage.googleapis.com/finngen-public-data-r12/summary_stats/release/finngen_R12_C3_BREAST_ERNEG_EXALLC.gz
C3_BRONCHUS_LUNG_EXALLC,"Malignant neoplasm of bronchus and lung, excluding all cancers (controls excluding all cancers)","II Neoplasms, from cancer register (ICD-O-3)",II,9639,378749,https://storage.googleapis.com/finngen-public-data-r12/summary_stats/release/finngen_R12_C3_BRONCHUS_LUNG_EXALLC.gz
C3_COLORECTAL_ADENO_EXALLC,"Colorectal adenocarcinoma, excluding all cancers (controls excluding all cancers)","II Neoplasms, from cancer register (ICD-O-3)",II,7876,378749,https://storage.googleapis.com/finngen-public-data-r12/summary_stats/release/finngen_R12_C3_COLORECTAL_ADENO_EXALLC.gz
C3_COLON_EXALLC,"Malignant neoplasm of colon, excluding all cancers (controls excluding all cancers)","II Neoplasms, from cancer register (ICD-O-3)",II,7698,378749,https://storage.googleapis.com/finngen-public-data-r12/summary_stats/release/finngen_R12_C3_COLON_EXALLC.gz
C3_MELANOMA_EXALLC,"Malignant melanoma, excluding all cancers (controls excluding all cancers)","II Neoplasms, from cancer register (ICD-O-3)",II,6925,378368,https://storage.googleapis.com/finngen-public-data-r12/summary_stats/release/finngen_R12_C3_MELANOMA_EXALLC.gz
C3_LUNG_NONSMALL_EXALLC,"Non-small cell lung cancer, excluding all cancers (controls excluding all cancers)","II Neoplasms, from cancer register (ICD-O-3)",II,6446,378749,https://storage.googleapis.com/finngen-public-data-r12/summary_stats/release/finngen_R12_C3_LUNG_NONSMALL_EXALLC.gz
C3_MELANOMA_SKIN_EXALLC,"Malignant melanoma of skin, excluding all cancers (controls excluding all cancers)","II Neoplasms, from cancer register (ICD-O-3)",II,5753,378749,https://storage.googleapis.com/finngen-public-data-r12/summary_stats/release/finngen_R12_C3_MELANOMA_SKIN_EXALLC.gz
C3_NONHODGKIN_EXALLC,"Non-Hodgkin lymphoma, all, excluding all cancers (controls excluding all cancers)","II Neoplasms, from cancer register (ICD-O-3)",II,5225,378749,https://storage.googleapis.com/finngen-public-data-r12/summary_stats/release/finngen_R12_C3_NONHODGKIN_EXALLC.gz
C3_BLADDER_EXALLC,"Malignant neoplasm of bladder, excluding all cancers (controls excluding all cancers)","II Neoplasms, from cancer register (ICD-O-3)",II,4852,378749,https://storage.googleapis.com/finngen-public-data-r12/summary_stats/release/finngen_R12_C3_BLADDER_EXALLC.gz
C3_RECTUM_EXALLC,"Malignant neoplasm of rectum, excluding all cancers (controls excluding all cancers)","II Neoplasms, from cancer register (ICD-O-3)",II,4844,378749,https://storage.googleapis.com/finngen-public-data-r12/summary_stats/release/finngen_R12_C3_RECTUM_EXALLC.gz
C3_SQUOMOUS_CELL_CARCINOMA_SKIN_EXALLC,"Squamous cell neoplasms and carcinomas of the skin, excluding all cancers (controls excluding all cancers)","II Neoplasms, from cancer register (ICD-O-3)",II,4663,378749,https://storage.googleapis.com/finngen-public-data-r12/summary_stats/release/finngen_R12_C3_SQUOMOUS_CELL_CARCINOMA_SKIN_EXALLC.gz
C3_URINARY_TRACT_EXALLC,"Malignant neoplasm of urinary organs, excluding all cancers (controls excluding all cancers)","II Neoplasms, from cancer register (ICD-O-3)",II,4535,378749,https://storage.googleapis.com/finngen-public-data-r12/summary_stats/release/finngen_R12_C3_URINARY_TRACT_EXALLC.gz
C3_COLON_ADENO_EXALLC,"Colon adenocarcinoma, excluding all cancers (controls excluding all cancers)","II Neoplasms, from cancer register (ICD-O-3)",II,4478,378749,https://storage.googleapis.com/finngen-public-data-r12/summary_stats/release/finngen_R12_C3_COLON_ADENO_EXALLC.gz
C3_HEAD_AND_NECK_EXALLC,"Malignant neoplasm of head and neck, excluding all cancers (controls excluding all cancers)","II Neoplasms, from cancer register (ICD-O-3)",II,3942,378749,https://storage.googleapis.com/finngen-public-data-r12/summary_stats/release/finngen_R12_C3_HEAD_AND_NECK_EXALLC.gz
C3_KIDNEY_NOTRENALPELVIS_EXALLC,"Malignant neoplasm of kidney, except renal pelvis, excluding all cancers (controls excluding all cancers)","II Neoplasms, from cancer register (ICD-O-3)",II,3926,378749,https://storage.googleapis.com/finngen-public-data-r12/summary_stats/release/finngen_R12_C3_KIDNEY_NOTRENALPELVIS_EXALLC.gz
C3_RECTUM_ADENO_MUCINO_EXALLC,"Adenocarcinoma, papilloma adenocarcinoma and mucinous carcinomas of rectum, excluding all cancers (controls excluding all cancers)","II Neoplasms, from cancer register (ICD-O-3)",II,3768,378749,https://storage.googleapis.com/finngen-public-data-r12/summary_stats/release/finngen_R12_C3_RECTUM_ADENO_MUCINO_EXALLC.gz
C3_CORPUS_UTERI_EXALLC,"Malignant neoplasm of corpus uteri, excluding all cancers (controls excluding all cancers)","II Neoplasms, from cancer register (ICD-O-3)",II,3490,222078,https://storage.googleapis.com/finngen-public-data-r12/summary_stats/release/finngen_R12_C3_CORPUS_UTERI_EXALLC.gz
C3_RECTUM_ADENO,Adenocarcinoma and papilloma adenocarcinoma of rectum,"II Neoplasms, from cancer register (ICD-O-3)",II,3461,496887,https://storage.googleapis.com/finngen-public-data-r12/summary_stats/release/finngen_R12_C3_RECTUM_ADENO.gz
C3_PANCREAS_EXALLC,"Malignant neoplasm of pancreas, excluding all cancers (controls excluding all cancers)","II Neoplasms, from cancer register (ICD-O-3)",II,3139,378749,https://storage.googleapis.com/finngen-public-data-r12/summary_stats/release/finngen_R12_C3_PANCREAS_EXALLC.gz
C3_MYELOMA_MONOCLONAL_EXALLC,"Multiple myeloma, Monoclonal gammopathy of undetermined significance (MGUS), excluding all cancers (controls excluding all cancers)","II Neoplasms, from cancer register (ICD-O-3)",II,2951,377997,https://storage.googleapis.com/finngen-public-data-r12/summary_stats/release/finngen_R12_C3_MYELOMA_MONOCLONAL_EXALLC.gz
C3_THYROID_GLAND_EXALLC,"Malignant neoplasm of thyroid gland, excluding all cancers (controls excluding all cancers)","II Neoplasms, from cancer register (ICD-O-3)",II,2859,378749,https://storage.googleapis.com/finngen-public-data-r12/summary_stats/release/finngen_R12_C3_THYROID_GLAND_EXALLC.gz
C3_THYROID_PAPILLARY_ADENO_EXALLC,"Papillary adenocarcinoma of thyroid gland, excluding all cancers (controls excluding all cancers)","II Neoplasms, from cancer register (ICD-O-3)",II,2400,378749,https://storage.googleapis.com/finngen-public-data-r12/summary_stats/release/finngen_R12_C3_THYROID_PAPILLARY_ADENO_EXALLC.gz
C3_OVARY_EXALLC,"Malignant neoplasm of ovary, excluding all cancers (controls excluding all cancers)","II Neoplasms, from cancer register (ICD-O-3)",II,2339,222078,https://storage.googleapis.com/finngen-public-data-r12/summary_stats/release/finngen_R12_C3_OVARY_EXALLC.gz
C3_BILIARY_GALLBLADDER_EXALLC,"Malignant neoplasm of intrahepatic ducts, biliary tract and gallbladder, excluding all cancers (controls excluding all cancers)","II Neoplasms, from cancer register (ICD-O-3)",II,2298,378749,https://storage.googleapis.com/finngen-public-data-r12/summary_stats/release/finngen_R12_C3_BILIARY_GALLBLADDER_EXALLC.gz
C3_STOMACH_EXALLC,"Malignant neoplasm of stomach, excluding all cancers (controls excluding all cancers)","II Neoplasms, from cancer register (ICD-O-3)",II,2296,378749,https://storage.googleapis.com/finngen-public-data-r12/summary_stats/release/finngen_R12_C3_STOMACH_EXALLC.gz
C3_NSCLC_ADENO_EXALLC,"Non-small cell lung cancer, adenocarcinoma, excluding all cancers (controls excluding all cancers)","II Neoplasms, from cancer register (ICD-O-3)",II,2219,378749,https://storage.googleapis.com/finngen-public-data-r12/summary_stats/release/finngen_R12_C3_NSCLC_ADENO_EXALLC.gz
C3_NSCLC_SQUAM_EXALLC,"Non-small cell lung cancer, squamous, excluding all cancers (controls excluding all cancers)","II Neoplasms, from cancer register (ICD-O-3)",II,1898,378749,https://storage.googleapis.com/finngen-public-data-r12/summary_stats/release/finngen_R12_C3_NSCLC_SQUAM_EXALLC.gz
C3_BRAIN_EXALLC,"Malignant neoplasm of brain, excluding all cancers (controls excluding all cancers)","II Neoplasms, from cancer register (ICD-O-3)",II,1894,378749,https://storage.googleapis.com/finngen-public-data-r12/summary_stats/release/finngen_R12_C3_BRAIN_EXALLC.gz
C3_MENINGIOMA_EXALLC,"Brain meningioma, excluding all cancers (controls excluding all cancers)","II Neoplasms, from cancer register (ICD-O-3)",II,1835,377674,https://storage.googleapis.com/finngen-public-data-r12/summary_stats/release/finngen_R12_C3_MENINGIOMA_EXALLC.gz
C3_ORALCAVITY_EXALLC,"Malignant neoplasm of oral cavity, excluding all cancers (controls excluding all cancers)","II Neoplasms, from cancer register (ICD-O-3)",II,1614,378749,https://storage.googleapis.com/finngen-public-data-r12/summary_stats/release/finngen_R12_C3_ORALCAVITY_EXALLC.gz
C3_MULT_MYELOMA_EXALLC,"Multiple myeloma, excluding all cancers (controls excluding all cancers)","II Neoplasms, from cancer register (ICD-O-3)",II,1608,378739,https://storage.googleapis.com/finngen-public-data-r12/summary_stats/release/finngen_R12_C3_MULT_MYELOMA_EXALLC.gz
C3_DLBCL_EXALLC,"Diffuse large B-cell lymphoma, excluding all cancers (controls excluding all cancers)","II Neoplasms, from cancer register (ICD-O-3)",II,1505,378749,https://storage.googleapis.com/finngen-public-data-r12/summary_stats/release/finngen_R12_C3_DLBCL_EXALLC.gz
C3_KIDNEY_CLEAR_CELL_CARCINOMA_EXALLC,"Clear cell adenocarcinoma of kidney, excluding all cancers (controls excluding all cancers)","II Neoplasms, from cancer register (ICD-O-3)",II,1499,378749,https://storage.googleapis.com/finngen-public-data-r12/summary_stats/release/finngen_R12_C3_KIDNEY_CLEAR_CELL_CARCINOMA_EXALLC.gz
C3_OESOPHAGUS_EXALLC,"Malignant neoplasm of oesophagus, excluding all cancers (controls excluding all cancers)","II Neoplasms, from cancer register (ICD-O-3)",II,1277,378749,https://storage.googleapis.com/finngen-public-data-r12/summary_stats/release/finngen_R12_C3_OESOPHAGUS_EXALLC.gz
C3_AML_MDS_EXALLC,"Acute myeloid leukaemia and myelodysplastic syndromes, excluding all cancers (controls excluding all cancers)","II Neoplasms, from cancer register (ICD-O-3)",II,1249,378296,https://storage.googleapis.com/finngen-public-data-r12/summary_stats/release/finngen_R12_C3_AML_MDS_EXALLC.gz
C3_OVARY_SEROUS_EXALLC,"Serous carcinoma of ovary, excluding all cancers (controls excluding all cancers)","II Neoplasms, from cancer register (ICD-O-3)",II,1135,222078,https://storage.googleapis.com/finngen-public-data-r12/summary_stats/release/finngen_R12_C3_OVARY_SEROUS_EXALLC.gz
C3_PANCREAS_ADENO_DUCTAL_EXALLC,"Adenocarcinoma and ductal carcinoma of pancreas, excluding all cancers (controls excluding all cancers)","II Neoplasms, from cancer register (ICD-O-3)",II,1130,378749,https://storage.googleapis.com/finngen-public-data-r12/summary_stats/release/finngen_R12_C3_PANCREAS_ADENO_DUCTAL_EXALLC.gz
C3_CIRCULATING_LYMPHOID,Rare circulating lymphoid malignancy,"II Neoplasms, from cancer register (ICD-O-3)",II,1044,499304,https://storage.googleapis.com/finngen-public-data-r12/summary_stats/release/finngen_R12_C3_CIRCULATING_LYMPHOID.gz
C3_CIRCULATING_LYMPHOID_EXALLC,"Rare circulating lymphoid malignancy, excluding all cancers (controls excluding all cancers)","II Neoplasms, from cancer register (ICD-O-3)",II,1044,378749,https://storage.googleapis.com/finngen-public-data-r12/summary_stats/release/finngen_R12_C3_CIRCULATING_LYMPHOID_EXALLC.gz
C3_SMALL_INTESTINE_EXALLC,"Malignant neoplasm of small intestine, excluding all cancers (controls excluding all cancers)","II Neoplasms, from cancer register (ICD-O-3)",II,1034,378749,https://storage.googleapis.com/finngen-public-data-r12/summary_stats/release/finngen_R12_C3_SMALL_INTESTINE_EXALLC.gz
C3_STOMACH_ADENO_EXALLC,"Adenocarcinoma and papillary adenocarcinoma of stomach, excluding all cancers (controls excluding all cancers)","II Neoplasms, from cancer register (ICD-O-3)",II,1023,378749,https://storage.googleapis.com/finngen-public-data-r12/summary_stats/release/finngen_R12_C3_STOMACH_ADENO_EXALLC.gz
C3_MYELODYSP_SYNDR_EXALLC,"Myelodysplastic syndrome, excluding all cancers (controls excluding all cancers)","II Neoplasms, from cancer register (ICD-O-3)",II,979,378296,https://storage.googleapis.com/finngen-public-data-r12/summary_stats/release/finngen_R12_C3_MYELODYSP_SYNDR_EXALLC.gz
C3_HEPATOCELLU_CARC_EXALLC,"Hepatocellular carcinoma, excluding all cancers (controls excluding all cancers)","II Neoplasms, from cancer register (ICD-O-3)",II,947,378749,https://storage.googleapis.com/finngen-public-data-r12/summary_stats/release/finngen_R12_C3_HEPATOCELLU_CARC_EXALLC.gz
C3_CLL_EXALLC,"Chronic lymphocytic leukaemia and small lyphocytis leukaemia, excluding all cancers (controls excluding all cancers)","II Neoplasms, from cancer register (ICD-O-3)",II,935,378742,https://storage.googleapis.com/finngen-public-data-r12/summary_stats/release/finngen_R12_C3_CLL_EXALLC.gz
C3_SCLC_EXALLC,"Small cell lung cancer, excluding all cancers (controls excluding all cancers)","II Neoplasms, from cancer register (ICD-O-3)",II,909,378749,https://storage.googleapis.com/finngen-public-data-r12/summary_stats/release/finngen_R12_C3_SCLC_EXALLC.gz
C3_CERVIX_UTERI_EXALLC,"Malignant neoplasm of cervix uteri, excluding all cancers (controls excluding all cancers)","II Neoplasms, from cancer register (ICD-O-3)",II,878,222078,https://storage.googleapis.com/finngen-public-data-r12/summary_stats/release/finngen_R12_C3_CERVIX_UTERI_EXALLC.gz
C3_MYELOMA_MONOCLONAL,"Multiple myeloma, Monoclonal gammopathy of undetermined significance (MGUS)","II Neoplasms, from cancer register (ICD-O-3)",II,831,499517,https://storage.googleapis.com/finngen-public-data-r12/summary_stats/release/finngen_R12_C3_MYELOMA_MONOCLONAL.gz
C3_TONSIL_BASETONGUE_EXALLC,"Malignant cancer of tonsil and base of tongue, excluding all cancers (controls excluding all cancers)","II Neoplasms, from cancer register (ICD-O-3)",II,813,378749,https://storage.googleapis.com/finngen-public-data-r12/summary_stats/release/finngen_R12_C3_TONSIL_BASETONGUE_EXALLC.gz
C3_TESTIS_EXALLC,"Malignant neoplasm of testis, excluding all cancers (controls excluding all cancers)","II Neoplasms, from cancer register (ICD-O-3)",II,687,156671,https://storage.googleapis.com/finngen-public-data-r12/summary_stats/release/finngen_R12_C3_TESTIS_EXALLC.gz
C3_BONE_CARTILAGE_EXALLC,"Malignant neoplasm of bone and articular cartilage, excluding all cancers (controls excluding all cancers)","II Neoplasms, from cancer register (ICD-O-3)",II,648,378749,https://storage.googleapis.com/finngen-public-data-r12/summary_stats/release/finngen_R12_C3_BONE_CARTILAGE_EXALLC.gz
C3_AML_MDS,Acute myeloid leukaemia and myelodysplastic syndromes,"II Neoplasms, from cancer register (ICD-O-3)",II,602,499746,https://storage.googleapis.com/finngen-public-data-r12/summary_stats/release/finngen_R12_C3_AML_MDS.gz
C3_EYE_ADNEXA_EXALLC,"Malignant neoplasm of eye and adnexa, excluding all cancers (controls excluding all cancers)","II Neoplasms, from cancer register (ICD-O-3)",II,554,378749,https://storage.googleapis.com/finngen-public-data-r12/summary_stats/release/finngen_R12_C3_EYE_ADNEXA_EXALLC.gz
C3_GBM_ASTROCYTOMA_EXALLC,"Brain glioblastoma and astrocytoma, excluding all cancers (controls excluding all cancers)","II Neoplasms, from cancer register (ICD-O-3)",II,544,378749,https://storage.googleapis.com/finngen-public-data-r12/summary_stats/release/finngen_R12_C3_GBM_ASTROCYTOMA_EXALLC.gz
C3_MARGINAL_ZONE_LYMPHOMA_EXALLC,"Marginal zone B-cell lymphoma, excluding all cancers (controls excluding all cancers)","II Neoplasms, from cancer register (ICD-O-3)",II,513,378749,https://storage.googleapis.com/finngen-public-data-r12/summary_stats/release/finngen_R12_C3_MARGINAL_ZONE_LYMPHOMA_EXALLC.gz
D3_ANAEMIA,Anaemias,III Diseases of the blood and blood-forming organs and certain disorders involving the immune mechanism (D3_),III,37924,111976,https://storage.googleapis.com/finngen-public-data-r12/summary_stats/release/finngen_R12_D3_ANAEMIA.gz
D3_ANAEMIA_IRONDEF,Iron deficiency anaemia,III Diseases of the blood and blood-forming organs and certain disorders involving the immune mechanism (D3_),III,19321,477015,https://storage.googleapis.com/finngen-public-data-r12/summary_stats/release/finngen_R12_D3_ANAEMIA_IRONDEF.gz
D3_ANAEMIANAS,Other and unspecified anaemias,III Diseases of the blood and blood-forming organs and certain disorders involving the immune mechanism (D3_),III,18961,479581,https://storage.googleapis.com/finngen-public-data-r12/summary_stats/release/finngen_R12_D3_ANAEMIANAS.gz
D3_ANAEMIA_IRONDEF_NAS,Other and unspecified iron deficiency,III Diseases of the blood and blood-forming organs and certain disorders involving the immune mechanism (D3_),III,14595,477015,https://storage.googleapis.com/finngen-public-data-r12/summary_stats/release/finngen_R12_D3_ANAEMIA_IRONDEF_NAS.gz
D3_BLOODOTHER,"Other diseases of blood and blood-forming organs, wide",III Diseases of the blood and blood-forming organs and certain disorders involving the immune mechanism (D3_),III,9124,491224,https://storage.googleapis.com/finngen-public-data-r12/summary_stats/release/finngen_R12_D3_BLOODOTHER.gz
D3_COAGDEF_PURPUR_HAEMORRHAGIC,"Coagulation defects, purpura and other haemorrhagic conditions",III Diseases of the blood and blood-forming organs and certain disorders involving the immune mechanism (D3_),III,8073,492275,https://storage.googleapis.com/finngen-public-data-r12/summary_stats/release/finngen_R12_D3_COAGDEF_PURPUR_HAEMORRHAGIC.gz
D3_IMMUNEMECHANISM,Certain disorders involving the immune mechanism,III Diseases of the blood and blood-forming organs and certain disorders involving the immune mechanism (D3_),III,8037,492311,https://storage.googleapis.com/finngen-public-data-r12/summary_stats/release/finngen_R12_D3_IMMUNEMECHANISM.gz
D3_ANAEMIA_IRONDEF_BLOODLOSS,Iron deficiency anaemia secondary to blood loss (chronic),III Diseases of the blood and blood-forming organs and certain disorders involving the immune mechanism (D3_),III,6667,477015,https://storage.googleapis.com/finngen-public-data-r12/summary_stats/release/finngen_R12_D3_ANAEMIA_IRONDEF_BLOODLOSS.gz
D3_SARCOIDOSIS,Sarcoidosis,III Diseases of the blood and blood-forming organs and certain disorders involving the immune mechanism (D3_),III,5411,492311,https://storage.googleapis.com/finngen-public-data-r12/summary_stats/release/finngen_R12_D3_SARCOIDOSIS.gz
D3_PURPURA_AND3_OTHER_HAEMORRHAGIC,Purpura and other haemorrhagic conditions,III Diseases of the blood and blood-forming organs and certain disorders involving the immune mechanism (D3_),III,5340,492275,https://storage.googleapis.com/finngen-public-data-r12/summary_stats/release/finngen_R12_D3_PURPURA_AND3_OTHER_HAEMORRHAGIC.gz
D3_ANAEMIA_B12_DEF,Vitamin B12 deficiency anaemia,III Diseases of the blood and blood-forming organs and certain disorders involving the immune mechanism (D3_),III,4426,477015,https://storage.googleapis.com/finngen-public-data-r12/summary_stats/release/finngen_R12_D3_ANAEMIA_B12_DEF.gz
D3_AGRANULOCYTOSIS,Agranulocytosis,III Diseases of the blood and blood-forming organs and certain disorders involving the immune mechanism (D3_),III,4238,491224,https://storage.googleapis.com/finngen-public-data-r12/summary_stats/release/finngen_R12_D3_AGRANULOCYTOSIS.gz
D3_COAGOTHER,Other coagulation defects,III Diseases of the blood and blood-forming organs and certain disorders involving the immune mechanism (D3_),III,2769,492275,https://storage.googleapis.com/finngen-public-data-r12/summary_stats/release/finngen_R12_D3_COAGOTHER.gz
D3_THROMBOCYTOPENIANAS,"Thrombocytopenia, unspecified",III Diseases of the blood and blood-forming organs and certain disorders involving the immune mechanism (D3_),III,2567,492275,https://storage.googleapis.com/finngen-public-data-r12/summary_stats/release/finngen_R12_D3_THROMBOCYTOPENIANAS.gz
DRUGADVERS_NEUTROPENIA,Drug-induced neutropenia,III Diseases of the blood and blood-forming organs and certain disorders involving the immune mechanism (D3_),III,2547,497801,https://storage.googleapis.com/finngen-public-data-r12/summary_stats/release/finngen_R12_DRUGADVERS_NEUTROPENIA.gz
D3_OTHERBLOOD,Other diseases of blood and blood-forming organs,III Diseases of the blood and blood-forming organs and certain disorders involving the immune mechanism (D3_),III,2517,491224,https://storage.googleapis.com/finngen-public-data-r12/summary_stats/release/finngen_R12_D3_OTHERBLOOD.gz
D3_OTHERWHITECELL,Other disorders of white blood cells,III Diseases of the blood and blood-forming organs and certain disorders involving the immune mechanism (D3_),III,1966,491224,https://storage.googleapis.com/finngen-public-data-r12/summary_stats/release/finngen_R12_D3_OTHERWHITECELL.gz
D3_COAGDEFNAS,Other and unspecified coagulation defects,III Diseases of the blood and blood-forming organs and certain disorders involving the immune mechanism (D3_),III,1786,492275,https://storage.googleapis.com/finngen-public-data-r12/summary_stats/release/finngen_R12_D3_COAGDEFNAS.gz
D3_IMMUDEF,Immunodeficiencies,III Diseases of the blood and blood-forming organs and certain disorders involving the immune mechanism (D3_),III,1747,498601,https://storage.googleapis.com/finngen-public-data-r12/summary_stats/release/finngen_R12_D3_IMMUDEF.gz
D3_WHITEBLOODCELLNAS,Other and unspecified disorders of white blood cells,III Diseases of the blood and blood-forming organs and certain disorders involving the immune mechanism (D3_),III,1414,491224,https://storage.googleapis.com/finngen-public-data-r12/summary_stats/release/finngen_R12_D3_WHITEBLOODCELLNAS.gz
D3_ACUTEPOSTBLEEDANAEMIA,Acute posthaemorrhagic anaemia,III Diseases of the blood and blood-forming organs and certain disorders involving the immune mechanism (D3_),III,1295,479581,https://storage.googleapis.com/finngen-public-data-r12/summary_stats/release/finngen_R12_D3_ACUTEPOSTBLEEDANAEMIA.gz
D3_ALLERGPURPURA,Allergic purpura,III Diseases of the blood and blood-forming organs and certain disorders involving the immune mechanism (D3_),III,1140,492275,https://storage.googleapis.com/finngen-public-data-r12/summary_stats/release/finngen_R12_D3_ALLERGPURPURA.gz
D3_HAEMOLYTICANAEMIA,Haemolytic anaemias,III Diseases of the blood and blood-forming organs and certain disorders involving the immune mechanism (D3_),III,1118,499230,https://storage.googleapis.com/finngen-public-data-r12/summary_stats/release/finngen_R12_D3_HAEMOLYTICANAEMIA.gz
D3_ITP,Idiopathic thrombocytopenic purpura,III Diseases of the blood and blood-forming organs and certain disorders involving the immune mechanism (D3_),III,1064,492275,https://storage.googleapis.com/finngen-public-data-r12/summary_stats/release/finngen_R12_D3_ITP.gz
D3_IMMUDEFANTIBODY,Immunodeficiency with predominantly antibody defects,III Diseases of the blood and blood-forming organs and certain disorders involving the immune mechanism (D3_),III,919,492311,https://storage.googleapis.com/finngen-public-data-r12/summary_stats/release/finngen_R12_D3_IMMUDEFANTIBODY.gz
D3_COAGDEF,Chronic Coagulation defects,III Diseases of the blood and blood-forming organs and certain disorders involving the immune mechanism (D3_),III,876,499472,https://storage.googleapis.com/finngen-public-data-r12/summary_stats/release/finngen_R12_D3_COAGDEF.gz
D3_BLOODNAS,Other and unspecified diseases of blood and blood-forming organs,III Diseases of the blood and blood-forming organs and certain disorders involving the immune mechanism (D3_),III,864,491224,https://storage.googleapis.com/finngen-public-data-r12/summary_stats/release/finngen_R12_D3_BLOODNAS.gz
D3_SCNDPOLYCYTHAEMIA,Secondary polycythaemia,III Diseases of the blood and blood-forming organs and certain disorders involving the immune mechanism (D3_),III,809,491224,https://storage.googleapis.com/finngen-public-data-r12/summary_stats/release/finngen_R12_D3_SCNDPOLYCYTHAEMIA.gz
D3_ANAEMIAINCHRONICDISEASE,Anaemia in chronic diseases classified elsewhere,III Diseases of the blood and blood-forming organs and certain disorders involving the immune mechanism (D3_),III,805,479581,https://storage.googleapis.com/finngen-public-data-r12/summary_stats/release/finngen_R12_D3_ANAEMIAINCHRONICDISEASE.gz
D3_ACQHAEMOLYTICANAEMIA,Acquired haemolytic anaemia,III Diseases of the blood and blood-forming organs and certain disorders involving the immune mechanism (D3_),III,803,499230,https://storage.googleapis.com/finngen-public-data-r12/summary_stats/release/finngen_R12_D3_ACQHAEMOLYTICANAEMIA.gz
D3_SPLEENDISEASE,Diseases of spleen,III Diseases of the blood and blood-forming organs and certain disorders involving the immune mechanism (D3_),III,580,491224,https://storage.googleapis.com/finngen-public-data-r12/summary_stats/release/finngen_R12_D3_SPLEENDISEASE.gz
D3_HAEMORRHAGICNAS,Other and unspecified haemorrhagic conditions,III Diseases of the blood and blood-forming organs and certain disorders involving the immune mechanism (D3_),III,553,492275,https://storage.googleapis.com/finngen-public-data-r12/summary_stats/release/finngen_R12_D3_HAEMORRHAGICNAS.gz
ESOSINOPHIL_DISEASE,Eosinophilic disease (BM),III Diseases of the blood and blood-forming organs and certain disorders involving the immune mechanism (D3_),III,546,272877,https://storage.googleapis.com/finngen-public-data-r12/summary_stats/release/finngen_R12_ESOSINOPHIL_DISEASE.gz
E4_METABOLIA,Metabolic disorders,"IV Endocrine, nutritional and metabolic diseases (E4_)",IV,80282,420066,https://storage.googleapis.com/finngen-public-data-r12/summary_stats/release/finngen_R12_E4_METABOLIA.gz
E4_THYROID,Disorders of the thyroid gland,"IV Endocrine, nutritional and metabolic diseases (E4_)",IV,76140,424208,https://storage.googleapis.com/finngen-public-data-r12/summary_stats/release/finngen_R12_E4_THYROID.gz
E4_LIPOPROT,Disorders of lipoprotein metabolism and other lipidaemias,"IV Endocrine, nutritional and metabolic diseases (E4_)",IV,59366,420066,https://storage.googleapis.com/finngen-public-data-r12/summary_stats/release/finngen_R12_E4_LIPOPROT.gz
E4_HYTHY_AI_STRICT,"Hypothyroidism, strict autoimmune","IV Endocrine, nutritional and metabolic diseases (E4_)",IV,54752,362639,https://storage.googleapis.com/finngen-public-data-r12/summary_stats/release/finngen_R12_E4_HYTHY_AI_STRICT.gz
E4_HYPERCHOL,Pure hypercholesterolaemia,"IV Endocrine, nutritional and metabolic diseases (E4_)",IV,42985,420066,https://storage.googleapis.com/finngen-public-data-r12/summary_stats/release/finngen_R12_E4_HYPERCHOL.gz
E4_PCOS_CONCORTIUM,"Polycystic ovarian syndrome, consortium definition","IV Endocrine, nutritional and metabolic diseases (E4_)",IV,42630,239434,https://storage.googleapis.com/finngen-public-data-r12/summary_stats/release/finngen_R12_E4_PCOS_CONCORTIUM.gz
E4_OBESITY,Obesity,"IV Endocrine, nutritional and metabolic diseases (E4_)",IV,31499,468693,https://storage.googleapis.com/finngen-public-data-r12/summary_stats/release/finngen_R12_E4_OBESITY.gz
E4_OBESITYCAL,Obesity due to excess calories,"IV Endocrine, nutritional and metabolic diseases (E4_)",IV,22389,468849,https://storage.googleapis.com/finngen-public-data-r12/summary_stats/release/finngen_R12_E4_OBESITYCAL.gz
E4_ENDOGLAND,Disorders of other endocrine glands,"IV Endocrine, nutritional and metabolic diseases (E4_)",IV,21279,479069,https://storage.googleapis.com/finngen-public-data-r12/summary_stats/release/finngen_R12_E4_ENDOGLAND.gz
E4_HYPERLIPNAS,"Hyperlipidaemia, other/unspecified","IV Endocrine, nutritional and metabolic diseases (E4_)",IV,17615,420066,https://storage.googleapis.com/finngen-public-data-r12/summary_stats/release/finngen_R12_E4_HYPERLIPNAS.gz
HYPOTHY_REIMB,"Hypothyroidism, drug reimbursement","IV Endocrine, nutritional and metabolic diseases (E4_)",IV,16150,111954,https://storage.googleapis.com/finngen-public-data-r12/summary_stats/release/finngen_R12_HYPOTHY_REIMB.gz
E4_OBESITYNAS,"Obesity, other/unspecified","IV Endocrine, nutritional and metabolic diseases (E4_)",IV,15896,468849,https://storage.googleapis.com/finngen-public-data-r12/summary_stats/release/finngen_R12_E4_OBESITYNAS.gz
E4_FLUIDELECTRO,"Other disorders of fluid, electrolyte and acid-base balance","IV Endocrine, nutritional and metabolic diseases (E4_)",IV,13550,420066,https://storage.googleapis.com/finngen-public-data-r12/summary_stats/release/finngen_R12_E4_FLUIDELECTRO.gz
E4_NONTOXIC_THYROID,Nontoxic goitre/thyroid nodule,"IV Endocrine, nutritional and metabolic diseases (E4_)",IV,12852,487496,https://storage.googleapis.com/finngen-public-data-r12/summary_stats/release/finngen_R12_E4_NONTOXIC_THYROID.gz
E4_PARATHYRO,Disorders of parathyroid gland,"IV Endocrine, nutritional and metabolic diseases (E4_)",IV,8655,479069,https://storage.googleapis.com/finngen-public-data-r12/summary_stats/release/finngen_R12_E4_PARATHYRO.gz
E4_GOITREMULTINOD,Nontoxic multinodular goitre,"IV Endocrine, nutritional and metabolic diseases (E4_)",IV,8337,424208,https://storage.googleapis.com/finngen-public-data-r12/summary_stats/release/finngen_R12_E4_GOITREMULTINOD.gz
E4_HYPERPARA,Hyperparathyroidism,"IV Endocrine, nutritional and metabolic diseases (E4_)",IV,7591,479069,https://storage.googleapis.com/finngen-public-data-r12/summary_stats/release/finngen_R12_E4_HYPERPARA.gz
E4_HYPOOSMNAT,Hypo-osmolality and hyponatraemia,"IV Endocrine, nutritional and metabolic diseases (E4_)",IV,7130,420066,https://storage.googleapis.com/finngen-public-data-r12/summary_stats/release/finngen_R12_E4_HYPOOSMNAT.gz
E4_FH,Familial hypercholesterolemia,"IV Endocrine, nutritional and metabolic diseases (E4_)",IV,6545,420066,https://storage.googleapis.com/finngen-public-data-r12/summary_stats/release/finngen_R12_E4_FH.gz
E4_THYTOXGOITDIF,Thyrotoxicosis with diffuse goitre,"IV Endocrine, nutritional and metabolic diseases (E4_)",IV,5996,424208,https://storage.googleapis.com/finngen-public-data-r12/summary_stats/release/finngen_R12_E4_THYTOXGOITDIF.gz
E4_LIPOPROTNAS,"Disorder of lipoprotein metabolism, unspecified","IV Endocrine, nutritional and metabolic diseases (E4_)",IV,5471,420066,https://storage.googleapis.com/finngen-public-data-r12/summary_stats/release/finngen_R12_E4_LIPOPROTNAS.gz
E4_ENDOMETPOSTOP,"Postprocedural endocrine and metabolic disorders, not elsewhere classified","IV Endocrine, nutritional and metabolic diseases (E4_)",IV,5016,420066,https://storage.googleapis.com/finngen-public-data-r12/summary_stats/release/finngen_R12_E4_ENDOMETPOSTOP.gz
E4_PCOS_BROAD,"Polycystic ovarian syndrome, broad definition","IV Endocrine, nutritional and metabolic diseases (E4_)",IV,4810,273021,https://storage.googleapis.com/finngen-public-data-r12/summary_stats/release/finngen_R12_E4_PCOS_BROAD.gz
E4_HYPOKALAEMIA,Hypokalaemia,"IV Endocrine, nutritional and metabolic diseases (E4_)",IV,4638,420066,https://storage.googleapis.com/finngen-public-data-r12/summary_stats/release/finngen_R12_E4_HYPOKALAEMIA.gz
E4_GRAVES_STRICT,"Graves disease, strict definition","IV Endocrine, nutritional and metabolic diseases (E4_)",IV,3962,496386,https://storage.googleapis.com/finngen-public-data-r12/summary_stats/release/finngen_R12_E4_GRAVES_STRICT.gz
E4_VOLUME,Volume depletion,"IV Endocrine, nutritional and metabolic diseases (E4_)",IV,3729,420066,https://storage.googleapis.com/finngen-public-data-r12/summary_stats/release/finngen_R12_E4_VOLUME.gz
E4_FH_IHD,"Familial hypercholesterolemia, with ischemic heart disease","IV Endocrine, nutritional and metabolic diseases (E4_)",IV,3596,416260,https://storage.googleapis.com/finngen-public-data-r12/summary_stats/release/finngen_R12_E4_FH_IHD.gz
E4_GLUCOPANCREAS,Other disorders of glucose regulation and pancreatic internal secretion,"IV Endocrine, nutritional and metabolic diseases (E4_)",IV,3387,496961,https://storage.googleapis.com/finngen-public-data-r12/summary_stats/release/finngen_R12_E4_GLUCOPANCREAS.gz
E4_GOITRENAS,Other and/or unspecified nontoxic goitre,"IV Endocrine, nutritional and metabolic diseases (E4_)",IV,3151,424208,https://storage.googleapis.com/finngen-public-data-r12/summary_stats/release/finngen_R12_E4_GOITRENAS.gz
E4_MINERAL_MET,Disorders of mineral metabolism,"IV Endocrine, nutritional and metabolic diseases (E4_)",IV,3094,420066,https://storage.googleapis.com/finngen-public-data-r12/summary_stats/release/finngen_R12_E4_MINERAL_MET.gz
E4_OVARDYS,Ovarian dysfunction,"IV Endocrine, nutritional and metabolic diseases (E4_)",IV,3045,267780,https://storage.googleapis.com/finngen-public-data-r12/summary_stats/release/finngen_R12_E4_OVARDYS.gz
E4_GOITRENOD,Nontoxic single thyroid nodule,"IV Endocrine, nutritional and metabolic diseases (E4_)",IV,2775,424208,https://storage.googleapis.com/finngen-public-data-r12/summary_stats/release/finngen_R12_E4_GOITRENOD.gz
E4_HYPOPIT,Hypopituitarism,"IV Endocrine, nutritional and metabolic diseases (E4_)",IV,2665,479069,https://storage.googleapis.com/finngen-public-data-r12/summary_stats/release/finngen_R12_E4_HYPOPIT.gz
AUTOIMMUNE_HYPERTHYROIDISM,Autoimmune hyperthyroidism,"IV Endocrine, nutritional and metabolic diseases (E4_)",IV,2469,370637,https://storage.googleapis.com/finngen-public-data-r12/summary_stats/release/finngen_R12_AUTOIMMUNE_HYPERTHYROIDISM.gz
E4_PCOS,Polycystic ovarian syndrome,"IV Endocrine, nutritional and metabolic diseases (E4_)",IV,2214,267780,https://storage.googleapis.com/finngen-public-data-r12/summary_stats/release/finngen_R12_E4_PCOS.gz
E4_THYTOXGOITMULT,Thyrotoxicosis with toxic multinodular goitre,"IV Endocrine, nutritional and metabolic diseases (E4_)",IV,2149,489345,https://storage.googleapis.com/finngen-public-data-r12/summary_stats/release/finngen_R12_E4_THYTOXGOITMULT.gz
E4_ENDODIS,Other endocrine disorders,"IV Endocrine, nutritional and metabolic diseases (E4_)",IV,2056,479069,https://storage.googleapis.com/finngen-public-data-r12/summary_stats/release/finngen_R12_E4_ENDODIS.gz
E4_HYPERKALAEMIA,Hyperkalaemia,"IV Endocrine, nutritional and metabolic diseases (E4_)",IV,2019,420066,https://storage.googleapis.com/finngen-public-data-r12/summary_stats/release/finngen_R12_E4_HYPERKALAEMIA.gz
E4_HYPERPIT,Hyperfunction of pituitary gland,"IV Endocrine, nutritional and metabolic diseases (E4_)",IV,1917,479069,https://storage.googleapis.com/finngen-public-data-r12/summary_stats/release/finngen_R12_E4_HYPERPIT.gz
VIT_DEF,"Vitamin deficiency, wide","IV Endocrine, nutritional and metabolic diseases (E4_)",IV,1784,467142,https://storage.googleapis.com/finngen-public-data-r12/summary_stats/release/finngen_R12_VIT_DEF.gz
E4_HYPERLIPMIX,Mixed hyperlipidaemia,"IV Endocrine, nutritional and metabolic diseases (E4_)",IV,1495,420066,https://storage.googleapis.com/finngen-public-data-r12/summary_stats/release/finngen_R12_E4_HYPERLIPMIX.gz
E4_OBESITYXTRMALV,Extreme obesity with alveolar hypoventilation,"IV Endocrine, nutritional and metabolic diseases (E4_)",IV,1415,468849,https://storage.googleapis.com/finngen-public-data-r12/summary_stats/release/finngen_R12_E4_OBESITYXTRMALV.gz
E4_HYPERPRO,Hyperprolactinaemia,"IV Endocrine, nutritional and metabolic diseases (E4_)",IV,1330,479069,https://storage.googleapis.com/finngen-public-data-r12/summary_stats/release/finngen_R12_E4_HYPERPRO.gz
E4_THYROIDITSUBAC,Subacute thyroiditis,"IV Endocrine, nutritional and metabolic diseases (E4_)",IV,1325,424208,https://storage.googleapis.com/finngen-public-data-r12/summary_stats/release/finngen_R12_E4_THYROIDITSUBAC.gz
E4_ADDISON,Adrenocortical insufficiency,"IV Endocrine, nutritional and metabolic diseases (E4_)",IV,1267,479069,https://storage.googleapis.com/finngen-public-data-r12/summary_stats/release/finngen_R12_E4_ADDISON.gz
E4_HYPOPARA,Hypoparathyroidism,"IV Endocrine, nutritional and metabolic diseases (E4_)",IV,1249,479069,https://storage.googleapis.com/finngen-public-data-r12/summary_stats/release/finngen_R12_E4_HYPOPARA.gz
E4_GOITREDIFF,Nontoxic diffuse goitre,"IV Endocrine, nutritional and metabolic diseases (E4_)",IV,1147,424208,https://storage.googleapis.com/finngen-public-data-r12/summary_stats/release/finngen_R12_E4_GOITREDIFF.gz
E4_TESTICHYPO,Testicular hypofunction,"IV Endocrine, nutritional and metabolic diseases (E4_)",IV,1107,211289,https://storage.googleapis.com/finngen-public-data-r12/summary_stats/release/finngen_R12_E4_TESTICHYPO.gz
E4_CONGEIOD,Congenital iodine-deficiency syndrome/hypothyroidism,"IV Endocrine, nutritional and metabolic diseases (E4_)",IV,1101,424208,https://storage.googleapis.com/finngen-public-data-r12/summary_stats/release/finngen_R12_E4_CONGEIOD.gz
E4_LACTONAS,"Lactose intolerance, other/unspecified","IV Endocrine, nutritional and metabolic diseases (E4_)",IV,1020,420066,https://storage.googleapis.com/finngen-public-data-r12/summary_stats/release/finngen_R12_E4_LACTONAS.gz
E4_HYPERALDO,Hyperaldosteronism,"IV Endocrine, nutritional and metabolic diseases (E4_)",IV,931,479069,https://storage.googleapis.com/finngen-public-data-r12/summary_stats/release/finngen_R12_E4_HYPERALDO.gz
GRAVES_OPHT,Graves ophthalmopathy,"IV Endocrine, nutritional and metabolic diseases (E4_)",IV,858,499490,https://storage.googleapis.com/finngen-public-data-r12/summary_stats/release/finngen_R12_GRAVES_OPHT.gz
E4_HYPERGLYCER,Pure hyperglyceridaemia,"IV Endocrine, nutritional and metabolic diseases (E4_)",IV,789,420066,https://storage.googleapis.com/finngen-public-data-r12/summary_stats/release/finngen_R12_E4_HYPERGLYCER.gz
E4_FE_DEF,Iron deficiency,"IV Endocrine, nutritional and metabolic diseases (E4_)",IV,787,467142,https://storage.googleapis.com/finngen-public-data-r12/summary_stats/release/finngen_R12_E4_FE_DEF.gz
E4_VIT_B_DEF,Deficiency of other B group vitamins,"IV Endocrine, nutritional and metabolic diseases (E4_)",IV,763,467142,https://storage.googleapis.com/finngen-public-data-r12/summary_stats/release/finngen_R12_E4_VIT_B_DEF.gz
E4_GRAVES_OPHT_STRICT,"Graves ophthalmopathy, strict","IV Endocrine, nutritional and metabolic diseases (E4_)",IV,753,499595,https://storage.googleapis.com/finngen-public-data-r12/summary_stats/release/finngen_R12_E4_GRAVES_OPHT_STRICT.gz
E4_ENDODISNAS,"Endocrine disorders, other/unspecified","IV Endocrine, nutritional and metabolic diseases (E4_)",IV,721,479069,https://storage.googleapis.com/finngen-public-data-r12/summary_stats/release/finngen_R12_E4_ENDODISNAS.gz
E4_THYROIDITAUTOIM,Autoimmune thyroiditis,"IV Endocrine, nutritional and metabolic diseases (E4_)",IV,688,424208,https://storage.googleapis.com/finngen-public-data-r12/summary_stats/release/finngen_R12_E4_THYROIDITAUTOIM.gz
E4_ACIDOSIS,Acidosis,"IV Endocrine, nutritional and metabolic diseases (E4_)",IV,670,420066,https://storage.googleapis.com/finngen-public-data-r12/summary_stats/release/finngen_R12_E4_ACIDOSIS.gz
E4_MALNUTRITION,Malnutrition,"IV Endocrine, nutritional and metabolic diseases (E4_)",IV,670,499678,https://storage.googleapis.com/finngen-public-data-r12/summary_stats/release/finngen_R12_E4_MALNUTRITION.gz
E4_OVARFAIL,Primary ovarian failure,"IV Endocrine, nutritional and metabolic diseases (E4_)",IV,655,267780,https://storage.googleapis.com/finngen-public-data-r12/summary_stats/release/finngen_R12_E4_OVARFAIL.gz
E4_VIT_D_DEF,Vitamin D deficiency,"IV Endocrine, nutritional and metabolic diseases (E4_)",IV,614,467142,https://storage.googleapis.com/finngen-public-data-r12/summary_stats/release/finngen_R12_E4_VIT_D_DEF.gz
E4_DISPUB,Disorders of puberty,"IV Endocrine, nutritional and metabolic diseases (E4_)",IV,585,479069,https://storage.googleapis.com/finngen-public-data-r12/summary_stats/release/finngen_R12_E4_DISPUB.gz
DRUGADVERS_ADRENOCORTICAL_INSUFFICIENCY,Drug-induced adrenocortical insufficiency,"IV Endocrine, nutritional and metabolic diseases (E4_)",IV,581,499767,https://storage.googleapis.com/finngen-public-data-r12/summary_stats/release/finngen_R12_DRUGADVERS_ADRENOCORTICAL_INSUFFICIENCY.gz
E4_HYPODRUG,Drug-induced hypoglycaemia without coma,"IV Endocrine, nutritional and metabolic diseases (E4_)",IV,575,496961,https://storage.googleapis.com/finngen-public-data-r12/summary_stats/release/finngen_R12_E4_HYPODRUG.gz
E4_AMYLNAS,"Amyloidosis, other/unspecified","IV Endocrine, nutritional and metabolic diseases (E4_)",IV,573,420066,https://storage.googleapis.com/finngen-public-data-r12/summary_stats/release/finngen_R12_E4_AMYLNAS.gz
E4_THYROIDITNAS,"Thyroiditis, unspecified","IV Endocrine, nutritional and metabolic diseases (E4_)",IV,556,424208,https://storage.googleapis.com/finngen-public-data-r12/summary_stats/release/finngen_R12_E4_THYROIDITNAS.gz
RX_STATIN,Statin medication,IX Diseases of the circulatory system (I9_),IX,183578,316770,https://storage.googleapis.com/finngen-public-data-r12/summary_stats/release/finngen_R12_RX_STATIN.gz
I9_HYPTENS,Hypertension,IX Diseases of the circulatory system (I9_),IX,154630,345634,https://storage.googleapis.com/finngen-public-data-r12/summary_stats/release/finngen_R12_I9_HYPTENS.gz
I9_HYPTENSESS,"Hypertension, essential",IX Diseases of the circulatory system (I9_),IX,132515,345634,https://storage.googleapis.com/finngen-public-data-r12/summary_stats/release/finngen_R12_I9_HYPTENSESS.gz
I9_IHD,"Ischaemic heart disease, wide definition",IX Diseases of the circulatory system (I9_),IX,84088,416260,https://storage.googleapis.com/finngen-public-data-r12/summary_stats/release/finngen_R12_I9_IHD.gz
I9_DISVEINLYMPH,"Diseases of veins, lymphatic vessels and lymph nodes, not elsewhere classified",IX Diseases of the circulatory system (I9_),IX,68125,432223,https://storage.googleapis.com/finngen-public-data-r12/summary_stats/release/finngen_R12_I9_DISVEINLYMPH.gz
I9_AF,Atrial fibrillation and flutter,IX Diseases of the circulatory system (I9_),IX,63532,252810,https://storage.googleapis.com/finngen-public-data-r12/summary_stats/release/finngen_R12_I9_AF.gz
I9_CORATHER,Coronary atherosclerosis,IX Diseases of the circulatory system (I9_),IX,63307,416171,https://storage.googleapis.com/finngen-public-data-r12/summary_stats/release/finngen_R12_I9_CORATHER.gz
I9_CHD,Major coronary heart disease event,IX Diseases of the circulatory system (I9_),IX,56650,443698,https://storage.googleapis.com/finngen-public-data-r12/summary_stats/release/finngen_R12_I9_CHD.gz
I9_ANGINA,Angina pectoris,IX Diseases of the circulatory system (I9_),IX,44588,416171,https://storage.googleapis.com/finngen-public-data-r12/summary_stats/release/finngen_R12_I9_ANGINA.gz
I9_AF_REIMB,Atrial fibrillation and flutter with reimbursement,IX Diseases of the circulatory system (I9_),IX,40251,252810,https://storage.googleapis.com/finngen-public-data-r12/summary_stats/release/finngen_R12_I9_AF_REIMB.gz
I9_OTHARR,Other arrhythmias,IX Diseases of the circulatory system (I9_),IX,39265,375343,https://storage.googleapis.com/finngen-public-data-r12/summary_stats/release/finngen_R12_I9_OTHARR.gz
I9_VARICVE,Varicose veins,IX Diseases of the circulatory system (I9_),IX,38467,432223,https://storage.googleapis.com/finngen-public-data-r12/summary_stats/release/finngen_R12_I9_VARICVE.gz
I9_HEARTFAIL,"Heart failure, strict",IX Diseases of the circulatory system (I9_),IX,37653,462695,https://storage.googleapis.com/finngen-public-data-r12/summary_stats/release/finngen_R12_I9_HEARTFAIL.gz
I9_STR,"Stroke, excluding SAH",IX Diseases of the circulatory system (I9_),IX,34110,450023,https://storage.googleapis.com/finngen-public-data-r12/summary_stats/release/finngen_R12_I9_STR.gz
I9_MI_STRICT,"Myocardial infarction, strict",IX Diseases of the circulatory system (I9_),IX,31666,416171,https://storage.googleapis.com/finngen-public-data-r12/summary_stats/release/finngen_R12_I9_MI_STRICT.gz
FG_DOAAC,"Diseases of arteries, arterioles and capillaries (FINNGEN)",IX Diseases of the circulatory system (I9_),IX,29658,252810,https://storage.googleapis.com/finngen-public-data-r12/summary_stats/release/finngen_R12_FG_DOAAC.gz
I9_REVASC,Coronary revascularization (ANGIO or CABG),IX Diseases of the circulatory system (I9_),IX,28800,416171,https://storage.googleapis.com/finngen-public-data-r12/summary_stats/release/finngen_R12_I9_REVASC.gz
I9_VHD,Valvular heart disease excluding rheumatic fever,IX Diseases of the circulatory system (I9_),IX,28602,375343,https://storage.googleapis.com/finngen-public-data-r12/summary_stats/release/finngen_R12_I9_VHD.gz
I9_VTE,Venous thromboembolism,IX Diseases of the circulatory system (I9_),IX,26333,474015,https://storage.googleapis.com/finngen-public-data-r12/summary_stats/release/finngen_R12_I9_VTE.gz
I9_TIA,Transient ischemic attack,IX Diseases of the circulatory system (I9_),IX,24948,453276,https://storage.googleapis.com/finngen-public-data-r12/summary_stats/release/finngen_R12_I9_TIA.gz
I9_ATHSCLE,"Atherosclerosis, excluding cerebral and coronary sclerosis",IX Diseases of the circulatory system (I9_),IX,19807,463106,https://storage.googleapis.com/finngen-public-data-r12/summary_stats/release/finngen_R12_I9_ATHSCLE.gz
I9_ANGIO,Coronary angioplasty,IX Diseases of the circulatory system (I9_),IX,18248,416171,https://storage.googleapis.com/finngen-public-data-r12/summary_stats/release/finngen_R12_I9_ANGIO.gz
I9_VEINSOTH,Other disorders of veins,IX Diseases of the circulatory system (I9_),IX,18090,432223,https://storage.googleapis.com/finngen-public-data-r12/summary_stats/release/finngen_R12_I9_VEINSOTH.gz
I9_UAP,Unstable angina pectoris,IX Diseases of the circulatory system (I9_),IX,17428,443161,https://storage.googleapis.com/finngen-public-data-r12/summary_stats/release/finngen_R12_I9_UAP.gz
I9_SEQULAE,Sequelae of cerebrovascular disease,IX Diseases of the circulatory system (I9_),IX,15879,453828,https://storage.googleapis.com/finngen-public-data-r12/summary_stats/release/finngen_R12_I9_SEQULAE.gz
I9_CONDUCTIO,Conduction disorders,IX Diseases of the circulatory system (I9_),IX,14027,375343,https://storage.googleapis.com/finngen-public-data-r12/summary_stats/release/finngen_R12_I9_CONDUCTIO.gz
I9_NONISCHCARDMYOP,Non-ischemic cardiomyopathy,IX Diseases of the circulatory system (I9_),IX,13917,402343,https://storage.googleapis.com/finngen-public-data-r12/summary_stats/release/finngen_R12_I9_NONISCHCARDMYOP.gz
I9_CABG,Coronary artery bypass grafting,IX Diseases of the circulatory system (I9_),IX,13681,416171,https://storage.googleapis.com/finngen-public-data-r12/summary_stats/release/finngen_R12_I9_CABG.gz
I9_PAROXTAC,Paroxysmal tachycardia,IX Diseases of the circulatory system (I9_),IX,12878,252810,https://storage.googleapis.com/finngen-public-data-r12/summary_stats/release/finngen_R12_I9_PAROXTAC.gz
I9_PULMEMB,Pulmonary embolism,IX Diseases of the circulatory system (I9_),IX,12762,486319,https://storage.googleapis.com/finngen-public-data-r12/summary_stats/release/finngen_R12_I9_PULMEMB.gz
I9_CAVS_OPERATED,"Calcific aortic valvular stenosis, operated",IX Diseases of the circulatory system (I9_),IX,12418,487930,https://storage.googleapis.com/finngen-public-data-r12/summary_stats/release/finngen_R12_I9_CAVS_OPERATED.gz
I9_HYPTENSHD,Hypertensive Heart Disease,IX Diseases of the circulatory system (I9_),IX,11728,345634,https://storage.googleapis.com/finngen-public-data-r12/summary_stats/release/finngen_R12_I9_HYPTENSHD.gz
I9_AORTANEUR,Aortic aneurysm,IX Diseases of the circulatory system (I9_),IX,9937,463106,https://storage.googleapis.com/finngen-public-data-r12/summary_stats/release/finngen_R12_I9_AORTANEUR.gz
I9_PHLETHROM,Phlebitis and thrombophlebitis (not including DVT),IX Diseases of the circulatory system (I9_),IX,9750,432223,https://storage.googleapis.com/finngen-public-data-r12/summary_stats/release/finngen_R12_I9_PHLETHROM.gz
I9_INTRACRA,Nontraumatic intracranial haemmorrhage,IX Diseases of the circulatory system (I9_),IX,8638,453828,https://storage.googleapis.com/finngen-public-data-r12/summary_stats/release/finngen_R12_I9_INTRACRA.gz
I9_PHLETHROMBDVTLOW,DVT of lower extremities,IX Diseases of the circulatory system (I9_),IX,8134,432223,https://storage.googleapis.com/finngen-public-data-r12/summary_stats/release/finngen_R12_I9_PHLETHROMBDVTLOW.gz
I9_AVBLOCK,AV-block,IX Diseases of the circulatory system (I9_),IX,7850,375343,https://storage.googleapis.com/finngen-public-data-r12/summary_stats/release/finngen_R12_I9_AVBLOCK.gz
I9_CARDMYO,Cardiomyopathy,IX Diseases of the circulatory system (I9_),IX,7649,375343,https://storage.googleapis.com/finngen-public-data-r12/summary_stats/release/finngen_R12_I9_CARDMYO.gz
I9_SAHANEUR,"Aneurysms, operations, SAH",IX Diseases of the circulatory system (I9_),IX,6849,453828,https://storage.googleapis.com/finngen-public-data-r12/summary_stats/release/finngen_R12_I9_SAHANEUR.gz
I9_HYPOTE,Hypotension,IX Diseases of the circulatory system (I9_),IX,6488,492608,https://storage.googleapis.com/finngen-public-data-r12/summary_stats/release/finngen_R12_I9_HYPOTE.gz
I9_THROMBOTH,Other embolism and thrombosis,IX Diseases of the circulatory system (I9_),IX,5316,432223,https://storage.googleapis.com/finngen-public-data-r12/summary_stats/release/finngen_R12_I9_THROMBOTH.gz
I9_ICH,Intracerebral haemorrhage,IX Diseases of the circulatory system (I9_),IX,5112,450016,https://storage.googleapis.com/finngen-public-data-r12/summary_stats/release/finngen_R12_I9_ICH.gz
I9_THAORTANEUR,Thoracic aortic aneurysm,IX Diseases of the circulatory system (I9_),IX,5108,463106,https://storage.googleapis.com/finngen-public-data-r12/summary_stats/release/finngen_R12_I9_THAORTANEUR.gz
I9_ABAORTANEUR,Abdominal aortic aneurysm (AAA),IX Diseases of the circulatory system (I9_),IX,4439,463106,https://storage.googleapis.com/finngen-public-data-r12/summary_stats/release/finngen_R12_I9_ABAORTANEUR.gz
I9_SAH,Subarachnoid haemorrhage,IX Diseases of the circulatory system (I9_),IX,4180,450276,https://storage.googleapis.com/finngen-public-data-r12/summary_stats/release/finngen_R12_I9_SAH.gz
I9_POSTAMI,Status post-ami,IX Diseases of the circulatory system (I9_),IX,3757,416171,https://storage.googleapis.com/finngen-public-data-r12/summary_stats/release/finngen_R12_I9_POSTAMI.gz
I9_ARTOTH,Other diseases of arteries and capillaries,IX Diseases of the circulatory system (I9_),IX,3541,463106,https://storage.googleapis.com/finngen-public-data-r12/summary_stats/release/finngen_R12_I9_ARTOTH.gz
I9_HYPTENSEC,Secondary hypertension,IX Diseases of the circulatory system (I9_),IX,3388,252810,https://storage.googleapis.com/finngen-public-data-r12/summary_stats/release/finngen_R12_I9_HYPTENSEC.gz
I9_ANEURYSM,"Cerebral aneurysm, nonruptured",IX Diseases of the circulatory system (I9_),IX,3310,453828,https://storage.googleapis.com/finngen-public-data-r12/summary_stats/release/finngen_R12_I9_ANEURYSM.gz
I9_OTHPER,Other peripheral vascular diseases,IX Diseases of the circulatory system (I9_),IX,3153,463106,https://storage.googleapis.com/finngen-public-data-r12/summary_stats/release/finngen_R12_I9_OTHPER.gz
I9_CARDMYOOTH,"Cardiomyopathy, other and unspecified",IX Diseases of the circulatory system (I9_),IX,3122,375343,https://storage.googleapis.com/finngen-public-data-r12/summary_stats/release/finngen_R12_I9_CARDMYOOTH.gz
I9_CARDARR,Cardiac arrest,IX Diseases of the circulatory system (I9_),IX,3011,252810,https://storage.googleapis.com/finngen-public-data-r12/summary_stats/release/finngen_R12_I9_CARDARR.gz
I9_LBBB,Left bundle-branch block,IX Diseases of the circulatory system (I9_),IX,2766,375343,https://storage.googleapis.com/finngen-public-data-r12/summary_stats/release/finngen_R12_I9_LBBB.gz
I9_CEREBDOTH,"Other specified cerebrovascular diseases, other cerebrovascular disorders in diseases classified elsewhere",IX Diseases of the circulatory system (I9_),IX,2644,453828,https://storage.googleapis.com/finngen-public-data-r12/summary_stats/release/finngen_R12_I9_CEREBDOTH.gz
I9_VARICVESOTH,Varicose veins of other sites,IX Diseases of the circulatory system (I9_),IX,2560,432223,https://storage.googleapis.com/finngen-public-data-r12/summary_stats/release/finngen_R12_I9_VARICVESOTH.gz
I9_LYMPHADE,Nonspecific lymphadenitis,IX Diseases of the circulatory system (I9_),IX,2476,432223,https://storage.googleapis.com/finngen-public-data-r12/summary_stats/release/finngen_R12_I9_LYMPHADE.gz
I9_ARTEMBTHR,Arterial embolism and thrombosis,IX Diseases of the circulatory system (I9_),IX,2266,463106,https://storage.googleapis.com/finngen-public-data-r12/summary_stats/release/finngen_R12_I9_ARTEMBTHR.gz
I9_OTHILLHEART,Other or ill-defined heart diseases,IX Diseases of the circulatory system (I9_),IX,2192,375343,https://storage.googleapis.com/finngen-public-data-r12/summary_stats/release/finngen_R12_I9_OTHILLHEART.gz
I9_NONISCHCARDMYOP_STRICT,Nonischemic cardiomyopathy,IX Diseases of the circulatory system (I9_),IX,2108,413400,https://storage.googleapis.com/finngen-public-data-r12/summary_stats/release/finngen_R12_I9_NONISCHCARDMYOP_STRICT.gz
I9_MYOCARD,Myocarditis,IX Diseases of the circulatory system (I9_),IX,2062,252810,https://storage.googleapis.com/finngen-public-data-r12/summary_stats/release/finngen_R12_I9_MYOCARD.gz
I9_OTHANEUR,Other aneurysm,IX Diseases of the circulatory system (I9_),IX,1998,463106,https://storage.googleapis.com/finngen-public-data-r12/summary_stats/release/finngen_R12_I9_OTHANEUR.gz
I9_STR_EMBOLIC,Embolic stroke,IX Diseases of the circulatory system (I9_),IX,1808,453828,https://storage.googleapis.com/finngen-public-data-r12/summary_stats/release/finngen_R12_I9_STR_EMBOLIC.gz
I9_VASCSYND,Vascular syndromes of brain in cerebrovascular disorders,IX Diseases of the circulatory system (I9_),IX,1623,473404,https://storage.googleapis.com/finngen-public-data-r12/summary_stats/release/finngen_R12_I9_VASCSYND.gz
I9_PERICAOTH,Other diseases of pericardium,IX Diseases of the circulatory system (I9_),IX,1604,375343,https://storage.googleapis.com/finngen-public-data-r12/summary_stats/release/finngen_R12_I9_PERICAOTH.gz
I9_SECONDRIGHT,Secondary right heart disease,IX Diseases of the circulatory system (I9_),IX,1467,486319,https://storage.googleapis.com/finngen-public-data-r12/summary_stats/release/finngen_R12_I9_SECONDRIGHT.gz
I9_VARICVEOES,Oesophageal varices,IX Diseases of the circulatory system (I9_),IX,1410,432223,https://storage.googleapis.com/finngen-public-data-r12/summary_stats/release/finngen_R12_I9_VARICVEOES.gz
I9_HYPERTROCARDMYOP,Hypertrophic cardiomyopathy,IX Diseases of the circulatory system (I9_),IX,1376,498972,https://storage.googleapis.com/finngen-public-data-r12/summary_stats/release/finngen_R12_I9_HYPERTROCARDMYOP.gz
I9_HYPTENSRD,Hypertensive Renal Disease,IX Diseases of the circulatory system (I9_),IX,1367,345634,https://storage.googleapis.com/finngen-public-data-r12/summary_stats/release/finngen_R12_I9_HYPTENSRD.gz
I9_VASCINT,Vascular diseases of the intestine,IX Diseases of the circulatory system (I9_),IX,1362,463106,https://storage.googleapis.com/finngen-public-data-r12/summary_stats/release/finngen_R12_I9_VASCINT.gz
I9_PERICARD,Pericarditis,IX Diseases of the circulatory system (I9_),IX,1356,375343,https://storage.googleapis.com/finngen-public-data-r12/summary_stats/release/finngen_R12_I9_PERICARD.gz
I9_RBBB,Right bundle-branch block,IX Diseases of the circulatory system (I9_),IX,1347,375343,https://storage.googleapis.com/finngen-public-data-r12/summary_stats/release/finngen_R12_I9_RBBB.gz
I9_OTHOTH,Other other unspecified disorders of the circulatory system,IX Diseases of the circulatory system (I9_),IX,1309,492608,https://storage.googleapis.com/finngen-public-data-r12/summary_stats/release/finngen_R12_I9_OTHOTH.gz
I9_ARTEMBTHRLOW,Arterial embolism and thrombosis of lower extremity artery,IX Diseases of the circulatory system (I9_),IX,1297,463106,https://storage.googleapis.com/finngen-public-data-r12/summary_stats/release/finngen_R12_I9_ARTEMBTHRLOW.gz
I9_LYMPHOTH,Other noninfective disorders of lymphatic vessels and lymph nodes,IX Diseases of the circulatory system (I9_),IX,1289,432223,https://storage.googleapis.com/finngen-public-data-r12/summary_stats/release/finngen_R12_I9_LYMPHOTH.gz
I9_ENDOCARD,Endocarditis,IX Diseases of the circulatory system (I9_),IX,1276,375343,https://storage.googleapis.com/finngen-public-data-r12/summary_stats/release/finngen_R12_I9_ENDOCARD.gz
I9_RHEUFEV,Rheumatic fever incl heart disease,IX Diseases of the circulatory system (I9_),IX,1228,499120,https://storage.googleapis.com/finngen-public-data-r12/summary_stats/release/finngen_R12_I9_RHEUFEV.gz
I9_AORTDIS,Dissection of aorta,IX Diseases of the circulatory system (I9_),IX,1150,463106,https://storage.googleapis.com/finngen-public-data-r12/summary_stats/release/finngen_R12_I9_AORTDIS.gz
I9_OTHINTRACRA,Other intracranial haemorrhages,IX Diseases of the circulatory system (I9_),IX,1099,453828,https://storage.googleapis.com/finngen-public-data-r12/summary_stats/release/finngen_R12_I9_OTHINTRACRA.gz
I9_PROGVASC,Progressive vascular leukoencephalopathy,IX Diseases of the circulatory system (I9_),IX,1096,453828,https://storage.googleapis.com/finngen-public-data-r12/summary_stats/release/finngen_R12_I9_PROGVASC.gz
I9_ARTEMBTHRNAS,Other arterial embolism and thrombosis,IX Diseases of the circulatory system (I9_),IX,1048,463106,https://storage.googleapis.com/finngen-public-data-r12/summary_stats/release/finngen_R12_I9_ARTEMBTHRNAS.gz
I9_E_DRONE,Dronedarone medication,IX Diseases of the circulatory system (I9_),IX,999,375343,https://storage.googleapis.com/finngen-public-data-r12/summary_stats/release/finngen_R12_I9_E_DRONE.gz
I9_STR_EMBOLIC_WITH_FLIMMER,Embolic stroke with flimmer,IX Diseases of the circulatory system (I9_),IX,959,436816,https://storage.googleapis.com/finngen-public-data-r12/summary_stats/release/finngen_R12_I9_STR_EMBOLIC_WITH_FLIMMER.gz
I9_RHEUVALV,Rheumatic valve diseases,IX Diseases of the circulatory system (I9_),IX,877,499120,https://storage.googleapis.com/finngen-public-data-r12/summary_stats/release/finngen_R12_I9_RHEUVALV.gz
I9_CARDMYOHYP,"Cardiomyopathy, Hypertrophic obstructive",IX Diseases of the circulatory system (I9_),IX,653,375343,https://storage.googleapis.com/finngen-public-data-r12/summary_stats/release/finngen_R12_I9_CARDMYOHYP.gz
I9_STENOSIS,"Occlusion and stenosis of arteries, not leading to stroke",IX Diseases of the circulatory system (I9_),IX,529,453828,https://storage.googleapis.com/finngen-public-data-r12/summary_stats/release/finngen_R12_I9_STENOSIS.gz
I9_PVT,Portal vein thrombosis,IX Diseases of the circulatory system (I9_),IX,511,432223,https://storage.googleapis.com/finngen-public-data-r12/summary_stats/release/finngen_R12_I9_PVT.gz
PULM_INFECTIONS,COPD/asthma/ILD related infections,Interstitial lung disease endpoints,Interstitial,162180,338168,https://storage.googleapis.com/finngen-public-data-r12/summary_stats/release/finngen_R12_PULM_INFECTIONS.gz
K11_REFLUX,Gastro-oesophageal reflux disease,Interstitial lung disease endpoints,Interstitial,36025,423785,https://storage.googleapis.com/finngen-public-data-r12/summary_stats/release/finngen_R12_K11_REFLUX.gz
NIV,Non-invasive ventilation,Interstitial lung disease endpoints,Interstitial,10936,211497,https://storage.googleapis.com/finngen-public-data-r12/summary_stats/release/finngen_R12_NIV.gz
CPAP,Continuous positive airway pressure,Interstitial lung disease endpoints,Interstitial,9427,211497,https://storage.googleapis.com/finngen-public-data-r12/summary_stats/release/finngen_R12_CPAP.gz
ILD_ENDPOINTS,Interstitial lung disease endpoints,Interstitial lung disease endpoints,Interstitial,5765,494583,https://storage.googleapis.com/finngen-public-data-r12/summary_stats/release/finngen_R12_ILD_ENDPOINTS.gz
IPF,Idiopathic pulmonary fibrosis,Interstitial lung disease endpoints,Interstitial,2700,494583,https://storage.googleapis.com/finngen-public-data-r12/summary_stats/release/finngen_R12_IPF.gz
VIRALPNEUMONAS,"Viral pneumonia (unknown virus, not influenza)",Interstitial lung disease endpoints,Interstitial,2513,481551,https://storage.googleapis.com/finngen-public-data-r12/summary_stats/release/finngen_R12_VIRALPNEUMONAS.gz
ILD_INSUFFICIENCY,ILD-related respiratory insufficiency,Interstitial lung disease endpoints,Interstitial,1047,494583,https://storage.googleapis.com/finngen-public-data-r12/summary_stats/release/finngen_R12_ILD_INSUFFICIENCY.gz
VIRALPNEUMOKNOWN,"Viral pneumonia (known virus, not influenza)",Interstitial lung disease endpoints,Interstitial,777,482839,https://storage.googleapis.com/finngen-public-data-r12/summary_stats/release/finngen_R12_VIRALPNEUMOKNOWN.gz
PAIN,"Pain (limb, back, neck, head abdominally)","Miscellaneous, not yet classified endpoints","Miscellaneous,",237944,261418,https://storage.googleapis.com/finngen-public-data-r12/summary_stats/release/finngen_R12_PAIN.gz
EVER_SMOKER,,"Miscellaneous, not yet classified endpoints","Miscellaneous,",145409,150355,https://storage.googleapis.com/finngen-public-data-r12/summary_stats/release/finngen_R12_EVER_SMOKER.gz
FALLS,Falls/tendency to fall,"Miscellaneous, not yet classified endpoints","Miscellaneous,",133526,366822,https://storage.googleapis.com/finngen-public-data-r12/summary_stats/release/finngen_R12_FALLS.gz
CURRENT_SMOKER,,"Miscellaneous, not yet classified endpoints","Miscellaneous,",77563,150355,https://storage.googleapis.com/finngen-public-data-r12/summary_stats/release/finngen_R12_CURRENT_SMOKER.gz
BLEEDING,Bleeding,"Miscellaneous, not yet classified endpoints","Miscellaneous,",49027,451321,https://storage.googleapis.com/finngen-public-data-r12/summary_stats/release/finngen_R12_BLEEDING.gz
SLEEP,Sleep disorders (combined),Neurological endpoints,Neurological,65076,430194,https://storage.googleapis.com/finngen-public-data-r12/summary_stats/release/finngen_R12_SLEEP.gz
MIGRAINE_TRIPTAN,"Migraine, single triptan purchase ok & required. ICD-code if available is included",Neurological endpoints,Neurological,55116,445232,https://storage.googleapis.com/finngen-public-data-r12/summary_stats/release/finngen_R12_MIGRAINE_TRIPTAN.gz
AD_LO_EXMORE,Alzheimer’s disease (Late onset) (more control exclusions),Neurological endpoints,Neurological,9690,216472,https://storage.googleapis.com/finngen-public-data-r12/summary_stats/release/finngen_R12_AD_LO_EXMORE.gz
TRAUMBRAIN_NONCONCUS,"severe traumatic brain injury, does not include concussion",Neurological endpoints,Neurological,9395,490953,https://storage.googleapis.com/finngen-public-data-r12/summary_stats/release/finngen_R12_TRAUMBRAIN_NONCONCUS.gz
AD_AM_EXMORE,Alzheimer’s disease (Atypical or mixed) (more control exclusions),Neurological endpoints,Neurological,3403,216472,https://storage.googleapis.com/finngen-public-data-r12/summary_stats/release/finngen_R12_AD_AM_EXMORE.gz
MEMLOSS,Memory loss,Neurological endpoints,Neurological,3377,472508,https://storage.googleapis.com/finngen-public-data-r12/summary_stats/release/finngen_R12_MEMLOSS.gz
AMN2,Transient global amnesia,Neurological endpoints,Neurological,3315,471699,https://storage.googleapis.com/finngen-public-data-r12/summary_stats/release/finngen_R12_AMN2.gz
AD_EO_EXMORE,Alzheimer’s disease (Early onset) (more control exclusions),Neurological endpoints,Neurological,1820,216472,https://storage.googleapis.com/finngen-public-data-r12/summary_stats/release/finngen_R12_AD_EO_EXMORE.gz
VD_U,Vascular dementia (undefined),Neurological endpoints,Neurological,1656,474702,https://storage.googleapis.com/finngen-public-data-r12/summary_stats/release/finngen_R12_VD_U.gz
VD_SC,Vascular dementia (subcortical),Neurological endpoints,Neurological,1031,474702,https://storage.googleapis.com/finngen-public-data-r12/summary_stats/release/finngen_R12_VD_SC.gz
PD2ND_EXMORE,Secondary parkinsonism (more control exclusions),Neurological endpoints,Neurological,946,216760,https://storage.googleapis.com/finngen-public-data-r12/summary_stats/release/finngen_R12_PD2ND_EXMORE.gz
SFN,Small fibre neuropathy,Neurological endpoints,Neurological,895,491583,https://storage.googleapis.com/finngen-public-data-r12/summary_stats/release/finngen_R12_SFN.gz
PD_DEMENTIA_EXMORE,Dementia due to Parkinson's disease (more control exclusions),Neurological endpoints,Neurological,755,216760,https://storage.googleapis.com/finngen-public-data-r12/summary_stats/release/finngen_R12_PD_DEMENTIA_EXMORE.gz
VD_MI,Vascular dementia (multiple infarctions),Neurological endpoints,Neurological,620,474702,https://storage.googleapis.com/finngen-public-data-r12/summary_stats/release/finngen_R12_VD_MI.gz
VD_MX,Vascular dementia (mixed),Neurological endpoints,Neurological,531,474702,https://storage.googleapis.com/finngen-public-data-r12/summary_stats/release/finngen_R12_VD_MX.gz
AD_U_EXMORE,Alzheimer’s disease (undefined) (more control exclusions),Neurological endpoints,Neurological,502,216472,https://storage.googleapis.com/finngen-public-data-r12/summary_stats/release/finngen_R12_AD_U_EXMORE.gz
MYELOPROF_NONCML,Myeloproliferative diseases (CML excluded),"Other, not yet classified endpoints (same as #MISC)","Other,",2791,497256,https://storage.googleapis.com/finngen-public-data-r12/summary_stats/release/finngen_R12_MYELOPROF_NONCML.gz
THROMBOCYTAEMIA,Essential (haemorrhagic) thrombocythaemia,"Other, not yet classified endpoints (same as #MISC)","Other,",1307,377885,https://storage.googleapis.com/finngen-public-data-r12/summary_stats/release/finngen_R12_THROMBOCYTAEMIA.gz
POLYCYTVERA,Polycythaemia vera,"Other, not yet classified endpoints (same as #MISC)","Other,",1205,378022,https://storage.googleapis.com/finngen-public-data-r12/summary_stats/release/finngen_R12_POLYCYTVERA.gz
KRA_PSY_ANYMENTAL,Any mental disorder,Psychiatric endpoints from Katri Räikkönen,Psychiatric,138044,362304,https://storage.googleapis.com/finngen-public-data-r12/summary_stats/release/finngen_R12_KRA_PSY_ANYMENTAL.gz
KRA_PSY_ANXIETY_EXMORE,Anxiety disorders (more control exclusions),Psychiatric endpoints from Katri Räikkönen,Psychiatric,56552,362304,https://storage.googleapis.com/finngen-public-data-r12/summary_stats/release/finngen_R12_KRA_PSY_ANXIETY_EXMORE.gz
KRA_PSY_SUBSTANCE_EXMORE,Substance abuse (more control exclusions),Psychiatric endpoints from Katri Räikkönen,Psychiatric,30806,362304,https://storage.googleapis.com/finngen-public-data-r12/summary_stats/release/finngen_R12_KRA_PSY_SUBSTANCE_EXMORE.gz
KRA_PSY_DEMENTIA_EXMORE,Any dementia (more control exclusions),Psychiatric endpoints from Katri Räikkönen,Psychiatric,21157,362304,https://storage.googleapis.com/finngen-public-data-r12/summary_stats/release/finngen_R12_KRA_PSY_DEMENTIA_EXMORE.gz
KRA_PSY_SCHIZODEL_EXMORE,Schizophrenia or delusion (more control exclusions),Psychiatric endpoints from Katri Räikkönen,Psychiatric,15498,362304,https://storage.googleapis.com/finngen-public-data-r12/summary_stats/release/finngen_R12_KRA_PSY_SCHIZODEL_EXMORE.gz
KRA_PSY_ANYMENTAL_SUICID_PREG_NERV_EXMORE,"Any mental disorder, or suicide (or attempt), or psychic disorders complicating pregnancy, partum or puerperium or nerve system disorders (more control exclusions)",Psychiatric endpoints from Katri Räikkönen,Psychiatric,14265,361333,https://storage.googleapis.com/finngen-public-data-r12/summary_stats/release/finngen_R12_KRA_PSY_ANYMENTAL_SUICID_PREG_NERV_EXMORE.gz
KRA_PSY_PERSON_EXMORE,Personality disorders (more control exclusions),Psychiatric endpoints from Katri Räikkönen,Psychiatric,13045,362300,https://storage.googleapis.com/finngen-public-data-r12/summary_stats/release/finngen_R12_KRA_PSY_PERSON_EXMORE.gz
VWXY20_SUICI_OTHER_INTENTI_SELF_H,Suicide or other Intentional self-harm,Psychiatric endpoints from Katri Räikkönen,Psychiatric,11538,488810,https://storage.googleapis.com/finngen-public-data-r12/summary_stats/release/finngen_R12_VWXY20_SUICI_OTHER_INTENTI_SELF_H.gz
KRA_PSY_SLEEP_NONORG_EXMORE,Nonorganic sleeping disorders (more control exclusions),Psychiatric endpoints from Katri Räikkönen,Psychiatric,8336,362304,https://storage.googleapis.com/finngen-public-data-r12/summary_stats/release/finngen_R12_KRA_PSY_SLEEP_NONORG_EXMORE.gz
KRA_PSY_ALCOH_EXMORE,"Alcohol abuse, main dg (more control exclusions)",Psychiatric endpoints from Katri Räikkönen,Psychiatric,6683,362304,https://storage.googleapis.com/finngen-public-data-r12/summary_stats/release/finngen_R12_KRA_PSY_ALCOH_EXMORE.gz
KRA_PSY_HYPERKIN_EXMORE,Hyperkinetic disorders (more control exclusions),Psychiatric endpoints from Katri Räikkönen,Psychiatric,4737,362304,https://storage.googleapis.com/finngen-public-data-r12/summary_stats/release/finngen_R12_KRA_PSY_HYPERKIN_EXMORE.gz
KRA_PSY_EATING_EXMORE,Eating disorder (more control exclusions),Psychiatric endpoints from Katri Räikkönen,Psychiatric,3923,362304,https://storage.googleapis.com/finngen-public-data-r12/summary_stats/release/finngen_R12_KRA_PSY_EATING_EXMORE.gz
KRA_PSY_SPEELING_EXMORE,Speech and linguistic disorders (more control exclusions),Psychiatric endpoints from Katri Räikkönen,Psychiatric,3752,362304,https://storage.googleapis.com/finngen-public-data-r12/summary_stats/release/finngen_R12_KRA_PSY_SPEELING_EXMORE.gz
KRA_PSY_CHILDOTH_EXMORE,Other disorders starting during childhood or adolescence (more control exclusions),Psychiatric endpoints from Katri Räikkönen,Psychiatric,2097,362304,https://storage.googleapis.com/finngen-public-data-r12/summary_stats/release/finngen_R12_KRA_PSY_CHILDOTH_EXMORE.gz
KRA_PSY_CHILDEMOT_EXMORE,Emotional disorders starting during childhood or adolescence (more control exclusions),Psychiatric endpoints from Katri Räikkönen,Psychiatric,2068,362304,https://storage.googleapis.com/finngen-public-data-r12/summary_stats/release/finngen_R12_KRA_PSY_CHILDEMOT_EXMORE.gz
KRA_PSY_MENTALRET_EXMORE,Mental retardation (more control exclusions),Psychiatric endpoints from Katri Räikkönen,Psychiatric,1429,362234,https://storage.googleapis.com/finngen-public-data-r12/summary_stats/release/finngen_R12_KRA_PSY_MENTALRET_EXMORE.gz
KRA_PSY_DEVWIDE_EXMORE,Wide developmental disorders (more control exclusions),Psychiatric endpoints from Katri Räikkönen,Psychiatric,1179,362304,https://storage.googleapis.com/finngen-public-data-r12/summary_stats/release/finngen_R12_KRA_PSY_DEVWIDE_EXMORE.gz
KRA_PSY_CODUCTEMOT_EXMORE,Mixed disorders of conduct and emotions (more control exclusions),Psychiatric endpoints from Katri Räikkönen,Psychiatric,933,362304,https://storage.googleapis.com/finngen-public-data-r12/summary_stats/release/finngen_R12_KRA_PSY_CODUCTEMOT_EXMORE.gz
KRA_PSY_AUTISM_EXMORE,Autism spe (more control exclusions),Psychiatric endpoints from Katri Räikkönen,Psychiatric,888,362304,https://storage.googleapis.com/finngen-public-data-r12/summary_stats/release/finngen_R12_KRA_PSY_AUTISM_EXMORE.gz
KRA_PSY_BEHAV_EXMORE,Behavioural disorders (more control exclusions),Psychiatric endpoints from Katri Räikkönen,Psychiatric,809,362304,https://storage.googleapis.com/finngen-public-data-r12/summary_stats/release/finngen_R12_KRA_PSY_BEHAV_EXMORE.gz
KRA_PSY_MOTOR_EXMORE,Motor disorders (more control exclusions),Psychiatric endpoints from Katri Räikkönen,Psychiatric,566,362304,https://storage.googleapis.com/finngen-public-data-r12/summary_stats/release/finngen_R12_KRA_PSY_MOTOR_EXMORE.gz
BMI_IRN,"Body-mass index, inverse-rank normalized",Quantitative endpoints,Quantitative,500348,0,https://storage.googleapis.com/finngen-public-data-r12/summary_stats/release/finngen_R12_BMI_IRN.gz
HEIGHT_IRN,"Height, inverse-rank normalized",Quantitative endpoints,Quantitative,500348,0,https://storage.googleapis.com/finngen-public-data-r12/summary_stats/release/finngen_R12_HEIGHT_IRN.gz
WEIGHT_IRN,"Weight, inverse-rank normalized",Quantitative endpoints,Quantitative,500348,0,https://storage.googleapis.com/finngen-public-data-r12/summary_stats/release/finngen_R12_WEIGHT_IRN.gz
PRIM_KNEEARTHROSIS,"Primary gonarthrosis, bilateral",Rheuma endpoints,Rheuma,23582,438992,https://storage.googleapis.com/finngen-public-data-r12/summary_stats/release/finngen_R12_PRIM_KNEEARTHROSIS.gz
RHEU_ARTHRITIS_OTH,Other arthritis (FG),Rheuma endpoints,Rheuma,15011,374317,https://storage.googleapis.com/finngen-public-data-r12/summary_stats/release/finngen_R12_RHEU_ARTHRITIS_OTH.gz
OTHER_SYSTCON_FG,Other systemic involvement of connective tissue (FG),Rheuma endpoints,Rheuma,12032,374317,https://storage.googleapis.com/finngen-public-data-r12/summary_stats/release/finngen_R12_OTHER_SYSTCON_FG.gz
RHEUMA_SEROPOS_WIDE,"Seropositive rheumatoid arthritis, wide",Rheuma endpoints,Rheuma,11918,488425,https://storage.googleapis.com/finngen-public-data-r12/summary_stats/release/finngen_R12_RHEUMA_SEROPOS_WIDE.gz
PRIM_COXARTHROSIS,"Primary coxarthrosis, bilateral",Rheuma endpoints,Rheuma,11863,469546,https://storage.googleapis.com/finngen-public-data-r12/summary_stats/release/finngen_R12_PRIM_COXARTHROSIS.gz
RHEUMA_OTHER_WIDE,"Other (seronegative) rheumatoid arthritis, wide",Rheuma endpoints,Rheuma,8048,492300,https://storage.googleapis.com/finngen-public-data-r12/summary_stats/release/finngen_R12_RHEUMA_OTHER_WIDE.gz
GOUT_NOS,"Gout, unspecified",Rheuma endpoints,Rheuma,7826,488006,https://storage.googleapis.com/finngen-public-data-r12/summary_stats/release/finngen_R12_GOUT_NOS.gz
GOUT_STRICT,"Gout, strict definition",Rheuma endpoints,Rheuma,6715,490619,https://storage.googleapis.com/finngen-public-data-r12/summary_stats/release/finngen_R12_GOUT_STRICT.gz
SPONDYLOPATHY_FG,Spondylopathies (FG),Rheuma endpoints,Rheuma,6317,374317,https://storage.googleapis.com/finngen-public-data-r12/summary_stats/release/finngen_R12_SPONDYLOPATHY_FG.gz
RHEUMA_SEROPOS_STRICT,"Seropositive rheumatoid arthritis, strict definition",Rheuma endpoints,Rheuma,6179,488830,https://storage.googleapis.com/finngen-public-data-r12/summary_stats/release/finngen_R12_RHEUMA_SEROPOS_STRICT.gz
RHEUMA_NOS,Other/unspecified rheumatoid arthritis,Rheuma endpoints,Rheuma,5042,495193,https://storage.googleapis.com/finngen-public-data-r12/summary_stats/release/finngen_R12_RHEUMA_NOS.gz
RHEUMA_SERONEG,Seronegative rheumatoid arthritis,Rheuma endpoints,Rheuma,5002,374317,https://storage.googleapis.com/finngen-public-data-r12/summary_stats/release/finngen_R12_RHEUMA_SERONEG.gz
GOUT_IDIO,Idiopathic gout,Rheuma endpoints,Rheuma,3233,488006,https://storage.googleapis.com/finngen-public-data-r12/summary_stats/release/finngen_R12_GOUT_IDIO.gz
RHEUMA_ARHTROPAT_REACTIVE,"Reactive arthropathies, FINNGEN",Rheuma endpoints,Rheuma,2932,374317,https://storage.googleapis.com/finngen-public-data-r12/summary_stats/release/finngen_R12_RHEUMA_ARHTROPAT_REACTIVE.gz
OSTEOPOROSIS_FRACTURE_FG,Osteoporosis with pathological fracture (FG),Rheuma endpoints,Rheuma,2429,374317,https://storage.googleapis.com/finngen-public-data-r12/summary_stats/release/finngen_R12_OSTEOPOROSIS_FRACTURE_FG.gz
NECROVASC_FG,Other necrotizing vasculopathies (FG),Rheuma endpoints,Rheuma,2250,374317,https://storage.googleapis.com/finngen-public-data-r12/summary_stats/release/finngen_R12_NECROVASC_FG.gz
OSTPOPATFRCTURE_POSTEMENO,Postmenopausal osteoporosis with pathological fracture,Rheuma endpoints,Rheuma,2001,279785,https://storage.googleapis.com/finngen-public-data-r12/summary_stats/release/finngen_R12_OSTPOPATFRCTURE_POSTEMENO.gz
JUVEN_ARTHR,Juvenile arthritis (FINNGEN),Rheuma endpoints,Rheuma,1994,374317,https://storage.googleapis.com/finngen-public-data-r12/summary_stats/release/finngen_R12_JUVEN_ARTHR.gz
SCND_OTH_KNEEARTHROSIS,Other secondary gonarthrosis,Rheuma endpoints,Rheuma,1891,438992,https://storage.googleapis.com/finngen-public-data-r12/summary_stats/release/finngen_R12_SCND_OTH_KNEEARTHROSIS.gz
SLE_FG,SLE (Finngen),Rheuma endpoints,Rheuma,1306,372273,https://storage.googleapis.com/finngen-public-data-r12/summary_stats/release/finngen_R12_SLE_FG.gz
SCND_OTH_COXARTHROSIS,Other secondary coxarthrosis,Rheuma endpoints,Rheuma,1197,469546,https://storage.googleapis.com/finngen-public-data-r12/summary_stats/release/finngen_R12_SCND_OTH_COXARTHROSIS.gz
ARTHRO_SPEC,"Other specific arthropathies, wide",Rheuma endpoints,Rheuma,811,374317,https://storage.googleapis.com/finngen-public-data-r12/summary_stats/release/finngen_R12_ARTHRO_SPEC.gz
CREST,CR(E)ST syndrome,Rheuma endpoints,Rheuma,514,499834,https://storage.googleapis.com/finngen-public-data-r12/summary_stats/release/finngen_R12_CREST.gz
DERMATOPOLY_FG,Dermatopolymyositis (FG),Rheuma endpoints,Rheuma,500,374317,https://storage.googleapis.com/finngen-public-data-r12/summary_stats/release/finngen_R12_DERMATOPOLY_FG.gz
RX_N05C,Use of hypnotics and sedatives,V Mental and behavioural disorders (F5_),V,86095,414253,https://storage.googleapis.com/finngen-public-data-r12/summary_stats/release/finngen_R12_RX_N05C.gz
F5_DEPRESSION_DYSTHYMIA,Depression or dysthymia,V Mental and behavioural disorders (F5_),V,72588,254393,https://storage.googleapis.com/finngen-public-data-r12/summary_stats/release/finngen_R12_F5_DEPRESSION_DYSTHYMIA.gz
F5_MOOD,Mood [affective] disorders,V Mental and behavioural disorders (F5_),V,65517,434831,https://storage.googleapis.com/finngen-public-data-r12/summary_stats/release/finngen_R12_F5_MOOD.gz
F5_DEPRESSIO,Depression,V Mental and behavioural disorders (F5_),V,59333,434831,https://storage.googleapis.com/finngen-public-data-r12/summary_stats/release/finngen_R12_F5_DEPRESSIO.gz
F5_ALLANXIOUS,All anxiety disorders,V Mental and behavioural disorders (F5_),V,35875,444414,https://storage.googleapis.com/finngen-public-data-r12/summary_stats/release/finngen_R12_F5_ALLANXIOUS.gz
F5_DEMENTIA_INCLAVO,"Dementia, including avohilmo",V Mental and behavioural disorders (F5_),V,26681,473667,https://storage.googleapis.com/finngen-public-data-r12/summary_stats/release/finngen_R12_F5_DEMENTIA_INCLAVO.gz
F5_DEPRESSION_RECURRENT,Recurrent or chronic depression,V Mental and behavioural disorders (F5_),V,26094,254393,https://storage.googleapis.com/finngen-public-data-r12/summary_stats/release/finngen_R12_F5_DEPRESSION_RECURRENT.gz
F5_DEMENTIA,Dementia,V Mental and behavioural disorders (F5_),V,24864,469981,https://storage.googleapis.com/finngen-public-data-r12/summary_stats/release/finngen_R12_F5_DEMENTIA.gz
F5_ANXIETY,Other anxiety disorders,V Mental and behavioural disorders (F5_),V,24643,444414,https://storage.googleapis.com/finngen-public-data-r12/summary_stats/release/finngen_R12_F5_ANXIETY.gz
AUD,"Alcohol use disorder, ICD-based",V Mental and behavioural disorders (F5_),V,20597,479751,https://storage.googleapis.com/finngen-public-data-r12/summary_stats/release/finngen_R12_AUD.gz
F5_STRESSOTH,"Other reaction to severe stress, and adjustment disorders",V Mental and behavioural disorders (F5_),V,18806,444414,https://storage.googleapis.com/finngen-public-data-r12/summary_stats/release/finngen_R12_F5_STRESSOTH.gz
F5_KELAMENT,Kela-code for severe mental illness,V Mental and behavioural disorders (F5_),V,18538,479456,https://storage.googleapis.com/finngen-public-data-r12/summary_stats/release/finngen_R12_F5_KELAMENT.gz
F5_BEHAVE,Behavioural syndromes associated with physiological disturbances and physical factors,V Mental and behavioural disorders (F5_),V,15447,484901,https://storage.googleapis.com/finngen-public-data-r12/summary_stats/release/finngen_R12_F5_BEHAVE.gz
F5_ALCOHOL_DEPENDENCE,Alcohol dependence,V Mental and behavioural disorders (F5_),V,12599,468475,https://storage.googleapis.com/finngen-public-data-r12/summary_stats/release/finngen_R12_F5_ALCOHOL_DEPENDENCE.gz
F5_ALCOHOLAC,Acute alcohol intoxication,V Mental and behavioural disorders (F5_),V,12032,468475,https://storage.googleapis.com/finngen-public-data-r12/summary_stats/release/finngen_R12_F5_ALCOHOLAC.gz
F5_BEHEMOCHILD,Behavioural and emotional disorders with onset usually occurring in childhood and adolescence,V Mental and behavioural disorders (F5_),V,9640,490708,https://storage.googleapis.com/finngen-public-data-r12/summary_stats/release/finngen_R12_F5_BEHEMOCHILD.gz
F5_PERSMOOD,Persistent mood disorders,V Mental and behavioural disorders (F5_),V,9001,434831,https://storage.googleapis.com/finngen-public-data-r12/summary_stats/release/finngen_R12_F5_PERSMOOD.gz
F5_PSYCHOTH,Other and unspecified nonorganic psychotic disorders,V Mental and behavioural disorders (F5_),V,8976,484776,https://storage.googleapis.com/finngen-public-data-r12/summary_stats/release/finngen_R12_F5_PSYCHOTH.gz
F5_BIPO,Bipolar affective disorders,V Mental and behavioural disorders (F5_),V,8946,434831,https://storage.googleapis.com/finngen-public-data-r12/summary_stats/release/finngen_R12_F5_BIPO.gz
F5_SUBSNOALCO,"Substance use, excluding alcohol",V Mental and behavioural disorders (F5_),V,8840,468475,https://storage.googleapis.com/finngen-public-data-r12/summary_stats/release/finngen_R12_F5_SUBSNOALCO.gz
F5_ALZHDEMENT,Dementia in Alzheimer disease,V Mental and behavioural disorders (F5_),V,7968,469981,https://storage.googleapis.com/finngen-public-data-r12/summary_stats/release/finngen_R12_F5_ALZHDEMENT.gz
F5_SCHZPHR,Schizophrenia,V Mental and behavioural disorders (F5_),V,7234,484776,https://storage.googleapis.com/finngen-public-data-r12/summary_stats/release/finngen_R12_F5_SCHZPHR.gz
F5_GAD,Generalized anxiety disorder,V Mental and behavioural disorders (F5_),V,7148,444414,https://storage.googleapis.com/finngen-public-data-r12/summary_stats/release/finngen_R12_F5_GAD.gz
F5_SOMATOFORM,Somatoform disorder,V Mental and behavioural disorders (F5_),V,7148,444414,https://storage.googleapis.com/finngen-public-data-r12/summary_stats/release/finngen_R12_F5_SOMATOFORM.gz
F5_PANIC,Panic disorder,V Mental and behavioural disorders (F5_),V,6911,444414,https://storage.googleapis.com/finngen-public-data-r12/summary_stats/release/finngen_R12_F5_PANIC.gz
F5_INSOMNIA,Insomnia,V Mental and behavioural disorders (F5_),V,6776,490763,https://storage.googleapis.com/finngen-public-data-r12/summary_stats/release/finngen_R12_F5_INSOMNIA.gz
F5_PHOBANX,Phobic anxiety disorders,V Mental and behavioural disorders (F5_),V,6248,444414,https://storage.googleapis.com/finngen-public-data-r12/summary_stats/release/finngen_R12_F5_PHOBANX.gz
F5_PSYCHDEV,Disorders of psychological development,V Mental and behavioural disorders (F5_),V,5519,494829,https://storage.googleapis.com/finngen-public-data-r12/summary_stats/release/finngen_R12_F5_PSYCHDEV.gz
F5_EMOPER,Emotionally unstable personality disorder,V Mental and behavioural disorders (F5_),V,5464,486464,https://storage.googleapis.com/finngen-public-data-r12/summary_stats/release/finngen_R12_F5_EMOPER.gz
F5_DEMNAS,Unspecified dementia,V Mental and behavioural disorders (F5_),V,5388,469981,https://storage.googleapis.com/finngen-public-data-r12/summary_stats/release/finngen_R12_F5_DEMNAS.gz
F5_PSYTRANS,Acute and transient psychotic disorders,V Mental and behavioural disorders (F5_),V,5003,484776,https://storage.googleapis.com/finngen-public-data-r12/summary_stats/release/finngen_R12_F5_PSYTRANS.gz
F5_ADHD,Disturbance of activity and attention,V Mental and behavioural disorders (F5_),V,4452,490708,https://storage.googleapis.com/finngen-public-data-r12/summary_stats/release/finngen_R12_F5_ADHD.gz
F5_DELIRIUM,"Delirium, not induced by alcohol and other psychoactive substances",V Mental and behavioural disorders (F5_),V,4381,469981,https://storage.googleapis.com/finngen-public-data-r12/summary_stats/release/finngen_R12_F5_DELIRIUM.gz
F5_MENTORG,Other mental disorders due to brain damage and dysfunction and to physical disease,V Mental and behavioural disorders (F5_),V,4277,469981,https://storage.googleapis.com/finngen-public-data-r12/summary_stats/release/finngen_R12_F5_MENTORG.gz
F5_OTHPER,Other specified and unspecified personality disorders,V Mental and behavioural disorders (F5_),V,3809,486464,https://storage.googleapis.com/finngen-public-data-r12/summary_stats/release/finngen_R12_F5_OTHPER.gz
F5_SOCPHOB,Social phobias,V Mental and behavioural disorders (F5_),V,3754,444414,https://storage.googleapis.com/finngen-public-data-r12/summary_stats/release/finngen_R12_F5_SOCPHOB.gz
F5_VASCDEM,Vascular dementia,V Mental and behavioural disorders (F5_),V,3624,475484,https://storage.googleapis.com/finngen-public-data-r12/summary_stats/release/finngen_R12_F5_VASCDEM.gz
F5_MENTALUNSPE,"Mental disorders, not otherwise specified",V Mental and behavioural disorders (F5_),V,3449,479456,https://storage.googleapis.com/finngen-public-data-r12/summary_stats/release/finngen_R12_F5_MENTALUNSPE.gz
F5_PTSD,Post-traumatic stress disorder,V Mental and behavioural disorders (F5_),V,3444,444414,https://storage.googleapis.com/finngen-public-data-r12/summary_stats/release/finngen_R12_F5_PTSD.gz
F5_MIXPER,Mixed and other personality disorders,V Mental and behavioural disorders (F5_),V,3333,486464,https://storage.googleapis.com/finngen-public-data-r12/summary_stats/release/finngen_R12_F5_MIXPER.gz
SMOKING_DEPEND,Smoking dependency,V Mental and behavioural disorders (F5_),V,3200,495423,https://storage.googleapis.com/finngen-public-data-r12/summary_stats/release/finngen_R12_SMOKING_DEPEND.gz
F5_SCHIZOAFF,Schizoaffective disorder,V Mental and behavioural disorders (F5_),V,3095,484776,https://storage.googleapis.com/finngen-public-data-r12/summary_stats/release/finngen_R12_F5_SCHIZOAFF.gz
F5_MOODOTH,Other and unspecified mood [affective] disorders,V Mental and behavioural disorders (F5_),V,3063,434831,https://storage.googleapis.com/finngen-public-data-r12/summary_stats/release/finngen_R12_F5_MOODOTH.gz
F5_DELUSIO,Persistent delusional disorders,V Mental and behavioural disorders (F5_),V,2953,484776,https://storage.googleapis.com/finngen-public-data-r12/summary_stats/release/finngen_R12_F5_DELUSIO.gz
ERECTILE_DYSFUNCTION,Erectile dysfunction,V Mental and behavioural disorders (F5_),V,2886,215272,https://storage.googleapis.com/finngen-public-data-r12/summary_stats/release/finngen_R12_ERECTILE_DYSFUNCTION.gz
F5_OTHERSUB,Mental and behavioural disorders due to multiple drug use and use of multiple drugs and use of other psychoactive substances,V Mental and behavioural disorders (F5_),V,2866,491508,https://storage.googleapis.com/finngen-public-data-r12/summary_stats/release/finngen_R12_F5_OTHERSUB.gz
F5_OCD,Obsessive-compulsive disorder,V Mental and behavioural disorders (F5_),V,2813,444414,https://storage.googleapis.com/finngen-public-data-r12/summary_stats/release/finngen_R12_F5_OCD.gz
F5_SEDAHYP,Mental and behavioural disorders due to sedatives or hypnotics,V Mental and behavioural disorders (F5_),V,2668,491508,https://storage.googleapis.com/finngen-public-data-r12/summary_stats/release/finngen_R12_F5_SEDAHYP.gz
F5_DEPRESSION_PSYCHOTIC,Psychotic depression,V Mental and behavioural disorders (F5_),V,2622,254393,https://storage.googleapis.com/finngen-public-data-r12/summary_stats/release/finngen_R12_F5_DEPRESSION_PSYCHOTIC.gz
F5_ANOREX,Anorexia (incl.atypical),V Mental and behavioural disorders (F5_),V,2621,484901,https://storage.googleapis.com/finngen-public-data-r12/summary_stats/release/finngen_R12_F5_ANOREX.gz
ALCODELIRIUM,Alcohol withdrawal state with delirium ,V Mental and behavioural disorders (F5_),V,2605,497743,https://storage.googleapis.com/finngen-public-data-r12/summary_stats/release/finngen_R12_ALCODELIRIUM.gz
F5_SPEECH,Specific development disorders of speech and language,V Mental and behavioural disorders (F5_),V,2362,494829,https://storage.googleapis.com/finngen-public-data-r12/summary_stats/release/finngen_R12_F5_SPEECH.gz
F5_EMOCHILD,Emotional disorders and disorders of social functioning with onset specific to childhood,V Mental and behavioural disorders (F5_),V,2230,490708,https://storage.googleapis.com/finngen-public-data-r12/summary_stats/release/finngen_R12_F5_EMOCHILD.gz
F5_EATOTH,Other eating disorders,V Mental and behavioural disorders (F5_),V,2155,484901,https://storage.googleapis.com/finngen-public-data-r12/summary_stats/release/finngen_R12_F5_EATOTH.gz
F5_NEUROTICOTH,Other neurotic disorders,V Mental and behavioural disorders (F5_),V,1914,444414,https://storage.googleapis.com/finngen-public-data-r12/summary_stats/release/finngen_R12_F5_NEUROTICOTH.gz
F5_SCHOLA,Specific development disorders of scholastic skills,V Mental and behavioural disorders (F5_),V,1719,494829,https://storage.googleapis.com/finngen-public-data-r12/summary_stats/release/finngen_R12_F5_SCHOLA.gz
F5_DEMINOTH,Dementia in other diseases classified elsewhere,V Mental and behavioural disorders (F5_),V,1607,469981,https://storage.googleapis.com/finngen-public-data-r12/summary_stats/release/finngen_R12_F5_DEMINOTH.gz
F5_DISSOCIATIVE,Dissociative [conversion] disorders,V Mental and behavioural disorders (F5_),V,1525,444414,https://storage.googleapis.com/finngen-public-data-r12/summary_stats/release/finngen_R12_F5_DISSOCIATIVE.gz
F5_ANAPER,Anankastic personality disorder,V Mental and behavioural disorders (F5_),V,1468,486464,https://storage.googleapis.com/finngen-public-data-r12/summary_stats/release/finngen_R12_F5_ANAPER.gz
F5_OPIOIDS,Mental and behavioural disorders due to opioids,V Mental and behavioural disorders (F5_),V,1444,491508,https://storage.googleapis.com/finngen-public-data-r12/summary_stats/release/finngen_R12_F5_OPIOIDS.gz
F5_BULIMIA,Bulimia nervosa (incl. atypical),V Mental and behavioural disorders (F5_),V,1392,484901,https://storage.googleapis.com/finngen-public-data-r12/summary_stats/release/finngen_R12_F5_BULIMIA.gz
F5_AGORAPHOBIA,Agoraphobia,V Mental and behavioural disorders (F5_),V,1290,444414,https://storage.googleapis.com/finngen-public-data-r12/summary_stats/release/finngen_R12_F5_AGORAPHOBIA.gz
F5_SLEEP_NOS,"Sleep disorders, other/unspecified",V Mental and behavioural disorders (F5_),V,1249,490763,https://storage.googleapis.com/finngen-public-data-r12/summary_stats/release/finngen_R12_F5_SLEEP_NOS.gz
F5_CANNABIS,Mental and behavioural disorders due to cannabinoids,V Mental and behavioural disorders (F5_),V,1168,491508,https://storage.googleapis.com/finngen-public-data-r12/summary_stats/release/finngen_R12_F5_CANNABIS.gz
F5_MANIA,Manic episode,V Mental and behavioural disorders (F5_),V,1157,434831,https://storage.googleapis.com/finngen-public-data-r12/summary_stats/release/finngen_R12_F5_MANIA.gz
F5_STIMUL,"Mental and behavioural disorders due to use of other stimulants, including caffeine",V Mental and behavioural disorders (F5_),V,1077,491508,https://storage.googleapis.com/finngen-public-data-r12/summary_stats/release/finngen_R12_F5_STIMUL.gz
F5_MILDRET,Mild mental retardation,V Mental and behavioural disorders (F5_),V,913,498826,https://storage.googleapis.com/finngen-public-data-r12/summary_stats/release/finngen_R12_F5_MILDRET.gz
F5_SCHIZOTYP,Schizotypal disorder,V Mental and behavioural disorders (F5_),V,906,484776,https://storage.googleapis.com/finngen-public-data-r12/summary_stats/release/finngen_R12_F5_SCHIZOTYP.gz
F5_MIXEDDEV,Mixed specific developmental disorders,V Mental and behavioural disorders (F5_),V,800,494829,https://storage.googleapis.com/finngen-public-data-r12/summary_stats/release/finngen_R12_F5_MIXEDDEV.gz
F5_DEPPER,Dependent personality disorder,V Mental and behavioural disorders (F5_),V,742,486464,https://storage.googleapis.com/finngen-public-data-r12/summary_stats/release/finngen_R12_F5_DEPPER.gz
F5_ANXPER,Anxious personality disorder,V Mental and behavioural disorders (F5_),V,730,486464,https://storage.googleapis.com/finngen-public-data-r12/summary_stats/release/finngen_R12_F5_ANXPER.gz
F5_PARAPER,Paranoid personality disorder,V Mental and behavioural disorders (F5_),V,683,486464,https://storage.googleapis.com/finngen-public-data-r12/summary_stats/release/finngen_R12_F5_PARAPER.gz
F5_HYPERKIN,Hyperkinetic disorders (excl. ADHD),V Mental and behavioural disorders (F5_),V,666,490708,https://storage.googleapis.com/finngen-public-data-r12/summary_stats/release/finngen_R12_F5_HYPERKIN.gz
F5_SCHIZPER,Schizoid personality disorder,V Mental and behavioural disorders (F5_),V,645,486464,https://storage.googleapis.com/finngen-public-data-r12/summary_stats/release/finngen_R12_F5_SCHIZPER.gz
F5_SLEEPWAKE,Disorder of the sleep-wake schedule,V Mental and behavioural disorders (F5_),V,633,490763,https://storage.googleapis.com/finngen-public-data-r12/summary_stats/release/finngen_R12_F5_SLEEPWAKE.gz
F5_HABIT,Habit and impulse disorders,V Mental and behavioural disorders (F5_),V,607,486464,https://storage.googleapis.com/finngen-public-data-r12/summary_stats/release/finngen_R12_F5_HABIT.gz
F5_PHYSBEHOTH,Unspecified behavioural syndromes associated with physiological disturbances and physical factors +Physiological and behavioural factors associated with disorders of diseases classified elsewhere,V Mental and behavioural disorders (F5_),V,601,484901,https://storage.googleapis.com/finngen-public-data-r12/summary_stats/release/finngen_R12_F5_PHYSBEHOTH.gz
F5_DISPER,Dissocial personality disorder,V Mental and behavioural disorders (F5_),V,573,486464,https://storage.googleapis.com/finngen-public-data-r12/summary_stats/release/finngen_R12_F5_DISPER.gz
F5_PERSBEHORG,"Personality and behavioural disorders due to brain disease, damage and dysfunction",V Mental and behavioural disorders (F5_),V,537,469981,https://storage.googleapis.com/finngen-public-data-r12/summary_stats/release/finngen_R12_F5_PERSBEHORG.gz
F5_SEXDYS,Sexual dysfunction,V Mental and behavioural disorders (F5_),V,534,484901,https://storage.googleapis.com/finngen-public-data-r12/summary_stats/release/finngen_R12_F5_SEXDYS.gz
F5_OTHRET,Other and unspecified mental retardation,V Mental and behavioural disorders (F5_),V,530,498826,https://storage.googleapis.com/finngen-public-data-r12/summary_stats/release/finngen_R12_F5_OTHRET.gz
F5_HYPERSOMNIA,Hypersomnia,V Mental and behavioural disorders (F5_),V,508,490763,https://storage.googleapis.com/finngen-public-data-r12/summary_stats/release/finngen_R12_F5_HYPERSOMNIA.gz
F5_GENDER,Gender identity disorders,V Mental and behavioural disorders (F5_),V,501,486464,https://storage.googleapis.com/finngen-public-data-r12/summary_stats/release/finngen_R12_F5_GENDER.gz
G6_EPIPAROX,Episodal and paroxysmal disorders,VI Diseases of the nervous system (G6_),VI,125743,374605,https://storage.googleapis.com/finngen-public-data-r12/summary_stats/release/finngen_R12_G6_EPIPAROX.gz
G6_NERPLEX,"Nerve, nerve root and plexus disorders",VI Diseases of the nervous system (G6_),VI,64977,435371,https://storage.googleapis.com/finngen-public-data-r12/summary_stats/release/finngen_R12_G6_NERPLEX.gz
G6_SLEEPAPNO_INCLAVO,"Sleep apnoea, including avohilmo",VI Diseases of the nervous system (G6_),VI,62722,437626,https://storage.googleapis.com/finngen-public-data-r12/summary_stats/release/finngen_R12_G6_SLEEPAPNO_INCLAVO.gz
G6_SLEEPAPNO,Sleep apnoea,VI Diseases of the nervous system (G6_),VI,56885,441137,https://storage.googleapis.com/finngen-public-data-r12/summary_stats/release/finngen_R12_G6_SLEEPAPNO.gz
G6_OTHNEU,Other neurological diseases,VI Diseases of the nervous system (G6_),VI,37319,463029,https://storage.googleapis.com/finngen-public-data-r12/summary_stats/release/finngen_R12_G6_OTHNEU.gz
G6_CARPTU,Carpal tunnel syndrome,VI Diseases of the nervous system (G6_),VI,31181,435371,https://storage.googleapis.com/finngen-public-data-r12/summary_stats/release/finngen_R12_G6_CARPTU.gz
G6_MIGRAINE,Migraine,VI Diseases of the nervous system (G6_),VI,26894,374605,https://storage.googleapis.com/finngen-public-data-r12/summary_stats/release/finngen_R12_G6_MIGRAINE.gz
G6_HEADACHE,Other headache syndromes,VI Diseases of the nervous system (G6_),VI,21750,374605,https://storage.googleapis.com/finngen-public-data-r12/summary_stats/release/finngen_R12_G6_HEADACHE.gz
G6_NEURODEGENERATIVE,Unspecific neurodegenerative disorder,VI Diseases of the nervous system (G6_),VI,20524,479824,https://storage.googleapis.com/finngen-public-data-r12/summary_stats/release/finngen_R12_G6_NEURODEGENERATIVE.gz
G6_XTRAPYR,Extrapyramidal and movement disorders,VI Diseases of the nervous system (G6_),VI,16264,484084,https://storage.googleapis.com/finngen-public-data-r12/summary_stats/release/finngen_R12_G6_XTRAPYR.gz
G6_EPLEPSY,Epilepsy,VI Diseases of the nervous system (G6_),VI,15645,374605,https://storage.googleapis.com/finngen-public-data-r12/summary_stats/release/finngen_R12_G6_EPLEPSY.gz
G6_ALZHEIMER,Alzheimer disease,VI Diseases of the nervous system (G6_),VI,13964,486384,https://storage.googleapis.com/finngen-public-data-r12/summary_stats/release/finngen_R12_G6_ALZHEIMER.gz
G6_MIGRAINE_WITH_AURA,Migraine with aura,VI Diseases of the nervous system (G6_),VI,11757,374605,https://storage.googleapis.com/finngen-public-data-r12/summary_stats/release/finngen_R12_G6_MIGRAINE_WITH_AURA.gz
G6_AD_WIDE,"Alzheimer’s disease, wide definition",VI Diseases of the nervous system (G6_),VI,10821,485932,https://storage.googleapis.com/finngen-public-data-r12/summary_stats/release/finngen_R12_G6_AD_WIDE.gz
G6_MIGRAINE_NO_AURA,Migraine without aura,VI Diseases of the nervous system (G6_),VI,9690,374605,https://storage.googleapis.com/finngen-public-data-r12/summary_stats/release/finngen_R12_G6_MIGRAINE_NO_AURA.gz
FE,Focal epilepsy,VI Diseases of the nervous system (G6_),VI,9275,484703,https://storage.googleapis.com/finngen-public-data-r12/summary_stats/release/finngen_R12_FE.gz
G6_XTRAPYROTH,Other extrapyramidal and movement disorders in other diseases,VI Diseases of the nervous system (G6_),VI,9197,484084,https://storage.googleapis.com/finngen-public-data-r12/summary_stats/release/finngen_R12_G6_XTRAPYROTH.gz
FE_STRICT,"Focal epilepsy, strict definition",VI Diseases of the nervous system (G6_),VI,8458,484697,https://storage.googleapis.com/finngen-public-data-r12/summary_stats/release/finngen_R12_FE_STRICT.gz
FE_MODE,"Focal epilepsy, mode (most common among epilepsy diagnosis)",VI Diseases of the nervous system (G6_),VI,8030,484703,https://storage.googleapis.com/finngen-public-data-r12/summary_stats/release/finngen_R12_FE_MODE.gz
G6_ROOTPLEXOTHUNS,"Other and unspecified nerve root and plexus disorders, also in other diseases",VI Diseases of the nervous system (G6_),VI,8022,435371,https://storage.googleapis.com/finngen-public-data-r12/summary_stats/release/finngen_R12_G6_ROOTPLEXOTHUNS.gz
G6_POLYOTHUNS,"Other and unspecified polyneuropathies, also in other diseases",VI Diseases of the nervous system (G6_),VI,7512,491583,https://storage.googleapis.com/finngen-public-data-r12/summary_stats/release/finngen_R12_G6_POLYOTHUNS.gz
G6_MIGRAINE_NO_AURA_TRIPTAN,Migraine without aura and triptan purchases,VI Diseases of the nervous system (G6_),VI,7324,445232,https://storage.googleapis.com/finngen-public-data-r12/summary_stats/release/finngen_R12_G6_MIGRAINE_NO_AURA_TRIPTAN.gz
G6_MIGRAINE_WITH_AURA_TRIPTAN,Migraine with aura and triptan purchases,VI Diseases of the nervous system (G6_),VI,6824,445232,https://storage.googleapis.com/finngen-public-data-r12/summary_stats/release/finngen_R12_G6_MIGRAINE_WITH_AURA_TRIPTAN.gz
G6_PARKINSON,Parkinson's disease,VI Diseases of the nervous system (G6_),VI,5861,494487,https://storage.googleapis.com/finngen-public-data-r12/summary_stats/release/finngen_R12_G6_PARKINSON.gz
G6_ULLNLE,Lesion of ulnar nerve,VI Diseases of the nervous system (G6_),VI,5826,435371,https://storage.googleapis.com/finngen-public-data-r12/summary_stats/release/finngen_R12_G6_ULLNLE.gz
G6_BELLPA,Bell's palsy,VI Diseases of the nervous system (G6_),VI,4800,435371,https://storage.googleapis.com/finngen-public-data-r12/summary_stats/release/finngen_R12_G6_BELLPA.gz
G6_MYONEU,Diseases of the myoneural junction and muscle,VI Diseases of the nervous system (G6_),VI,4681,495667,https://storage.googleapis.com/finngen-public-data-r12/summary_stats/release/finngen_R12_G6_MYONEU.gz
G6_CPETAL,Cerebral palsy and other paralytic syndromes,VI Diseases of the nervous system (G6_),VI,4661,495687,https://storage.googleapis.com/finngen-public-data-r12/summary_stats/release/finngen_R12_G6_CPETAL.gz
G6_SLEEPDISOTH,Other sleep disorders,VI Diseases of the nervous system (G6_),VI,4625,374605,https://storage.googleapis.com/finngen-public-data-r12/summary_stats/release/finngen_R12_G6_SLEEPDISOTH.gz
G6_RLS,Restless leg syndrome,VI Diseases of the nervous system (G6_),VI,4599,495749,https://storage.googleapis.com/finngen-public-data-r12/summary_stats/release/finngen_R12_G6_RLS.gz
G6_BRACHPLE,Brachial plexus disorders,VI Diseases of the nervous system (G6_),VI,3899,435371,https://storage.googleapis.com/finngen-public-data-r12/summary_stats/release/finngen_R12_G6_BRACHPLE.gz
G6_NEUINFL,Inflammatory diseases of the central nervous system,VI Diseases of the nervous system (G6_),VI,3261,497087,https://storage.googleapis.com/finngen-public-data-r12/summary_stats/release/finngen_R12_G6_NEUINFL.gz
G6_MYOPOTHUNS,Other and unspecified myopathies,VI Diseases of the nervous system (G6_),VI,3194,495667,https://storage.googleapis.com/finngen-public-data-r12/summary_stats/release/finngen_R12_G6_MYOPOTHUNS.gz
G6_POSTOPNEURO,Postprocedural disorders of nervous system,VI Diseases of the nervous system (G6_),VI,3006,463029,https://storage.googleapis.com/finngen-public-data-r12/summary_stats/release/finngen_R12_G6_POSTOPNEURO.gz
G6_MS,MS-disease / Multiple Sclerosis,VI Diseases of the nervous system (G6_),VI,2926,495931,https://storage.googleapis.com/finngen-public-data-r12/summary_stats/release/finngen_R12_G6_MS.gz
G6_HYDROCEPH,Hydrocephalus,VI Diseases of the nervous system (G6_),VI,2897,463029,https://storage.googleapis.com/finngen-public-data-r12/summary_stats/release/finngen_R12_G6_HYDROCEPH.gz
G6_NEUROOTH,Other disorders of nervous system,VI Diseases of the nervous system (G6_),VI,2404,463029,https://storage.googleapis.com/finngen-public-data-r12/summary_stats/release/finngen_R12_G6_NEUROOTH.gz
G6_PLANTAR,Lesion of plantar nerve,VI Diseases of the nervous system (G6_),VI,2289,435371,https://storage.googleapis.com/finngen-public-data-r12/summary_stats/release/finngen_R12_G6_PLANTAR.gz
G6_TRINEU,Trigeminal neuralgia,VI Diseases of the nervous system (G6_),VI,2226,435371,https://storage.googleapis.com/finngen-public-data-r12/summary_stats/release/finngen_R12_G6_TRINEU.gz
G6_CERCYST,Cerebral cysts,VI Diseases of the nervous system (G6_),VI,2163,463029,https://storage.googleapis.com/finngen-public-data-r12/summary_stats/release/finngen_R12_G6_CERCYST.gz
G6_DYSTON,Dystonia,VI Diseases of the nervous system (G6_),VI,2051,484084,https://storage.googleapis.com/finngen-public-data-r12/summary_stats/release/finngen_R12_G6_DYSTON.gz
G6_HEMIPLE,Hemiplegia,VI Diseases of the nervous system (G6_),VI,2008,495687,https://storage.googleapis.com/finngen-public-data-r12/summary_stats/release/finngen_R12_G6_HEMIPLE.gz
G6_ATYFAC,Atypical facial pain,VI Diseases of the nervous system (G6_),VI,1891,435371,https://storage.googleapis.com/finngen-public-data-r12/summary_stats/release/finngen_R12_G6_ATYFAC.gz
G6_FEMLAPOP,Lesion of lateral popliteal nerve,VI Diseases of the nervous system (G6_),VI,1837,435371,https://storage.googleapis.com/finngen-public-data-r12/summary_stats/release/finngen_R12_G6_FEMLAPOP.gz
G6_CLUSTHEADACHE_STRICT_INCLAVO,"Cluster headache, strict, including avohilmo",VI Diseases of the nervous system (G6_),VI,1833,498515,https://storage.googleapis.com/finngen-public-data-r12/summary_stats/release/finngen_R12_G6_CLUSTHEADACHE_STRICT_INCLAVO.gz
G6_SCIALE,Lesion of sciatic nerve,VI Diseases of the nervous system (G6_),VI,1729,435371,https://storage.googleapis.com/finngen-public-data-r12/summary_stats/release/finngen_R12_G6_SCIALE.gz
GE,Generalized epilepsy,VI Diseases of the nervous system (G6_),VI,1690,484697,https://storage.googleapis.com/finngen-public-data-r12/summary_stats/release/finngen_R12_GE.gz
G6_HCNP,Normal-pressure hydrocephalus,VI Diseases of the nervous system (G6_),VI,1680,497451,https://storage.googleapis.com/finngen-public-data-r12/summary_stats/release/finngen_R12_G6_HCNP.gz
G6_CLUSTHEADACHE_WIDE,"Cluster headache, wide",VI Diseases of the nervous system (G6_),VI,1509,374605,https://storage.googleapis.com/finngen-public-data-r12/summary_stats/release/finngen_R12_G6_CLUSTHEADACHE_WIDE.gz
G6_NEUATR,Systemic atrophies primarily affecting the central nervous system,VI Diseases of the nervous system (G6_),VI,1457,498891,https://storage.googleapis.com/finngen-public-data-r12/summary_stats/release/finngen_R12_G6_NEUATR.gz
G6_OTHDEMYEL,Other demyelinating diseases of the central nervous system,VI Diseases of the nervous system (G6_),VI,1402,496860,https://storage.googleapis.com/finngen-public-data-r12/summary_stats/release/finngen_R12_G6_OTHDEMYEL.gz
G6_RADLES,Lesion of radial nerve,VI Diseases of the nervous system (G6_),VI,1384,435371,https://storage.googleapis.com/finngen-public-data-r12/summary_stats/release/finngen_R12_G6_RADLES.gz
G6_STATUSEPI,Status epilepticus,VI Diseases of the nervous system (G6_),VI,1368,374605,https://storage.googleapis.com/finngen-public-data-r12/summary_stats/release/finngen_R12_G6_STATUSEPI.gz
G6_MENINGBACT,Bacterial meningitis,VI Diseases of the nervous system (G6_),VI,1268,497087,https://storage.googleapis.com/finngen-public-data-r12/summary_stats/release/finngen_R12_G6_MENINGBACT.gz
GE_MODE,"Generalized epilepsy, mode (most common among epilepsy diagnosis)",VI Diseases of the nervous system (G6_),VI,1235,484697,https://storage.googleapis.com/finngen-public-data-r12/summary_stats/release/finngen_R12_GE_MODE.gz
G6_MERALGIA,Meralgia paraesthetica,VI Diseases of the nervous system (G6_),VI,1194,435371,https://storage.googleapis.com/finngen-public-data-r12/summary_stats/release/finngen_R12_G6_MERALGIA.gz
G6_MONONPOTHUS,Other and unspecified mononeuropathies of upper limb,VI Diseases of the nervous system (G6_),VI,1114,435371,https://storage.googleapis.com/finngen-public-data-r12/summary_stats/release/finngen_R12_G6_MONONPOTHUS.gz
G6_MONOOTHUNS,"Other and unspecified mononeuropathies, also in other diseases",VI Diseases of the nervous system (G6_),VI,1098,435371,https://storage.googleapis.com/finngen-public-data-r12/summary_stats/release/finngen_R12_G6_MONOOTHUNS.gz
G6_SPINOTH,Other diseases of spinal cord,VI Diseases of the nervous system (G6_),VI,1093,463029,https://storage.googleapis.com/finngen-public-data-r12/summary_stats/release/finngen_R12_G6_SPINOTH.gz
G6_FACOTH,Other facial nerve disorders,VI Diseases of the nervous system (G6_),VI,1037,435371,https://storage.googleapis.com/finngen-public-data-r12/summary_stats/release/finngen_R12_G6_FACOTH.gz
G6_MONOLOWOTHUNS,Other and unspecified mononeuropathies of lower limb,VI Diseases of the nervous system (G6_),VI,1007,435371,https://storage.googleapis.com/finngen-public-data-r12/summary_stats/release/finngen_R12_G6_MONOLOWOTHUNS.gz
G6_MEDLEOTH,Other lesions of median nerve,VI Diseases of the nervous system (G6_),VI,995,435371,https://storage.googleapis.com/finngen-public-data-r12/summary_stats/release/finngen_R12_G6_MEDLEOTH.gz
G6_ENCEPHOTH,Other encephalitis,VI Diseases of the nervous system (G6_),VI,966,497087,https://storage.googleapis.com/finngen-public-data-r12/summary_stats/release/finngen_R12_G6_ENCEPHOTH.gz
GE_STRICT,"Generalized epilepsy, strict definition",VI Diseases of the nervous system (G6_),VI,873,484697,https://storage.googleapis.com/finngen-public-data-r12/summary_stats/release/finngen_R12_GE_STRICT.gz
G6_DEGENOTH,Other and unspecified degenerative diseases of nervous system,VI Diseases of the nervous system (G6_),VI,798,484548,https://storage.googleapis.com/finngen-public-data-r12/summary_stats/release/finngen_R12_G6_DEGENOTH.gz
G6_PARDIPLE,"Paraplegia, diplegia of upper limbs",VI Diseases of the nervous system (G6_),VI,781,495687,https://storage.googleapis.com/finngen-public-data-r12/summary_stats/release/finngen_R12_G6_PARDIPLE.gz
G6_AUTONOM,Autonomic disorders,VI Diseases of the nervous system (G6_),VI,778,463029,https://storage.googleapis.com/finngen-public-data-r12/summary_stats/release/finngen_R12_G6_AUTONOM.gz
G6_ALCODEGEN,Degeneration of the brain due to alcohol,VI Diseases of the nervous system (G6_),VI,759,484548,https://storage.googleapis.com/finngen-public-data-r12/summary_stats/release/finngen_R12_G6_ALCODEGEN.gz
G6_HCCOMM,Communicating hydrocephalus,VI Diseases of the nervous system (G6_),VI,753,497451,https://storage.googleapis.com/finngen-public-data-r12/summary_stats/release/finngen_R12_G6_HCCOMM.gz
G6_ATROPHCIRCUM,Circumscribed brain atrophy,VI Diseases of the nervous system (G6_),VI,678,484548,https://storage.googleapis.com/finngen-public-data-r12/summary_stats/release/finngen_R12_G6_ATROPHCIRCUM.gz
G6_ALS,Motor neuron disease,VI Diseases of the nervous system (G6_),VI,667,216760,https://storage.googleapis.com/finngen-public-data-r12/summary_stats/release/finngen_R12_G6_ALS.gz
G6_HCOTHUNS,Other and unspecified hydrocephalus,VI Diseases of the nervous system (G6_),VI,647,497451,https://storage.googleapis.com/finngen-public-data-r12/summary_stats/release/finngen_R12_G6_HCOTHUNS.gz
G6_CP,Cerebral palsy,VI Diseases of the nervous system (G6_),VI,624,495687,https://storage.googleapis.com/finngen-public-data-r12/summary_stats/release/finngen_R12_G6_CP.gz
G6_CAUSALGIA,Causalgia,VI Diseases of the nervous system (G6_),VI,616,435371,https://storage.googleapis.com/finngen-public-data-r12/summary_stats/release/finngen_R12_G6_CAUSALGIA.gz
G6_MENINGOTH,Other meningitis,VI Diseases of the nervous system (G6_),VI,560,497087,https://storage.googleapis.com/finngen-public-data-r12/summary_stats/release/finngen_R12_G6_MENINGOTH.gz
G6_MYASTHENIA,Myasthenia gravis,VI Diseases of the nervous system (G6_),VI,560,495667,https://storage.googleapis.com/finngen-public-data-r12/summary_stats/release/finngen_R12_G6_MYASTHENIA.gz
G6_TRIOTHUNS,Other and unspecified trigeminal disorders,VI Diseases of the nervous system (G6_),VI,559,435371,https://storage.googleapis.com/finngen-public-data-r12/summary_stats/release/finngen_R12_G6_TRIOTHUNS.gz
G6_GUILBAR,Guillain-Barre syndrome,VI Diseases of the nervous system (G6_),VI,551,491583,https://storage.googleapis.com/finngen-public-data-r12/summary_stats/release/finngen_R12_G6_GUILBAR.gz
G6_HCOBSTR,Obstructive hydrocephalus,VI Diseases of the nervous system (G6_),VI,544,497451,https://storage.googleapis.com/finngen-public-data-r12/summary_stats/release/finngen_R12_G6_HCOBSTR.gz
G6_MONOPLE,Monoplegia,VI Diseases of the nervous system (G6_),VI,518,495687,https://storage.googleapis.com/finngen-public-data-r12/summary_stats/release/finngen_R12_G6_MONOPLE.gz
H7_CATARACTSENILE,Senile cataract,VII Diseases of the eye and adnexa (H7_),VII,83886,409535,https://storage.googleapis.com/finngen-public-data-r12/summary_stats/release/finngen_R12_H7_CATARACTSENILE.gz
H7_LIDLACRIMALORBIT,"Disorders of eyelid, lacrimal system and orbit",VII Diseases of the eye and adnexa (H7_),VII,46418,453930,https://storage.googleapis.com/finngen-public-data-r12/summary_stats/release/finngen_R12_H7_LIDLACRIMALORBIT.gz
H7_CHOROIDRETINA,Disorders of choroid and retina,VII Diseases of the eye and adnexa (H7_),VII,44899,455449,https://storage.googleapis.com/finngen-public-data-r12/summary_stats/release/finngen_R12_H7_CHOROIDRETINA.gz
H7_CONJUNCTIVITIS,Conjunctivitis,VII Diseases of the eye and adnexa (H7_),VII,41074,454779,https://storage.googleapis.com/finngen-public-data-r12/summary_stats/release/finngen_R12_H7_CONJUNCTIVITIS.gz
H7_RETINALDISOTH,Other retinal disorders,VII Diseases of the eye and adnexa (H7_),VII,32428,455449,https://storage.googleapis.com/finngen-public-data-r12/summary_stats/release/finngen_R12_H7_RETINALDISOTH.gz
H7_ALLERGICCONJUNCTIVITIS,Allergic conjunctivitis,VII Diseases of the eye and adnexa (H7_),VII,29791,470557,https://storage.googleapis.com/finngen-public-data-r12/summary_stats/release/finngen_R12_H7_ALLERGICCONJUNCTIVITIS.gz
H7_SCLERACORNEA,"Disorders of sclera, cornea, iris and ciliary body",VII Diseases of the eye and adnexa (H7_),VII,27253,473095,https://storage.googleapis.com/finngen-public-data-r12/summary_stats/release/finngen_R12_H7_SCLERACORNEA.gz
H7_GLAUCOMA,Glaucoma,VII Diseases of the eye and adnexa (H7_),VII,26591,473757,https://storage.googleapis.com/finngen-public-data-r12/summary_stats/release/finngen_R12_H7_GLAUCOMA.gz
H7_CATARACTOTHER,Other cataract,VII Diseases of the eye and adnexa (H7_),VII,25554,409535,https://storage.googleapis.com/finngen-public-data-r12/summary_stats/release/finngen_R12_H7_CATARACTOTHER.gz
H7_OCUMUSCLE,"Disorders of ocular muscles, binocular movement, accommodation and refraction",VII Diseases of the eye and adnexa (H7_),VII,23572,476776,https://storage.googleapis.com/finngen-public-data-r12/summary_stats/release/finngen_R12_H7_OCUMUSCLE.gz
H7_VISUDISTURB,Visual disturbances,VII Diseases of the eye and adnexa (H7_),VII,22414,475933,https://storage.googleapis.com/finngen-public-data-r12/summary_stats/release/finngen_R12_H7_VISUDISTURB.gz
H7_VITRBODYGLOBE,Disorders of vitreous body,VII Diseases of the eye and adnexa (H7_),VII,21499,478098,https://storage.googleapis.com/finngen-public-data-r12/summary_stats/release/finngen_R12_H7_VITRBODYGLOBE.gz
H7_MACULADEGEN,Degeneration of macula and posterior pole,VII Diseases of the eye and adnexa (H7_),VII,21413,455449,https://storage.googleapis.com/finngen-public-data-r12/summary_stats/release/finngen_R12_H7_MACULADEGEN.gz
H7_EYELIDDIS,Other disorders of eyelid,VII Diseases of the eye and adnexa (H7_),VII,20222,453930,https://storage.googleapis.com/finngen-public-data-r12/summary_stats/release/finngen_R12_H7_EYELIDDIS.gz
H7_LACRIMALSYSTEM,Disorders of lacrimal system,VII Diseases of the eye and adnexa (H7_),VII,19195,453930,https://storage.googleapis.com/finngen-public-data-r12/summary_stats/release/finngen_R12_H7_LACRIMALSYSTEM.gz
H7_VITROTH,Other and unspecified disorders of vitreous body,VII Diseases of the eye and adnexa (H7_),VII,17224,478098,https://storage.googleapis.com/finngen-public-data-r12/summary_stats/release/finngen_R12_H7_VITROTH.gz
H7_KERATITIS,Keratitis,VII Diseases of the eye and adnexa (H7_),VII,16577,473095,https://storage.googleapis.com/finngen-public-data-r12/summary_stats/release/finngen_R12_H7_KERATITIS.gz
H7_RETINALDETACH,Retinal detachments and breaks,VII Diseases of the eye and adnexa (H7_),VII,15490,455449,https://storage.googleapis.com/finngen-public-data-r12/summary_stats/release/finngen_R12_H7_RETINALDETACH.gz
H7_GLAUCSUSP,Glaucoma suspect,VII Diseases of the eye and adnexa (H7_),VII,15413,473757,https://storage.googleapis.com/finngen-public-data-r12/summary_stats/release/finngen_R12_H7_GLAUCSUSP.gz
H7_CONJUNCTIVITISACUNONATOPIC,"Conjunctivitis (acute, non atopic)",VII Diseases of the eye and adnexa (H7_),VII,12787,454779,https://storage.googleapis.com/finngen-public-data-r12/summary_stats/release/finngen_R12_H7_CONJUNCTIVITISACUNONATOPIC.gz
H7_AMD,Age-related macular degeneration (whether dry or wet),VII Diseases of the eye and adnexa (H7_),VII,12495,461686,https://storage.googleapis.com/finngen-public-data-r12/summary_stats/release/finngen_R12_H7_AMD.gz
H7_BLEPHAROCHALASIS,Blepharochalasis,VII Diseases of the eye and adnexa (H7_),VII,12170,453930,https://storage.googleapis.com/finngen-public-data-r12/summary_stats/release/finngen_R12_H7_BLEPHAROCHALASIS.gz
H7_REFRAACCOMMODIS,Disorders of refraction and accommodation,VII Diseases of the eye and adnexa (H7_),VII,12151,476776,https://storage.googleapis.com/finngen-public-data-r12/summary_stats/release/finngen_R12_H7_REFRAACCOMMODIS.gz
H7_GLAUCOMA_POAG,"Primary open-angle glaucoma, strict",VII Diseases of the eye and adnexa (H7_),VII,10832,473757,https://storage.googleapis.com/finngen-public-data-r12/summary_stats/release/finngen_R12_H7_GLAUCOMA_POAG.gz
H7_VISUDISTURBSUB,Subjective visual disturbances,VII Diseases of the eye and adnexa (H7_),VII,10482,475933,https://storage.googleapis.com/finngen-public-data-r12/summary_stats/release/finngen_R12_H7_VISUDISTURBSUB.gz
H7_STRABOTH,Other strabismus,VII Diseases of the eye and adnexa (H7_),VII,10045,476776,https://storage.googleapis.com/finngen-public-data-r12/summary_stats/release/finngen_R12_H7_STRABOTH.gz
H7_IRIDOCYCLITIS,Iridocyclitis,VII Diseases of the eye and adnexa (H7_),VII,9958,473095,https://storage.googleapis.com/finngen-public-data-r12/summary_stats/release/finngen_R12_H7_IRIDOCYCLITIS.gz
H7_IRIDOCYC_ANTER,Anterior Iridocyclitis,VII Diseases of the eye and adnexa (H7_),VII,8803,491545,https://storage.googleapis.com/finngen-public-data-r12/summary_stats/release/finngen_R12_H7_IRIDOCYC_ANTER.gz
DRY_AMD,Dry age-related macular degeneration (includes geographic atrophy),VII Diseases of the eye and adnexa (H7_),VII,8570,329258,https://storage.googleapis.com/finngen-public-data-r12/summary_stats/release/finngen_R12_DRY_AMD.gz
H7_IRIDOACUTE,Acute and subacute iridocyclitis,VII Diseases of the eye and adnexa (H7_),VII,8334,473095,https://storage.googleapis.com/finngen-public-data-r12/summary_stats/release/finngen_R12_H7_IRIDOACUTE.gz
H7_CORNULCER,Corneal ulcer,VII Diseases of the eye and adnexa (H7_),VII,7927,473095,https://storage.googleapis.com/finngen-public-data-r12/summary_stats/release/finngen_R12_H7_CORNULCER.gz
WET_AMD,Wet age-related macular degeneration,VII Diseases of the eye and adnexa (H7_),VII,6699,331070,https://storage.googleapis.com/finngen-public-data-r12/summary_stats/release/finngen_R12_WET_AMD.gz
H7_RETINALBREAK,Retinal breaks without detachment,VII Diseases of the eye and adnexa (H7_),VII,6157,455449,https://storage.googleapis.com/finngen-public-data-r12/summary_stats/release/finngen_R12_H7_RETINALBREAK.gz
H7_EYEOTH,Other disorders of eye and adnexa,VII Diseases of the eye and adnexa (H7_),VII,5665,494683,https://storage.googleapis.com/finngen-public-data-r12/summary_stats/release/finngen_R12_H7_EYEOTH.gz
H7_OTHERCONJ,Other disorders of conjunctiva,VII Diseases of the eye and adnexa (H7_),VII,5450,454779,https://storage.googleapis.com/finngen-public-data-r12/summary_stats/release/finngen_R12_H7_OTHERCONJ.gz
H7_MYOPIA,Myopia,VII Diseases of the eye and adnexa (H7_),VII,5406,476776,https://storage.googleapis.com/finngen-public-data-r12/summary_stats/release/finngen_R12_H7_MYOPIA.gz
MACULAR_PUCKER,Macular pucker,VII Diseases of the eye and adnexa (H7_),VII,5315,455449,https://storage.googleapis.com/finngen-public-data-r12/summary_stats/release/finngen_R12_MACULAR_PUCKER.gz
H7_EYELIDINFLAMMATION,Other inflammation of eyelid,VII Diseases of the eye and adnexa (H7_),VII,5155,453930,https://storage.googleapis.com/finngen-public-data-r12/summary_stats/release/finngen_R12_H7_EYELIDINFLAMMATION.gz
H7_DIPLOPIA,Diplopia,VII Diseases of the eye and adnexa (H7_),VII,5141,475933,https://storage.googleapis.com/finngen-public-data-r12/summary_stats/release/finngen_R12_H7_DIPLOPIA.gz
H7_RETINALDETACHBREAK,Retinal detachment with retinal break,VII Diseases of the eye and adnexa (H7_),VII,5041,455449,https://storage.googleapis.com/finngen-public-data-r12/summary_stats/release/finngen_R12_H7_RETINALDETACHBREAK.gz
H7_CHALAZION,Chalazion,VII Diseases of the eye and adnexa (H7_),VII,4708,453930,https://storage.googleapis.com/finngen-public-data-r12/summary_stats/release/finngen_R12_H7_CHALAZION.gz
H7_RETINAVASC,Retinal vascular disorders,VII Diseases of the eye and adnexa (H7_),VII,4691,455449,https://storage.googleapis.com/finngen-public-data-r12/summary_stats/release/finngen_R12_H7_RETINAVASC.gz
MACULA_NAS,Degenerative macular diseases,VII Diseases of the eye and adnexa (H7_),VII,4683,455449,https://storage.googleapis.com/finngen-public-data-r12/summary_stats/release/finngen_R12_MACULA_NAS.gz
H7_KERATITISOTH,Other keratitis,VII Diseases of the eye and adnexa (H7_),VII,4563,473095,https://storage.googleapis.com/finngen-public-data-r12/summary_stats/release/finngen_R12_H7_KERATITISOTH.gz
H7_RETIVASCOCCLUSION,Retinal vascular occlusion,VII Diseases of the eye and adnexa (H7_),VII,4560,455449,https://storage.googleapis.com/finngen-public-data-r12/summary_stats/release/finngen_R12_H7_RETIVASCOCCLUSION.gz
H7_GLAUCOMA_XFG,"Glaucoma, exfoliation",VII Diseases of the eye and adnexa (H7_),VII,4277,473757,https://storage.googleapis.com/finngen-public-data-r12/summary_stats/release/finngen_R12_H7_GLAUCOMA_XFG.gz
H7_PTOSIS,Ptosis of eyelid,VII Diseases of the eye and adnexa (H7_),VII,4013,453930,https://storage.googleapis.com/finngen-public-data-r12/summary_stats/release/finngen_R12_H7_PTOSIS.gz
H7_OPTNERVE,Disorders of optic nerve and visual pathways,VII Diseases of the eye and adnexa (H7_),VII,3727,496621,https://storage.googleapis.com/finngen-public-data-r12/summary_stats/release/finngen_R12_H7_OPTNERVE.gz
H7_STENOLACRI,Stenosis and insufficiency of lacrimal passages,VII Diseases of the eye and adnexa (H7_),VII,3633,453930,https://storage.googleapis.com/finngen-public-data-r12/summary_stats/release/finngen_R12_H7_STENOLACRI.gz
H7_VISDISTNAS,Other and unspecified visual disturbances,VII Diseases of the eye and adnexa (H7_),VII,3613,475933,https://storage.googleapis.com/finngen-public-data-r12/summary_stats/release/finngen_R12_H7_VISDISTNAS.gz
H7_CORNEALOTH,Other disorders of cornea,VII Diseases of the eye and adnexa (H7_),VII,3609,473095,https://storage.googleapis.com/finngen-public-data-r12/summary_stats/release/finngen_R12_H7_CORNEALOTH.gz
H7_HETEROPHORIA,Heterophoria,VII Diseases of the eye and adnexa (H7_),VII,3245,476776,https://storage.googleapis.com/finngen-public-data-r12/summary_stats/release/finngen_R12_H7_HETEROPHORIA.gz
H7_VISFIELDDEF,Visual field defects,VII Diseases of the eye and adnexa (H7_),VII,3228,475933,https://storage.googleapis.com/finngen-public-data-r12/summary_stats/release/finngen_R12_H7_VISFIELDDEF.gz
H7_ENTROPION,Entropion and trichiasis of eyelid,VII Diseases of the eye and adnexa (H7_),VII,3193,453930,https://storage.googleapis.com/finngen-public-data-r12/summary_stats/release/finngen_R12_H7_ENTROPION.gz
H7_DIVERGSTRAB,Divergent concomitant strabismus,VII Diseases of the eye and adnexa (H7_),VII,3123,476776,https://storage.googleapis.com/finngen-public-data-r12/summary_stats/release/finngen_R12_H7_DIVERGSTRAB.gz
H7_GLAUCOMAMEDICATION,Use of antiglaucoma preparations and miotics,VII Diseases of the eye and adnexa (H7_),VII,3099,473757,https://storage.googleapis.com/finngen-public-data-r12/summary_stats/release/finngen_R12_H7_GLAUCOMAMEDICATION.gz
H7_OCUPAIN,Ocular pain,VII Diseases of the eye and adnexa (H7_),VII,3063,494683,https://storage.googleapis.com/finngen-public-data-r12/summary_stats/release/finngen_R12_H7_OCUPAIN.gz
H7_GLAUCOMA_NTG,Normotensive glaucoma,VII Diseases of the eye and adnexa (H7_),VII,2938,473757,https://storage.googleapis.com/finngen-public-data-r12/summary_stats/release/finngen_R12_H7_GLAUCOMA_NTG.gz
H7_HYPERMETRO,Hypermetropia,VII Diseases of the eye and adnexa (H7_),VII,2721,476776,https://storage.googleapis.com/finngen-public-data-r12/summary_stats/release/finngen_R12_H7_HYPERMETRO.gz
H7_CONJUHAEMOR,conjunctival haemorrhage,VII Diseases of the eye and adnexa (H7_),VII,2664,454779,https://storage.googleapis.com/finngen-public-data-r12/summary_stats/release/finngen_R12_H7_CONJUHAEMOR.gz
H7_PARASTRAB,Paralytic strabismus,VII Diseases of the eye and adnexa (H7_),VII,2581,476776,https://storage.googleapis.com/finngen-public-data-r12/summary_stats/release/finngen_R12_H7_PARASTRAB.gz
H7_BLINDANDVISIMPAIRMENT,Visual impairment including blindness (binocular or monocular),VII Diseases of the eye and adnexa (H7_),VII,2569,475933,https://storage.googleapis.com/finngen-public-data-r12/summary_stats/release/finngen_R12_H7_BLINDANDVISIMPAIRMENT.gz
H7_GLAUCNAS,Other and unspecified glaucoma,VII Diseases of the eye and adnexa (H7_),VII,2505,473757,https://storage.googleapis.com/finngen-public-data-r12/summary_stats/release/finngen_R12_H7_GLAUCNAS.gz
H7_CONVERSTRAB,Convergent concomitant strabismus,VII Diseases of the eye and adnexa (H7_),VII,2382,476776,https://storage.googleapis.com/finngen-public-data-r12/summary_stats/release/finngen_R12_H7_CONVERSTRAB.gz
H7_INTERHETEROTRO,Intermittent heterotropia,VII Diseases of the eye and adnexa (H7_),VII,2347,476776,https://storage.googleapis.com/finngen-public-data-r12/summary_stats/release/finngen_R12_H7_INTERHETEROTRO.gz
H7_OPTNEUROTH,Other disorders of optic [2nd] nerve and visual pathways,VII Diseases of the eye and adnexa (H7_),VII,2322,496621,https://storage.googleapis.com/finngen-public-data-r12/summary_stats/release/finngen_R12_H7_OPTNEUROTH.gz
H7_PRESBYOPIA,Presbyopia,VII Diseases of the eye and adnexa (H7_),VII,2305,476776,https://storage.googleapis.com/finngen-public-data-r12/summary_stats/release/finngen_R12_H7_PRESBYOPIA.gz
H7_ASTIGMATISM,Astigmatism,VII Diseases of the eye and adnexa (H7_),VII,2286,476776,https://storage.googleapis.com/finngen-public-data-r12/summary_stats/release/finngen_R12_H7_ASTIGMATISM.gz
H7_HORDEOLUM,Hordeolum and other deep inflammation of eyelid,VII Diseases of the eye and adnexa (H7_),VII,2071,453930,https://storage.googleapis.com/finngen-public-data-r12/summary_stats/release/finngen_R12_H7_HORDEOLUM.gz
H7_EPISCLERITIS,Episcleritis,VII Diseases of the eye and adnexa (H7_),VII,1961,473095,https://storage.googleapis.com/finngen-public-data-r12/summary_stats/release/finngen_R12_H7_EPISCLERITIS.gz
H7_IRIDOCHRONIC,Chronic iridocyclitis,VII Diseases of the eye and adnexa (H7_),VII,1869,473095,https://storage.googleapis.com/finngen-public-data-r12/summary_stats/release/finngen_R12_H7_IRIDOCHRONIC.gz
MACULAR_HOLE,Macular hole,VII Diseases of the eye and adnexa (H7_),VII,1849,455449,https://storage.googleapis.com/finngen-public-data-r12/summary_stats/release/finngen_R12_MACULAR_HOLE.gz
H7_CONJUNCTIVITISATOPIC,Atopic conjunctivitis,VII Diseases of the eye and adnexa (H7_),VII,1728,454779,https://storage.googleapis.com/finngen-public-data-r12/summary_stats/release/finngen_R12_H7_CONJUNCTIVITISATOPIC.gz
H7_ORBIT,Disorders of orbit,VII Diseases of the eye and adnexa (H7_),VII,1637,453930,https://storage.googleapis.com/finngen-public-data-r12/summary_stats/release/finngen_R12_H7_ORBIT.gz
H7_OPTNEURITIS,Optic neuritis,VII Diseases of the eye and adnexa (H7_),VII,1592,496621,https://storage.googleapis.com/finngen-public-data-r12/summary_stats/release/finngen_R12_H7_OPTNEURITIS.gz
H7_GLAUCCLOSEPRIM,Primary angle-closure glaucoma,VII Diseases of the eye and adnexa (H7_),VII,1569,473757,https://storage.googleapis.com/finngen-public-data-r12/summary_stats/release/finngen_R12_H7_GLAUCCLOSEPRIM.gz
H7_AMBLYANOPSIA,Amblyopia ex anopsia,VII Diseases of the eye and adnexa (H7_),VII,1568,475933,https://storage.googleapis.com/finngen-public-data-r12/summary_stats/release/finngen_R12_H7_AMBLYANOPSIA.gz
H7_HERPESKERATITIS,Herpesviral keratitis and keratoconjunctivitis,VII Diseases of the eye and adnexa (H7_),VII,1568,473095,https://storage.googleapis.com/finngen-public-data-r12/summary_stats/release/finngen_R12_H7_HERPESKERATITIS.gz
H7_IRIDONAS,Other and unspecified iridocyclitis,VII Diseases of the eye and adnexa (H7_),VII,1550,473095,https://storage.googleapis.com/finngen-public-data-r12/summary_stats/release/finngen_R12_H7_IRIDONAS.gz
H7_RETINASEPAR,Separation of retinal layers (serosa),VII Diseases of the eye and adnexa (H7_),VII,1477,455449,https://storage.googleapis.com/finngen-public-data-r12/summary_stats/release/finngen_R12_H7_RETINASEPAR.gz
H7_ECTROPION,Ectropion of eyelid,VII Diseases of the eye and adnexa (H7_),VII,1432,453930,https://storage.googleapis.com/finngen-public-data-r12/summary_stats/release/finngen_R12_H7_ECTROPION.gz
H7_EYEADNEXOTH,Other specified and unspecified disorders of eye and adnexa,VII Diseases of the eye and adnexa (H7_),VII,1413,494683,https://storage.googleapis.com/finngen-public-data-r12/summary_stats/release/finngen_R12_H7_EYEADNEXOTH.gz
H7_VITROPACIT,Other vitreous opacities,VII Diseases of the eye and adnexa (H7_),VII,1356,478098,https://storage.googleapis.com/finngen-public-data-r12/summary_stats/release/finngen_R12_H7_VITROPACIT.gz
H7_KERATITISINOTH,Keratitis and keratoconjunctivitis in other diseases classified elsewhere,VII Diseases of the eye and adnexa (H7_),VII,1296,473095,https://storage.googleapis.com/finngen-public-data-r12/summary_stats/release/finngen_R12_H7_KERATITISINOTH.gz
H7_VERTISTRAB,Vertical strabismus,VII Diseases of the eye and adnexa (H7_),VII,1223,476776,https://storage.googleapis.com/finngen-public-data-r12/summary_stats/release/finngen_R12_H7_VERTISTRAB.gz
H7_EYELIDINOTH,Disorders of eyelid in diseases classified elsewhere,VII Diseases of the eye and adnexa (H7_),VII,1219,453930,https://storage.googleapis.com/finngen-public-data-r12/summary_stats/release/finngen_R12_H7_EYELIDINOTH.gz
H7_RETINANAS,Other specified and unspecified retinal disorders,VII Diseases of the eye and adnexa (H7_),VII,1200,455449,https://storage.googleapis.com/finngen-public-data-r12/summary_stats/release/finngen_R12_H7_RETINANAS.gz
H7_CORNEALNAS,Other and unspecified corneal deformities and disorders,VII Diseases of the eye and adnexa (H7_),VII,1150,473095,https://storage.googleapis.com/finngen-public-data-r12/summary_stats/release/finngen_R12_H7_CORNEALNAS.gz
H7_ANISOMETROPIA,Anisometropia and aniseikonia,VII Diseases of the eye and adnexa (H7_),VII,1141,476776,https://storage.googleapis.com/finngen-public-data-r12/summary_stats/release/finngen_R12_H7_ANISOMETROPIA.gz
H7_PARASTRA6,Sixth [abducent] nerve palsy,VII Diseases of the eye and adnexa (H7_),VII,1130,476776,https://storage.googleapis.com/finngen-public-data-r12/summary_stats/release/finngen_R12_H7_PARASTRA6.gz
H7_PERIPHRETINADEGEN,Peripheral retinal degeneration,VII Diseases of the eye and adnexa (H7_),VII,1129,455449,https://storage.googleapis.com/finngen-public-data-r12/summary_stats/release/finngen_R12_H7_PERIPHRETINADEGEN.gz
H7_MODVISIMPBINOC,"Moderate visual impairment, binocular",VII Diseases of the eye and adnexa (H7_),VII,1098,475933,https://storage.googleapis.com/finngen-public-data-r12/summary_stats/release/finngen_R12_H7_MODVISIMPBINOC.gz
H7_CONJUNCTIVITISCHRON,Chronic conjunctivitis,VII Diseases of the eye and adnexa (H7_),VII,1087,454779,https://storage.googleapis.com/finngen-public-data-r12/summary_stats/release/finngen_R12_H7_CONJUNCTIVITISCHRON.gz
H7_KERATOCONUS,Hereditary corneal dystrophies,VII Diseases of the eye and adnexa (H7_),VII,1076,473095,https://storage.googleapis.com/finngen-public-data-r12/summary_stats/release/finngen_R12_H7_KERATOCONUS.gz
H7_RETINALDETACHOTH,"Other, unspecified and serous retinal detachments",VII Diseases of the eye and adnexa (H7_),VII,1064,455449,https://storage.googleapis.com/finngen-public-data-r12/summary_stats/release/finngen_R12_H7_RETINALDETACHOTH.gz
H7_CHORIORETINFLAM,Chorioretinal inflammation,VII Diseases of the eye and adnexa (H7_),VII,1015,455449,https://storage.googleapis.com/finngen-public-data-r12/summary_stats/release/finngen_R12_H7_CHORIORETINFLAM.gz
H7_PTERYGIUM,Pterygium,VII Diseases of the eye and adnexa (H7_),VII,968,454779,https://storage.googleapis.com/finngen-public-data-r12/summary_stats/release/finngen_R12_H7_PTERYGIUM.gz
H7_OTHIRISCILIARY,Other disorders of iris and ciliary body,VII Diseases of the eye and adnexa (H7_),VII,932,473095,https://storage.googleapis.com/finngen-public-data-r12/summary_stats/release/finngen_R12_H7_OTHIRISCILIARY.gz
H7_CORNEALSCAR,Corneal scars and opacities,VII Diseases of the eye and adnexa (H7_),VII,906,473095,https://storage.googleapis.com/finngen-public-data-r12/summary_stats/release/finngen_R12_H7_CORNEALSCAR.gz
H7_GLOBE,Disorders of globe,VII Diseases of the eye and adnexa (H7_),VII,894,478098,https://storage.googleapis.com/finngen-public-data-r12/summary_stats/release/finngen_R12_H7_GLOBE.gz
H7_CORNEALDEFORM,Keratoconus,VII Diseases of the eye and adnexa (H7_),VII,878,473095,https://storage.googleapis.com/finngen-public-data-r12/summary_stats/release/finngen_R12_H7_CORNEALDEFORM.gz
H7_BINOCUMOVOTH,Other disorders of binocular movement,VII Diseases of the eye and adnexa (H7_),VII,848,476776,https://storage.googleapis.com/finngen-public-data-r12/summary_stats/release/finngen_R12_H7_BINOCUMOVOTH.gz
H7_RETINAHAEMORR,Retinal haemorrhage,VII Diseases of the eye and adnexa (H7_),VII,816,455449,https://storage.googleapis.com/finngen-public-data-r12/summary_stats/release/finngen_R12_H7_RETINAHAEMORR.gz
MACULAR_CYST,Macular cyst,VII Diseases of the eye and adnexa (H7_),VII,807,455449,https://storage.googleapis.com/finngen-public-data-r12/summary_stats/release/finngen_R12_MACULAR_CYST.gz
H7_CONJUVASC,Other conjunctival vascular disorders and cysts,VII Diseases of the eye and adnexa (H7_),VII,803,454779,https://storage.googleapis.com/finngen-public-data-r12/summary_stats/release/finngen_R12_H7_CONJUVASC.gz
DRUGADVERS_CATAR,Drug-induced cataract,VII Diseases of the eye and adnexa (H7_),VII,802,499546,https://storage.googleapis.com/finngen-public-data-r12/summary_stats/release/finngen_R12_DRUGADVERS_CATAR.gz
H7_RETINOCHISISCYST,Retinoschisis and retinal cysts,VII Diseases of the eye and adnexa (H7_),VII,802,455449,https://storage.googleapis.com/finngen-public-data-r12/summary_stats/release/finngen_R12_H7_RETINOCHISISCYST.gz
H7_PAPILLOEDEMA,"Papilloedema, unspecified",VII Diseases of the eye and adnexa (H7_),VII,793,496621,https://storage.googleapis.com/finngen-public-data-r12/summary_stats/release/finngen_R12_H7_PAPILLOEDEMA.gz
H7_OTHRETARTOCC,Other retinal artery occlusion,VII Diseases of the eye and adnexa (H7_),VII,780,455449,https://storage.googleapis.com/finngen-public-data-r12/summary_stats/release/finngen_R12_H7_OTHRETARTOCC.gz
H7_PARASTRA4,Fourth [trochlear] nerve palsy,VII Diseases of the eye and adnexa (H7_),VII,765,476776,https://storage.googleapis.com/finngen-public-data-r12/summary_stats/release/finngen_R12_H7_PARASTRA4.gz
H7_CONJUNCTDEGDEPOT,conjunctival degenerations and deposits,VII Diseases of the eye and adnexa (H7_),VII,748,454779,https://storage.googleapis.com/finngen-public-data-r12/summary_stats/release/finngen_R12_H7_CONJUNCTDEGDEPOT.gz
H7_ANOMAPUPFUNC,Anomalies of pupillary function,VII Diseases of the eye and adnexa (H7_),VII,747,494683,https://storage.googleapis.com/finngen-public-data-r12/summary_stats/release/finngen_R12_H7_ANOMAPUPFUNC.gz
H7_CENTRRETARTOCC,Central retinal artery occlusion,VII Diseases of the eye and adnexa (H7_),VII,746,455449,https://storage.googleapis.com/finngen-public-data-r12/summary_stats/release/finngen_R12_H7_CENTRRETARTOCC.gz
H7_EPIPHORA,Epiphora,VII Diseases of the eye and adnexa (H7_),VII,743,453930,https://storage.googleapis.com/finngen-public-data-r12/summary_stats/release/finngen_R12_H7_EPIPHORA.gz
H7_BCKRNDRETINOPAT,Background retinopathy and retinal vascular changes,VII Diseases of the eye and adnexa (H7_),VII,717,455449,https://storage.googleapis.com/finngen-public-data-r12/summary_stats/release/finngen_R12_H7_BCKRNDRETINOPAT.gz
H7_OPTNERVNAS,"Disorders of optic nerve, not elsewhere classified",VII Diseases of the eye and adnexa (H7_),VII,694,496621,https://storage.googleapis.com/finngen-public-data-r12/summary_stats/release/finngen_R12_H7_OPTNERVNAS.gz
H7_VASCCILIARY,Hyphaema and other vascular disorders of iris and ciliary body,VII Diseases of the eye and adnexa (H7_),VII,665,473095,https://storage.googleapis.com/finngen-public-data-r12/summary_stats/release/finngen_R12_H7_VASCCILIARY.gz
H7_IRIDOCYCLITISINOTH,Iridocyclitis in diseases classified elsewhere,VII Diseases of the eye and adnexa (H7_),VII,629,473095,https://storage.googleapis.com/finngen-public-data-r12/summary_stats/release/finngen_R12_H7_IRIDOCYCLITISINOTH.gz
H7_OPTATROPHY,Optic atrophy,VII Diseases of the eye and adnexa (H7_),VII,629,496621,https://storage.googleapis.com/finngen-public-data-r12/summary_stats/release/finngen_R12_H7_OPTATROPHY.gz
H7_LACRIMINFLAMACU,Inflammation of lacrimal passages (acute and unspecified),VII Diseases of the eye and adnexa (H7_),VII,615,453930,https://storage.googleapis.com/finngen-public-data-r12/summary_stats/release/finngen_R12_H7_LACRIMINFLAMACU.gz
H7_APHAKIA,Aphakia,VII Diseases of the eye and adnexa (H7_),VII,607,409535,https://storage.googleapis.com/finngen-public-data-r12/summary_stats/release/finngen_R12_H7_APHAKIA.gz
H7_PARASTRA3,Third [oculomotor] nerve palsy,VII Diseases of the eye and adnexa (H7_),VII,606,476776,https://storage.googleapis.com/finngen-public-data-r12/summary_stats/release/finngen_R12_H7_PARASTRA3.gz
H7_LACRIMINFLAMCHRON,Inflammation of lacrimal passages (chronic),VII Diseases of the eye and adnexa (H7_),VII,563,453930,https://storage.googleapis.com/finngen-public-data-r12/summary_stats/release/finngen_R12_H7_LACRIMINFLAMCHRON.gz
H7_LENSDISLOCATIO,Dislocation of lens,VII Diseases of the eye and adnexa (H7_),VII,535,409535,https://storage.googleapis.com/finngen-public-data-r12/summary_stats/release/finngen_R12_H7_LENSDISLOCATIO.gz
H7_CONVERGINSUFF,Convergence insufficiency and excess,VII Diseases of the eye and adnexa (H7_),VII,515,476776,https://storage.googleapis.com/finngen-public-data-r12/summary_stats/release/finngen_R12_H7_CONVERGINSUFF.gz
H7_HEREDRETINADYST,Hereditary retinal dystrophy,VII Diseases of the eye and adnexa (H7_),VII,514,455449,https://storage.googleapis.com/finngen-public-data-r12/summary_stats/release/finngen_R12_H7_HEREDRETINADYST.gz
H7_BINODISTOTH,Other disorders of binocular vision,VII Diseases of the eye and adnexa (H7_),VII,502,475933,https://storage.googleapis.com/finngen-public-data-r12/summary_stats/release/finngen_R12_H7_BINODISTOTH.gz
H8_OTHEREAR,Other disorders of ear,VIII Diseases of the ear and mastoid process (H8_),VIII,63017,437331,https://storage.googleapis.com/finngen-public-data-r12/summary_stats/release/finngen_R12_H8_OTHEREAR.gz
H8_HL_SEN_NAS,Sensorineural hearing loss,VIII Diseases of the ear and mastoid process (H8_),VIII,44745,437331,https://storage.googleapis.com/finngen-public-data-r12/summary_stats/release/finngen_R12_H8_HL_SEN_NAS.gz
H8_MIDDLEMASTOID,Diseases of middle ear and mastoid,VIII Diseases of the ear and mastoid process (H8_),VIII,35194,465154,https://storage.googleapis.com/finngen-public-data-r12/summary_stats/release/finngen_R12_H8_MIDDLEMASTOID.gz
H8_VERTIGO,Disorders of vestibular function (Vertigo),VIII Diseases of the ear and mastoid process (H8_),VIII,21139,474839,https://storage.googleapis.com/finngen-public-data-r12/summary_stats/release/finngen_R12_H8_VERTIGO.gz
H8_MED_SUPP,Suppurative and unspecified otitis media,VIII Diseases of the ear and mastoid process (H8_),VIII,20472,465154,https://storage.googleapis.com/finngen-public-data-r12/summary_stats/release/finngen_R12_H8_MED_SUPP.gz
H8_EXTERNAL,Diseases of external ear,VIII Diseases of the ear and mastoid process (H8_),VIII,15056,485292,https://storage.googleapis.com/finngen-public-data-r12/summary_stats/release/finngen_R12_H8_EXTERNAL.gz
H8_SUP_ACUTE,Acute suppurative otitis media,VIII Diseases of the ear and mastoid process (H8_),VIII,14095,465154,https://storage.googleapis.com/finngen-public-data-r12/summary_stats/release/finngen_R12_H8_SUP_ACUTE.gz
H8_OTHHEARINGLOSS,Other hearing loss,VIII Diseases of the ear and mastoid process (H8_),VIII,12430,437331,https://storage.googleapis.com/finngen-public-data-r12/summary_stats/release/finngen_R12_H8_OTHHEARINGLOSS.gz
H8_NONSUPPNAS,Nonsuppurative otitis media,VIII Diseases of the ear and mastoid process (H8_),VIII,12143,465154,https://storage.googleapis.com/finngen-public-data-r12/summary_stats/release/finngen_R12_H8_NONSUPPNAS.gz
H8_BPV,Benign paroxysmal vertigo,VIII Diseases of the ear and mastoid process (H8_),VIII,12006,474839,https://storage.googleapis.com/finngen-public-data-r12/summary_stats/release/finngen_R12_H8_BPV.gz
H8_TINNITUS,Tinnitus,VIII Diseases of the ear and mastoid process (H8_),VIII,10008,437331,https://storage.googleapis.com/finngen-public-data-r12/summary_stats/release/finngen_R12_H8_TINNITUS.gz
H8_EXTOTITIS,Otitis externa,VIII Diseases of the ear and mastoid process (H8_),VIII,9471,485292,https://storage.googleapis.com/finngen-public-data-r12/summary_stats/release/finngen_R12_H8_EXTOTITIS.gz
H8_HL_PRESBY,Presbycusis,VIII Diseases of the ear and mastoid process (H8_),VIII,5817,437331,https://storage.googleapis.com/finngen-public-data-r12/summary_stats/release/finngen_R12_H8_HL_PRESBY.gz
H8_OTIMEDNAS,"Otitis media, unspecified",VIII Diseases of the ear and mastoid process (H8_),VIII,5209,465154,https://storage.googleapis.com/finngen-public-data-r12/summary_stats/release/finngen_R12_H8_OTIMEDNAS.gz
H8_HL_MIX_NAS,Mixed conductive and sensorineural hearing loss,VIII Diseases of the ear and mastoid process (H8_),VIII,4810,437331,https://storage.googleapis.com/finngen-public-data-r12/summary_stats/release/finngen_R12_H8_HL_MIX_NAS.gz
H8_EXT_NAS,"Otitis externa, unspecified",VIII Diseases of the ear and mastoid process (H8_),VIII,4338,485292,https://storage.googleapis.com/finngen-public-data-r12/summary_stats/release/finngen_R12_H8_EXT_NAS.gz
H8_PERFORATION,Perforation of tympanic membrane,VIII Diseases of the ear and mastoid process (H8_),VIII,3902,465154,https://storage.googleapis.com/finngen-public-data-r12/summary_stats/release/finngen_R12_H8_PERFORATION.gz
H8_HL_IDIOP,Sudden idiopathic hearing loss,VIII Diseases of the ear and mastoid process (H8_),VIII,3861,437331,https://storage.googleapis.com/finngen-public-data-r12/summary_stats/release/finngen_R12_H8_HL_IDIOP.gz
H8_MENIERE,Ménière disease,VIII Diseases of the ear and mastoid process (H8_),VIII,3680,474839,https://storage.googleapis.com/finngen-public-data-r12/summary_stats/release/finngen_R12_H8_MENIERE.gz
H8_CERUMEN,Impacted cerumen,VIII Diseases of the ear and mastoid process (H8_),VIII,3609,485292,https://storage.googleapis.com/finngen-public-data-r12/summary_stats/release/finngen_R12_H8_CERUMEN.gz
H8_PERIPHVERTIGO,Other peripheral vertigo,VIII Diseases of the ear and mastoid process (H8_),VIII,3436,474839,https://storage.googleapis.com/finngen-public-data-r12/summary_stats/release/finngen_R12_H8_PERIPHVERTIGO.gz
H8_EUSTSALP,Eustachian salpingitis and obstruction,VIII Diseases of the ear and mastoid process (H8_),VIII,3346,465154,https://storage.googleapis.com/finngen-public-data-r12/summary_stats/release/finngen_R12_H8_EUSTSALP.gz
H8_VESTIBNEUR,Vestibular neuronitis,VIII Diseases of the ear and mastoid process (H8_),VIII,3342,474839,https://storage.googleapis.com/finngen-public-data-r12/summary_stats/release/finngen_R12_H8_VESTIBNEUR.gz
H8_HL_CON_NAS,"Conductive hearing loss, unspecified",VIII Diseases of the ear and mastoid process (H8_),VIII,3255,437331,https://storage.googleapis.com/finngen-public-data-r12/summary_stats/release/finngen_R12_H8_HL_CON_NAS.gz
H8_HL_NAS,Other specified/unspecified hearing loss,VIII Diseases of the ear and mastoid process (H8_),VIII,3150,437331,https://storage.googleapis.com/finngen-public-data-r12/summary_stats/release/finngen_R12_H8_HL_NAS.gz
H8_OTALGIA,Otalgia,VIII Diseases of the ear and mastoid process (H8_),VIII,2986,437331,https://storage.googleapis.com/finngen-public-data-r12/summary_stats/release/finngen_R12_H8_OTALGIA.gz
H8_OTOSCLE,Otosclerosis,VIII Diseases of the ear and mastoid process (H8_),VIII,2920,474839,https://storage.googleapis.com/finngen-public-data-r12/summary_stats/release/finngen_R12_H8_OTOSCLE.gz
H8_CHRON_SUPOTITIS,Chronic suppurative otitis media,VIII Diseases of the ear and mastoid process (H8_),VIII,2748,465154,https://storage.googleapis.com/finngen-public-data-r12/summary_stats/release/finngen_R12_H8_CHRON_SUPOTITIS.gz
H8_EXT_OTH,Other otitis externa (chronic),VIII Diseases of the ear and mastoid process (H8_),VIII,2400,485292,https://storage.googleapis.com/finngen-public-data-r12/summary_stats/release/finngen_R12_H8_EXT_OTH.gz
H8_EXT_INFNAS,Other infective otitis externa,VIII Diseases of the ear and mastoid process (H8_),VIII,2237,485292,https://storage.googleapis.com/finngen-public-data-r12/summary_stats/release/finngen_R12_H8_EXT_INFNAS.gz
H8_CHOLEASTOMA,Cholesteatoma of middle ear,VIII Diseases of the ear and mastoid process (H8_),VIII,1916,465154,https://storage.googleapis.com/finngen-public-data-r12/summary_stats/release/finngen_R12_H8_CHOLEASTOMA.gz
H8_NOISEINNER,Noise effects on inner ear,VIII Diseases of the ear and mastoid process (H8_),VIII,1511,474839,https://storage.googleapis.com/finngen-public-data-r12/summary_stats/release/finngen_R12_H8_NOISEINNER.gz
H8_VESTIFUNCNAS,Other/unspecified disorders of vestibular function,VIII Diseases of the ear and mastoid process (H8_),VIII,1321,474839,https://storage.googleapis.com/finngen-public-data-r12/summary_stats/release/finngen_R12_H8_VESTIFUNCNAS.gz
H8_EXTDISNAS,Other specified disorders of external ear,VIII Diseases of the ear and mastoid process (H8_),VIII,1260,485292,https://storage.googleapis.com/finngen-public-data-r12/summary_stats/release/finngen_R12_H8_EXTDISNAS.gz
H8_EXTDISINOTH,"Disorder of external ear, unspecified",VIII Diseases of the ear and mastoid process (H8_),VIII,1118,485292,https://storage.googleapis.com/finngen-public-data-r12/summary_stats/release/finngen_R12_H8_EXTDISINOTH.gz
H8_EUSTNAS,Other disorders of Eustachian tube,VIII Diseases of the ear and mastoid process (H8_),VIII,1029,465154,https://storage.googleapis.com/finngen-public-data-r12/summary_stats/release/finngen_R12_H8_EUSTNAS.gz
H8_SUP_OTINAS,"Suppurative otitis media, unspecified",VIII Diseases of the ear and mastoid process (H8_),VIII,985,465154,https://storage.googleapis.com/finngen-public-data-r12/summary_stats/release/finngen_R12_H8_SUP_OTINAS.gz
H8_MASTCHRON,Chronic mastoiditis,VIII Diseases of the ear and mastoid process (H8_),VIII,936,465154,https://storage.googleapis.com/finngen-public-data-r12/summary_stats/release/finngen_R12_H8_MASTCHRON.gz
H8_PERCHRONDR,Perichondritis of external ear,VIII Diseases of the ear and mastoid process (H8_),VIII,610,485292,https://storage.googleapis.com/finngen-public-data-r12/summary_stats/release/finngen_R12_H8_PERCHRONDR.gz
H8_MIDDLEADDH,Adhesive middle ear disease,VIII Diseases of the ear and mastoid process (H8_),VIII,600,465154,https://storage.googleapis.com/finngen-public-data-r12/summary_stats/release/finngen_R12_H8_MIDDLEADDH.gz
H8_EXT_NONINF,"Acute otitis externa, noninfective",VIII Diseases of the ear and mastoid process (H8_),VIII,577,485292,https://storage.googleapis.com/finngen-public-data-r12/summary_stats/release/finngen_R12_H8_EXT_NONINF.gz
H8_VERTIGOCENT,Vertigo of central origin,VIII Diseases of the ear and mastoid process (H8_),VIII,528,474839,https://storage.googleapis.com/finngen-public-data-r12/summary_stats/release/finngen_R12_H8_VERTIGOCENT.gz
H8_EXT_ABSC,Abscess of external ear,VIII Diseases of the ear and mastoid process (H8_),VIII,501,485292,https://storage.googleapis.com/finngen-public-data-r12/summary_stats/release/finngen_R12_H8_EXT_ABSC.gz
J10_UPPERDIS,Other diseases of upper respiratory tract,X Diseases of the respiratory system (J10_),X,128828,371520,https://storage.googleapis.com/finngen-public-data-r12/summary_stats/release/finngen_R12_J10_UPPERDIS.gz
J10_UPPERINFEC,Acute upper respiratory infections,X Diseases of the respiratory system (J10_),X,97696,402652,https://storage.googleapis.com/finngen-public-data-r12/summary_stats/release/finngen_R12_J10_UPPERINFEC.gz
J10_LOWCHRON,Chronic lower respiratory diseases,X Diseases of the respiratory system (J10_),X,91278,409070,https://storage.googleapis.com/finngen-public-data-r12/summary_stats/release/finngen_R12_J10_LOWCHRON.gz
J10_INFLUPNEU,Influenza and pneumonia,X Diseases of the respiratory system (J10_),X,84810,415538,https://storage.googleapis.com/finngen-public-data-r12/summary_stats/release/finngen_R12_J10_INFLUPNEU.gz
J10_PNEUMONIA,All pneumoniae,X Diseases of the respiratory system (J10_),X,78791,421557,https://storage.googleapis.com/finngen-public-data-r12/summary_stats/release/finngen_R12_J10_PNEUMONIA.gz
J10_CHRONTONSADEN,Chronic diseases of tonsils and adenoids,X Diseases of the respiratory system (J10_),X,59700,371520,https://storage.googleapis.com/finngen-public-data-r12/summary_stats/release/finngen_R12_J10_CHRONTONSADEN.gz
J10_ASTHMACOPDKELA,Asthma/COPD (KELA code 203),X Diseases of the respiratory system (J10_),X,59317,409070,https://storage.googleapis.com/finngen-public-data-r12/summary_stats/release/finngen_R12_J10_ASTHMACOPDKELA.gz
J10_ASTHMA_EXMORE,Asthma (more control exclusions),X Diseases of the respiratory system (J10_),X,59100,259839,https://storage.googleapis.com/finngen-public-data-r12/summary_stats/release/finngen_R12_J10_ASTHMA_EXMORE.gz
J10_ACUTEUPPERINFEC,Acute upper respiratory infections of multiple and unspecified sites,X Diseases of the respiratory system (J10_),X,52302,402652,https://storage.googleapis.com/finngen-public-data-r12/summary_stats/release/finngen_R12_J10_ACUTEUPPERINFEC.gz
J10_ASTHMA_MAIN_EXMORE,Asthma (only as main-diagnosis) (more control exclusions),X Diseases of the respiratory system (J10_),X,47300,259839,https://storage.googleapis.com/finngen-public-data-r12/summary_stats/release/finngen_R12_J10_ASTHMA_MAIN_EXMORE.gz
J10_TONSILLECTOMY,Tonsillectomy and adenotomy,X Diseases of the respiratory system (J10_),X,39135,461213,https://storage.googleapis.com/finngen-public-data-r12/summary_stats/release/finngen_R12_J10_TONSILLECTOMY.gz
J10_SINUSITIS,Acute sinusitis,X Diseases of the respiratory system (J10_),X,28616,402652,https://storage.googleapis.com/finngen-public-data-r12/summary_stats/release/finngen_R12_J10_SINUSITIS.gz
J10_LOWERINF,Other acute lower respiratory infections,X Diseases of the respiratory system (J10_),X,28542,471806,https://storage.googleapis.com/finngen-public-data-r12/summary_stats/release/finngen_R12_J10_LOWERINF.gz
J10_VOCALLARYNX,"Diseases of vocal cords and larynx+other diseases of upper respiratory tract, no elsewhere classified",X Diseases of the respiratory system (J10_),X,26923,371520,https://storage.googleapis.com/finngen-public-data-r12/summary_stats/release/finngen_R12_J10_VOCALLARYNX.gz
J10_COPD,COPD,X Diseases of the respiratory system (J10_),X,24138,409070,https://storage.googleapis.com/finngen-public-data-r12/summary_stats/release/finngen_R12_J10_COPD.gz
J10_CHRONSINUSITIS,Chronic sinusitis,X Diseases of the respiratory system (J10_),X,22099,371520,https://storage.googleapis.com/finngen-public-data-r12/summary_stats/release/finngen_R12_J10_CHRONSINUSITIS.gz
J10_PNEUMOBACT,Bacterial pneumoniae,X Diseases of the respiratory system (J10_),X,21582,415538,https://storage.googleapis.com/finngen-public-data-r12/summary_stats/release/finngen_R12_J10_PNEUMOBACT.gz
J10_BRONCHITIS,Acute bronchitis,X Diseases of the respiratory system (J10_),X,20762,471806,https://storage.googleapis.com/finngen-public-data-r12/summary_stats/release/finngen_R12_J10_BRONCHITIS.gz
J10_PLEURA,Other diseases of pleura,X Diseases of the respiratory system (J10_),X,20693,479655,https://storage.googleapis.com/finngen-public-data-r12/summary_stats/release/finngen_R12_J10_PLEURA.gz
J10_TONSILLITIS,Other and unspecified tonsillitis,X Diseases of the respiratory system (J10_),X,18652,402652,https://storage.googleapis.com/finngen-public-data-r12/summary_stats/release/finngen_R12_J10_TONSILLITIS.gz
J10_SEPTDEV,Deviated nasal septum,X Diseases of the respiratory system (J10_),X,15803,371520,https://storage.googleapis.com/finngen-public-data-r12/summary_stats/release/finngen_R12_J10_SEPTDEV.gz
J10_CHRONRHINITIS,"Chronic rhinitis, nasopharyngitis and pharyngitis",X Diseases of the respiratory system (J10_),X,15219,371520,https://storage.googleapis.com/finngen-public-data-r12/summary_stats/release/finngen_R12_J10_CHRONRHINITIS.gz
J10_INFLUENZA,All influenza,X Diseases of the respiratory system (J10_),X,11558,415538,https://storage.googleapis.com/finngen-public-data-r12/summary_stats/release/finngen_R12_J10_INFLUENZA.gz
J10_PERITONSABSC,Peritonsillar abscess,X Diseases of the respiratory system (J10_),X,10405,371520,https://storage.googleapis.com/finngen-public-data-r12/summary_stats/release/finngen_R12_J10_PERITONSABSC.gz
J10_RESPOTHER,Other diseases of the respiratory system,X Diseases of the respiratory system (J10_),X,8552,491796,https://storage.googleapis.com/finngen-public-data-r12/summary_stats/release/finngen_R12_J10_RESPOTHER.gz
J10_NASALPOLYP,Nasal polyp,X Diseases of the respiratory system (J10_),X,8496,371520,https://storage.googleapis.com/finngen-public-data-r12/summary_stats/release/finngen_R12_J10_NASALPOLYP.gz
J10_PHARYNGITIS,Acute pharyngitis,X Diseases of the respiratory system (J10_),X,6953,402652,https://storage.googleapis.com/finngen-public-data-r12/summary_stats/release/finngen_R12_J10_PHARYNGITIS.gz
J10_ACUTELOWERNAS,Unspecified acute lower respiratory infection,X Diseases of the respiratory system (J10_),X,6465,471806,https://storage.googleapis.com/finngen-public-data-r12/summary_stats/release/finngen_R12_J10_ACUTELOWERNAS.gz
J10_PLEUREFFUSION,Pleural effusion,X Diseases of the respiratory system (J10_),X,6136,479655,https://storage.googleapis.com/finngen-public-data-r12/summary_stats/release/finngen_R12_J10_PLEUREFFUSION.gz
J10_LARYNGITIS,Acute laryngitis and tracheitis,X Diseases of the respiratory system (J10_),X,6038,402652,https://storage.googleapis.com/finngen-public-data-r12/summary_stats/release/finngen_R12_J10_LARYNGITIS.gz
J10_CHRONLARYNGITIS,Chronic laryngitis and laryngotracheitis,X Diseases of the respiratory system (J10_),X,5825,371520,https://storage.googleapis.com/finngen-public-data-r12/summary_stats/release/finngen_R12_J10_CHRONLARYNGITIS.gz
J10_EXTERLUNG,Lung diseases due to external agents,X Diseases of the respiratory system (J10_),X,5753,494595,https://storage.googleapis.com/finngen-public-data-r12/summary_stats/release/finngen_R12_J10_EXTERLUNG.gz
J10_COLD,Acute nasopharyngitis (common cold),X Diseases of the respiratory system (J10_),X,5435,402652,https://storage.googleapis.com/finngen-public-data-r12/summary_stats/release/finngen_R12_J10_COLD.gz
J10_VIRALPNEUMO,Viral pneumonia,X Diseases of the respiratory system (J10_),X,5181,415538,https://storage.googleapis.com/finngen-public-data-r12/summary_stats/release/finngen_R12_J10_VIRALPNEUMO.gz
J10_PLEUROTH,Other pleural conditions,X Diseases of the respiratory system (J10_),X,3964,479655,https://storage.googleapis.com/finngen-public-data-r12/summary_stats/release/finngen_R12_J10_PLEUROTH.gz
J10_BRONCH,"Bronchitis, not specified as acute or chronic",X Diseases of the respiratory system (J10_),X,3729,409070,https://storage.googleapis.com/finngen-public-data-r12/summary_stats/release/finngen_R12_J10_BRONCH.gz
J10_PLEURPLAGUE,Pleural plaque,X Diseases of the respiratory system (J10_),X,3689,479655,https://storage.googleapis.com/finngen-public-data-r12/summary_stats/release/finngen_R12_J10_PLEURPLAGUE.gz
J10_PNEUMONISOLLIQ,Pneumonitis due to solids and liquids,X Diseases of the respiratory system (J10_),X,3168,494595,https://storage.googleapis.com/finngen-public-data-r12/summary_stats/release/finngen_R12_J10_PNEUMONISOLLIQ.gz
J10_BRONCHIECTASIS,Bronchiectasis,X Diseases of the respiratory system (J10_),X,2932,409070,https://storage.googleapis.com/finngen-public-data-r12/summary_stats/release/finngen_R12_J10_BRONCHIECTASIS.gz
J10_BRONCHIOLITIS,Acute bronchiolitis,X Diseases of the respiratory system (J10_),X,2818,471806,https://storage.googleapis.com/finngen-public-data-r12/summary_stats/release/finngen_R12_J10_BRONCHIOLITIS.gz
J10_PNEUMOTHORAX,Pneumothorax,X Diseases of the respiratory system (J10_),X,2713,479655,https://storage.googleapis.com/finngen-public-data-r12/summary_stats/release/finngen_R12_J10_PNEUMOTHORAX.gz
J10_EMPHYSEMA,Emphysema,X Diseases of the respiratory system (J10_),X,2711,409070,https://storage.googleapis.com/finngen-public-data-r12/summary_stats/release/finngen_R12_J10_EMPHYSEMA.gz
J10_NECROTIC,Suppurative and necrotic conditions of lower respiratory tract,X Diseases of the respiratory system (J10_),X,1943,498405,https://storage.googleapis.com/finngen-public-data-r12/summary_stats/release/finngen_R12_J10_NECROTIC.gz
J10_SIMPLBRONCH,Simple and mucopurulent chronic bronchitis,X Diseases of the respiratory system (J10_),X,1702,409070,https://storage.googleapis.com/finngen-public-data-r12/summary_stats/release/finngen_R12_J10_SIMPLBRONCH.gz
J10_PNEUMOPNEUMO,Pneumonia due to Streptococcus pneumoniae,X Diseases of the respiratory system (J10_),X,1625,415538,https://storage.googleapis.com/finngen-public-data-r12/summary_stats/release/finngen_R12_J10_PNEUMOPNEUMO.gz
J10_BRONCHNAS,Unspecified chronic bronchitis,X Diseases of the respiratory system (J10_),X,1494,409070,https://storage.googleapis.com/finngen-public-data-r12/summary_stats/release/finngen_R12_J10_BRONCHNAS.gz
J10_PYOTHORAX,Pyothorax,X Diseases of the respiratory system (J10_),X,1471,498405,https://storage.googleapis.com/finngen-public-data-r12/summary_stats/release/finngen_R12_J10_PYOTHORAX.gz
J10_PNEUMONONBACT,"Pneumonia due to other infectious organisms, not elsewhere classified",X Diseases of the respiratory system (J10_),X,1157,415538,https://storage.googleapis.com/finngen-public-data-r12/summary_stats/release/finngen_R12_J10_PNEUMONONBACT.gz
J10_ASBESTPNEUMOC,Pneumoconiosis due to asbestos and other mineral fibres,X Diseases of the respiratory system (J10_),X,807,494595,https://storage.googleapis.com/finngen-public-data-r12/summary_stats/release/finngen_R12_J10_ASBESTPNEUMOC.gz
J10_RESPCONDEXT,Respiratory conditions due to other external agents,X Diseases of the respiratory system (J10_),X,678,494595,https://storage.googleapis.com/finngen-public-data-r12/summary_stats/release/finngen_R12_J10_RESPCONDEXT.gz
J10_PULMOEDEMA,Pulmonary oedema,X Diseases of the respiratory system (J10_),X,625,493301,https://storage.googleapis.com/finngen-public-data-r12/summary_stats/release/finngen_R12_J10_PULMOEDEMA.gz
J10_HYPERSPNEUMONI,Hypersensitivity pneumonitis due to organic dust,X Diseases of the respiratory system (J10_),X,575,494595,https://storage.googleapis.com/finngen-public-data-r12/summary_stats/release/finngen_R12_J10_HYPERSPNEUMONI.gz
J10_EPIGLOTTITIS,Acute epiglottitis,X Diseases of the respiratory system (J10_),X,556,402652,https://storage.googleapis.com/finngen-public-data-r12/summary_stats/release/finngen_R12_J10_EPIGLOTTITIS.gz
J10_ABSCLUNGPNEUMO,Abscess of lung,X Diseases of the respiratory system (J10_),X,508,498405,https://storage.googleapis.com/finngen-public-data-r12/summary_stats/release/finngen_R12_J10_ABSCLUNGPNEUMO.gz
K11_ORAL,"Diseases of oral cavity, salivary glands and jaws",XI Diseases of the digestive system (K11_),XI,190088,310260,https://storage.googleapis.com/finngen-public-data-r12/summary_stats/release/finngen_R12_K11_ORAL.gz
K11_INTESTOTH,Other diseases of intestines,XI Diseases of the digestive system (K11_),XI,105623,394725,https://storage.googleapis.com/finngen-public-data-r12/summary_stats/release/finngen_R12_K11_INTESTOTH.gz
K11_OESSTODUO,"Diseases of oesophagus, stomach and duodenum",XI Diseases of the digestive system (K11_),XI,76563,423785,https://storage.googleapis.com/finngen-public-data-r12/summary_stats/release/finngen_R12_K11_OESSTODUO.gz
K11_HERNIA,Hernia,XI Diseases of the digestive system (K11_),XI,73682,426666,https://storage.googleapis.com/finngen-public-data-r12/summary_stats/release/finngen_R12_K11_HERNIA.gz
K11_CONSTIPATION,Constipation,XI Diseases of the digestive system (K11_),XI,51956,448392,https://storage.googleapis.com/finngen-public-data-r12/summary_stats/release/finngen_R12_K11_CONSTIPATION.gz
K11_CHOLELITH,Cholelithiasis,XI Diseases of the digestive system (K11_),XI,49834,437418,https://storage.googleapis.com/finngen-public-data-r12/summary_stats/release/finngen_R12_K11_CHOLELITH.gz
K11_DIVERTIC,Diverticular disease of intestine,XI Diseases of the digestive system (K11_),XI,43138,394725,https://storage.googleapis.com/finngen-public-data-r12/summary_stats/release/finngen_R12_K11_DIVERTIC.gz
K11_HERING,Inguinal hernia,XI Diseases of the digestive system (K11_),XI,43066,426666,https://storage.googleapis.com/finngen-public-data-r12/summary_stats/release/finngen_R12_K11_HERING.gz
K11_APPENDACUT,Acute appendicitis,XI Diseases of the digestive system (K11_),XI,38933,458424,https://storage.googleapis.com/finngen-public-data-r12/summary_stats/release/finngen_R12_K11_APPENDACUT.gz
K11_CHOLECYSTECTOMY,Cholecystectomy,XI Diseases of the digestive system (K11_),XI,36556,463792,https://storage.googleapis.com/finngen-public-data-r12/summary_stats/release/finngen_R12_K11_CHOLECYSTECTOMY.gz
K11_APPENDECTOMY,Appendectomy,XI Diseases of the digestive system (K11_),XI,35484,464864,https://storage.googleapis.com/finngen-public-data-r12/summary_stats/release/finngen_R12_K11_APPENDECTOMY.gz
APPENDACUT_NOCOMPLIC,"Acute appendicitis, no complications",XI Diseases of the digestive system (K11_),XI,30012,458424,https://storage.googleapis.com/finngen-public-data-r12/summary_stats/release/finngen_R12_APPENDACUT_NOCOMPLIC.gz
K11_ENERCOLNONINF,Noninfective enteritis and colitis,XI Diseases of the digestive system (K11_),XI,23771,476577,https://storage.googleapis.com/finngen-public-data-r12/summary_stats/release/finngen_R12_K11_ENERCOLNONINF.gz
K11_OTHFUNC,Other functional intestinal disorders,XI Diseases of the digestive system (K11_),XI,22972,394725,https://storage.googleapis.com/finngen-public-data-r12/summary_stats/release/finngen_R12_K11_OTHFUNC.gz
K11_ATTRITION,Excessive attrition of teeth,XI Diseases of the digestive system (K11_),XI,22758,114335,https://storage.googleapis.com/finngen-public-data-r12/summary_stats/release/finngen_R12_K11_ATTRITION.gz
K11_OTHDIG,Diseases of the digestive system,XI Diseases of the digestive system (K11_),XI,22159,478189,https://storage.googleapis.com/finngen-public-data-r12/summary_stats/release/finngen_R12_K11_OTHDIG.gz
ABDOM_HERNIA,Hernia of abdominal wall,XI Diseases of the digestive system (K11_),XI,21210,479138,https://storage.googleapis.com/finngen-public-data-r12/summary_stats/release/finngen_R12_ABDOM_HERNIA.gz
TEMPOROMANDIB_INCLAVO,"Temporomandibular joint disorders, including avohilmo",XI Diseases of the digestive system (K11_),XI,20799,479549,https://storage.googleapis.com/finngen-public-data-r12/summary_stats/release/finngen_R12_TEMPOROMANDIB_INCLAVO.gz
K11_DIAHER,Diaphragmatic hernia,XI Diseases of the digestive system (K11_),XI,16034,426666,https://storage.googleapis.com/finngen-public-data-r12/summary_stats/release/finngen_R12_K11_DIAHER.gz
K11_LIVER,Diseases of liver,XI Diseases of the digestive system (K11_),XI,15135,485213,https://storage.googleapis.com/finngen-public-data-r12/summary_stats/release/finngen_R12_K11_LIVER.gz
K11_OTHDISDIG,Other diseases of the digestive system,XI Diseases of the digestive system (K11_),XI,14423,478189,https://storage.googleapis.com/finngen-public-data-r12/summary_stats/release/finngen_R12_K11_OTHDISDIG.gz
K11_OTHANRECT,Other diseases of anus and rectum,XI Diseases of the digestive system (K11_),XI,13938,394725,https://storage.googleapis.com/finngen-public-data-r12/summary_stats/release/finngen_R12_K11_OTHANRECT.gz
K11_HAEMORR,Haemorrhoids and perianal venous thrombosis,XI Diseases of the digestive system (K11_),XI,13841,394725,https://storage.googleapis.com/finngen-public-data-r12/summary_stats/release/finngen_R12_K11_HAEMORR.gz
K11_DENTOFACIAL_ANOMALIES,Dentofacial anomalies [including malocclusion],XI Diseases of the digestive system (K11_),XI,13829,310260,https://storage.googleapis.com/finngen-public-data-r12/summary_stats/release/finngen_R12_K11_DENTOFACIAL_ANOMALIES.gz
K11_EMBIMPACT_TEETH,Embedded and impacted teeth,XI Diseases of the digestive system (K11_),XI,13286,487062,https://storage.googleapis.com/finngen-public-data-r12/summary_stats/release/finngen_R12_K11_EMBIMPACT_TEETH.gz
K11_IBS,Irritable bowel syndrome,XI Diseases of the digestive system (K11_),XI,13268,394725,https://storage.googleapis.com/finngen-public-data-r12/summary_stats/release/finngen_R12_K11_IBS.gz
K11_ABRASION,Abrasion of teeth,XI Diseases of the digestive system (K11_),XI,12733,114335,https://storage.googleapis.com/finngen-public-data-r12/summary_stats/release/finngen_R12_K11_ABRASION.gz
K11_CHRONGASTR,Chronic gastritis,XI Diseases of the digestive system (K11_),XI,12441,423785,https://storage.googleapis.com/finngen-public-data-r12/summary_stats/release/finngen_R12_K11_CHRONGASTR.gz
K11_FUNCDYSP,Functional dyspepsia,XI Diseases of the digestive system (K11_),XI,12179,423785,https://storage.googleapis.com/finngen-public-data-r12/summary_stats/release/finngen_R12_K11_FUNCDYSP.gz
K11_GASTRODUOULC,Gastroduodenal ulcer,XI Diseases of the digestive system (K11_),XI,12074,423785,https://storage.googleapis.com/finngen-public-data-r12/summary_stats/release/finngen_R12_K11_GASTRODUOULC.gz
K11_FISTULA,Colonic or urogenital fistula,XI Diseases of the digestive system (K11_),XI,12025,488323,https://storage.googleapis.com/finngen-public-data-r12/summary_stats/release/finngen_R12_K11_FISTULA.gz
K11_UMBHER,Umbilical hernia,XI Diseases of the digestive system (K11_),XI,11934,426666,https://storage.googleapis.com/finngen-public-data-r12/summary_stats/release/finngen_R12_K11_UMBHER.gz
K11_ILEUS,Paralytic ileus and intestinal obstruction,XI Diseases of the digestive system (K11_),XI,11750,394725,https://storage.googleapis.com/finngen-public-data-r12/summary_stats/release/finngen_R12_K11_ILEUS.gz
K11_OTHENTERCOL,Other noninfective gastroenteritis and colitis,XI Diseases of the digestive system (K11_),XI,11212,476577,https://storage.googleapis.com/finngen-public-data-r12/summary_stats/release/finngen_R12_K11_OTHENTERCOL.gz
K11_IBD_STRICT,"Inflammatory bowel disease, strict (require KELA)",XI Diseases of the digestive system (K11_),XI,10960,489388,https://storage.googleapis.com/finngen-public-data-r12/summary_stats/release/finngen_R12_K11_IBD_STRICT.gz
K11_ANOMALI_DENTAL_ARCH_RELATIONS1,"Anomalies of dental arch relationship, including avohilmo",XI Diseases of the digestive system (K11_),XI,10708,489640,https://storage.googleapis.com/finngen-public-data-r12/summary_stats/release/finngen_R12_K11_ANOMALI_DENTAL_ARCH_RELATIONS1.gz
K11_VENTHER,Ventral hernia,XI Diseases of the digestive system (K11_),XI,10405,426666,https://storage.googleapis.com/finngen-public-data-r12/summary_stats/release/finngen_R12_K11_VENTHER.gz
K11_OTHGASTR,Other gastritis (incl. Duodenitis),XI Diseases of the digestive system (K11_),XI,10062,423785,https://storage.googleapis.com/finngen-public-data-r12/summary_stats/release/finngen_R12_K11_OTHGASTR.gz
K11_DISORD_TEETH,Other disorders of teeth and supporting structures,XI Diseases of the digestive system (K11_),XI,9515,310260,https://storage.googleapis.com/finngen-public-data-r12/summary_stats/release/finngen_R12_K11_DISORD_TEETH.gz
K11_EROSION_INCLAVO,"Erosion of teeth, including avohilmo",XI Diseases of the digestive system (K11_),XI,9162,112365,https://storage.googleapis.com/finngen-public-data-r12/summary_stats/release/finngen_R12_K11_EROSION_INCLAVO.gz
K11_IMPACTED_TEETH,Impacted teeth,XI Diseases of the digestive system (K11_),XI,9055,491293,https://storage.googleapis.com/finngen-public-data-r12/summary_stats/release/finngen_R12_K11_IMPACTED_TEETH.gz
APPENDACUT_COMPLIC,"Acute appendicitis, with complications",XI Diseases of the digestive system (K11_),XI,8921,458424,https://storage.googleapis.com/finngen-public-data-r12/summary_stats/release/finngen_R12_APPENDACUT_COMPLIC.gz
K11_SALIVARY,Diseases of salivary glands,XI Diseases of the digestive system (K11_),XI,8757,310260,https://storage.googleapis.com/finngen-public-data-r12/summary_stats/release/finngen_R12_K11_SALIVARY.gz
K11_LICHEN_PLANUS_WIDE,"Lichen ruber planus, wide definition including periferal and oral lichen planus",XI Diseases of the digestive system (K11_),XI,8507,491841,https://storage.googleapis.com/finngen-public-data-r12/summary_stats/release/finngen_R12_K11_LICHEN_PLANUS_WIDE.gz
K11_ACUTPANC,Acute pancreatitis,XI Diseases of the digestive system (K11_),XI,8446,437418,https://storage.googleapis.com/finngen-public-data-r12/summary_stats/release/finngen_R12_K11_ACUTPANC.gz
ABDOM_HERNIA_POSTOP,"Hernia of abdominal wall, postoperative",XI Diseases of the digestive system (K11_),XI,8152,277113,https://storage.googleapis.com/finngen-public-data-r12/summary_stats/release/finngen_R12_ABDOM_HERNIA_POSTOP.gz
K11_OTHILEUS,"Other or unspecified ileus, impaction or obstruction",XI Diseases of the digestive system (K11_),XI,8037,394725,https://storage.googleapis.com/finngen-public-data-r12/summary_stats/release/finngen_R12_K11_OTHILEUS.gz
TEMPOROMANDIB,Temporomandibular joint disorders,XI Diseases of the digestive system (K11_),XI,7966,262404,https://storage.googleapis.com/finngen-public-data-r12/summary_stats/release/finngen_R12_TEMPOROMANDIB.gz
K11_GULC,Gastric ulcer,XI Diseases of the digestive system (K11_),XI,7787,423785,https://storage.googleapis.com/finngen-public-data-r12/summary_stats/release/finngen_R12_K11_GULC.gz
K11_DISLIVOTH,Other diseases of liver,XI Diseases of the digestive system (K11_),XI,7266,485213,https://storage.googleapis.com/finngen-public-data-r12/summary_stats/release/finngen_R12_K11_DISLIVOTH.gz
K11_UC_STRICT2,"Ulcerative colitis (strict definition, require KELA, min 2 HDR)",XI Diseases of the digestive system (K11_),XI,7220,492160,https://storage.googleapis.com/finngen-public-data-r12/summary_stats/release/finngen_R12_K11_UC_STRICT2.gz
K11_LIP_ORAL_MUCOSA,Other diseases of lip and oral mucosa,XI Diseases of the digestive system (K11_),XI,6831,310260,https://storage.googleapis.com/finngen-public-data-r12/summary_stats/release/finngen_R12_K11_LIP_ORAL_MUCOSA.gz
K11_ERUPTION,Tooth eruption problems,XI Diseases of the digestive system (K11_),XI,6494,493854,https://storage.googleapis.com/finngen-public-data-r12/summary_stats/release/finngen_R12_K11_ERUPTION.gz
K11_CHOLECYST,Cholecystitis,XI Diseases of the digestive system (K11_),XI,5851,437418,https://storage.googleapis.com/finngen-public-data-r12/summary_stats/release/finngen_R12_K11_CHOLECYST.gz
K11_APHTA_RECUR_INCLAVO,"Recurring oral aphthae, including avohilmo",XI Diseases of the digestive system (K11_),XI,5394,494954,https://storage.googleapis.com/finngen-public-data-r12/summary_stats/release/finngen_R12_K11_APHTA_RECUR_INCLAVO.gz
K11_COELIAC,Coeliac disease,XI Diseases of the digestive system (K11_),XI,5130,478189,https://storage.googleapis.com/finngen-public-data-r12/summary_stats/release/finngen_R12_K11_COELIAC.gz
K11_OTHINT,Other diseases of intestine,XI Diseases of the digestive system (K11_),XI,4877,394725,https://storage.googleapis.com/finngen-public-data-r12/summary_stats/release/finngen_R12_K11_OTHINT.gz
K11_DEEP_BITE,Deep bite,XI Diseases of the digestive system (K11_),XI,4863,495485,https://storage.googleapis.com/finngen-public-data-r12/summary_stats/release/finngen_R12_K11_DEEP_BITE.gz
K11_CHRONPANC,Chronic pancreatitis,XI Diseases of the digestive system (K11_),XI,4820,437418,https://storage.googleapis.com/finngen-public-data-r12/summary_stats/release/finngen_R12_K11_CHRONPANC.gz
K11_MISS_TEETH_ACCID_EXTR_PAROD,"Missing teeth due to accident, extraction or parodontitis",XI Diseases of the digestive system (K11_),XI,4597,310260,https://storage.googleapis.com/finngen-public-data-r12/summary_stats/release/finngen_R12_K11_MISS_TEETH_ACCID_EXTR_PAROD.gz
K11_DULC,Duodenal ulcer,XI Diseases of the digestive system (K11_),XI,4590,423785,https://storage.googleapis.com/finngen-public-data-r12/summary_stats/release/finngen_R12_K11_DULC.gz
K11_CROWDI_TEETH,"Crowding of teeth, including avohilmo",XI Diseases of the digestive system (K11_),XI,4491,495857,https://storage.googleapis.com/finngen-public-data-r12/summary_stats/release/finngen_R12_K11_CROWDI_TEETH.gz
HERING_BILATERAL,"Inguinal hernia, bilateral",XI Diseases of the digestive system (K11_),XI,4091,426666,https://storage.googleapis.com/finngen-public-data-r12/summary_stats/release/finngen_R12_HERING_BILATERAL.gz
K11_EMBED_TEETH,"Embedded teeth, including avohilmo",XI Diseases of the digestive system (K11_),XI,4006,496342,https://storage.googleapis.com/finngen-public-data-r12/summary_stats/release/finngen_R12_K11_EMBED_TEETH.gz
K11_PERITON,Diseases of peritoneum,XI Diseases of the digestive system (K11_),XI,4005,496343,https://storage.googleapis.com/finngen-public-data-r12/summary_stats/release/finngen_R12_K11_PERITON.gz
K11_OTHDISOES,Other diseases of oesophagus,XI Diseases of the digestive system (K11_),XI,3907,423785,https://storage.googleapis.com/finngen-public-data-r12/summary_stats/release/finngen_R12_K11_OTHDISOES.gz
K11_ALCOLIV,Alcoholic liver disease,XI Diseases of the digestive system (K11_),XI,3769,485213,https://storage.googleapis.com/finngen-public-data-r12/summary_stats/release/finngen_R12_K11_ALCOLIV.gz
K11_ABSCANAL,Abscess of anal and rectal regions,XI Diseases of the digestive system (K11_),XI,3566,394725,https://storage.googleapis.com/finngen-public-data-r12/summary_stats/release/finngen_R12_K11_ABSCANAL.gz
K11_APPENDOTH,Other appendicitis,XI Diseases of the digestive system (K11_),XI,3450,458424,https://storage.googleapis.com/finngen-public-data-r12/summary_stats/release/finngen_R12_K11_APPENDOTH.gz
K11_STOMATITIS,Stomatitis and related lesions,XI Diseases of the digestive system (K11_),XI,3437,310260,https://storage.googleapis.com/finngen-public-data-r12/summary_stats/release/finngen_R12_K11_STOMATITIS.gz
K11_ORAL_LEUCOPLAC_RELAT_INCLAVO,"Oral leukoplakia and related diseases, including avohilmo",XI Diseases of the digestive system (K11_),XI,3257,497091,https://storage.googleapis.com/finngen-public-data-r12/summary_stats/release/finngen_R12_K11_ORAL_LEUCOPLAC_RELAT_INCLAVO.gz
K11_BILIAOTH,Other diseases of biliary tract,XI Diseases of the digestive system (K11_),XI,3236,437418,https://storage.googleapis.com/finngen-public-data-r12/summary_stats/release/finngen_R12_K11_BILIAOTH.gz
K11_ADHE,Intestinal adhesions without obstruction,XI Diseases of the digestive system (K11_),XI,3213,394725,https://storage.googleapis.com/finngen-public-data-r12/summary_stats/release/finngen_R12_K11_ADHE.gz
K11_ACUTGASTR,Acute gastritis,XI Diseases of the digestive system (K11_),XI,3080,423785,https://storage.googleapis.com/finngen-public-data-r12/summary_stats/release/finngen_R12_K11_ACUTGASTR.gz
K11_CROSSBITE,Crossbite,XI Diseases of the digestive system (K11_),XI,2790,497558,https://storage.googleapis.com/finngen-public-data-r12/summary_stats/release/finngen_R12_K11_CROSSBITE.gz
K11_JAWS,Other diseases of jaws,XI Diseases of the digestive system (K11_),XI,2779,310260,https://storage.googleapis.com/finngen-public-data-r12/summary_stats/release/finngen_R12_K11_JAWS.gz
K11_DEPOSITS,Deposits [accretions] on teeth,XI Diseases of the digestive system (K11_),XI,2767,310260,https://storage.googleapis.com/finngen-public-data-r12/summary_stats/release/finngen_R12_K11_DEPOSITS.gz
K11_PANCOTH,Other diseases of pancreas,XI Diseases of the digestive system (K11_),XI,2762,437418,https://storage.googleapis.com/finngen-public-data-r12/summary_stats/release/finngen_R12_K11_PANCOTH.gz
K11_OESULC,Ulcer of oesophagus,XI Diseases of the digestive system (K11_),XI,2667,423785,https://storage.googleapis.com/finngen-public-data-r12/summary_stats/release/finngen_R12_K11_OESULC.gz
K11_MN_RETRGN,Mandibular retrognathia,XI Diseases of the digestive system (K11_),XI,2659,497689,https://storage.googleapis.com/finngen-public-data-r12/summary_stats/release/finngen_R12_K11_MN_RETRGN.gz
K11_FIBROCHIRLIV,Fibrosis and cirrhosis of liver,XI Diseases of the digestive system (K11_),XI,2653,485213,https://storage.googleapis.com/finngen-public-data-r12/summary_stats/release/finngen_R12_K11_FIBROCHIRLIV.gz
K11_VASCINT,Vascular disorders of the intestines,XI Diseases of the digestive system (K11_),XI,2545,394725,https://storage.googleapis.com/finngen-public-data-r12/summary_stats/release/finngen_R12_K11_VASCINT.gz
K11_CD_STRICT2,"Crohn disease (strict definition, require KELA, min 2 HDR)",XI Diseases of the digestive system (K11_),XI,2489,497622,https://storage.googleapis.com/finngen-public-data-r12/summary_stats/release/finngen_R12_K11_CD_STRICT2.gz
K11_OTHINFLIV,Other inflammatory liver diseases,XI Diseases of the digestive system (K11_),XI,2463,485213,https://storage.googleapis.com/finngen-public-data-r12/summary_stats/release/finngen_R12_K11_OTHINFLIV.gz
K11_OTHDISSTOMDUOD,Other diseases of stomach and duodenum,XI Diseases of the digestive system (K11_),XI,2427,423785,https://storage.googleapis.com/finngen-public-data-r12/summary_stats/release/finngen_R12_K11_OTHDISSTOMDUOD.gz
K11_PERITONITIS,Acute peritonitis,XI Diseases of the digestive system (K11_),XI,2384,496343,https://storage.googleapis.com/finngen-public-data-r12/summary_stats/release/finngen_R12_K11_PERITONITIS.gz
K11_MAXIL_MOLAR_FAILED_ERUPT_OBSTRUCTION_TOOTH,Impacted maxillary molar,XI Diseases of the digestive system (K11_),XI,2335,498013,https://storage.googleapis.com/finngen-public-data-r12/summary_stats/release/finngen_R12_K11_MAXIL_MOLAR_FAILED_ERUPT_OBSTRUCTION_TOOTH.gz
K11_CHOLANGI,"Cholangitis (primary sclerosing, PSC)",XI Diseases of the digestive system (K11_),XI,2317,437418,https://storage.googleapis.com/finngen-public-data-r12/summary_stats/release/finngen_R12_K11_CHOLANGI.gz
TONGUEABNORMALITY,Tongue abnormality,XI Diseases of the digestive system (K11_),XI,2151,498197,https://storage.googleapis.com/finngen-public-data-r12/summary_stats/release/finngen_R12_TONGUEABNORMALITY.gz
K11_OESITIS,Oesophagitis,XI Diseases of the digestive system (K11_),XI,2046,423785,https://storage.googleapis.com/finngen-public-data-r12/summary_stats/release/finngen_R12_K11_OESITIS.gz
K11_OPEN_BITE,Open bite,XI Diseases of the digestive system (K11_),XI,2021,498327,https://storage.googleapis.com/finngen-public-data-r12/summary_stats/release/finngen_R12_K11_OPEN_BITE.gz
K11_ORAL_LEUCOPLAC_RELAT,Oral leukoplakia and related diseases,XI Diseases of the digestive system (K11_),XI,1972,498376,https://storage.googleapis.com/finngen-public-data-r12/summary_stats/release/finngen_R12_K11_ORAL_LEUCOPLAC_RELAT.gz
K11_ORALCYST,"Cysts of oral region, not elsewhere classified",XI Diseases of the digestive system (K11_),XI,1713,310260,https://storage.googleapis.com/finngen-public-data-r12/summary_stats/release/finngen_R12_K11_ORALCYST.gz
K11_MALABSORB,Intestinal malabsorption,XI Diseases of the digestive system (K11_),XI,1688,478189,https://storage.googleapis.com/finngen-public-data-r12/summary_stats/release/finngen_R12_K11_MALABSORB.gz
K11_BARRET,Barrett oesophagus,XI Diseases of the digestive system (K11_),XI,1684,423785,https://storage.googleapis.com/finngen-public-data-r12/summary_stats/release/finngen_R12_K11_BARRET.gz
K11_FEMHER,Femoral hernia,XI Diseases of the digestive system (K11_),XI,1660,426666,https://storage.googleapis.com/finngen-public-data-r12/summary_stats/release/finngen_R12_K11_FEMHER.gz
K11_APHTA_RECUR,Recurring oral aphthae,XI Diseases of the digestive system (K11_),XI,1658,498690,https://storage.googleapis.com/finngen-public-data-r12/summary_stats/release/finngen_R12_K11_APHTA_RECUR.gz
K11_GALLBLAOTH,Other diseases of gallbladder,XI Diseases of the digestive system (K11_),XI,1655,437418,https://storage.googleapis.com/finngen-public-data-r12/summary_stats/release/finngen_R12_K11_GALLBLAOTH.gz
K11_OTHPERITON,Other diseases of peritoneum,XI Diseases of the digestive system (K11_),XI,1641,496343,https://storage.googleapis.com/finngen-public-data-r12/summary_stats/release/finngen_R12_K11_OTHPERITON.gz
K11_HYPO_ONLY,Tooth agenesis EXCLUDE clefts and syndromes,XI Diseases of the digestive system (K11_),XI,1510,497639,https://storage.googleapis.com/finngen-public-data-r12/summary_stats/release/finngen_R12_K11_HYPO_ONLY.gz
K11_OTHABDHER,Other and unspecified abdominal hernia,XI Diseases of the digestive system (K11_),XI,1453,426666,https://storage.googleapis.com/finngen-public-data-r12/summary_stats/release/finngen_R12_K11_OTHABDHER.gz
K11_DISTAL_BITE,Distal bite,XI Diseases of the digestive system (K11_),XI,1446,498902,https://storage.googleapis.com/finngen-public-data-r12/summary_stats/release/finngen_R12_K11_DISTAL_BITE.gz
K11_PARALIL,Paralytic ileus,XI Diseases of the digestive system (K11_),XI,1414,394725,https://storage.googleapis.com/finngen-public-data-r12/summary_stats/release/finngen_R12_K11_PARALIL.gz
K11_OESOBST,Oesophageal obstruction,XI Diseases of the digestive system (K11_),XI,1279,423785,https://storage.googleapis.com/finngen-public-data-r12/summary_stats/release/finngen_R12_K11_OESOBST.gz
K11_HEPFAIL,"Hepatic failure, not elsewhere classified",XI Diseases of the digestive system (K11_),XI,1272,485213,https://storage.googleapis.com/finngen-public-data-r12/summary_stats/release/finngen_R12_K11_HEPFAIL.gz
K11_CHRONHEP,"Chronic hepatitis, not elsewhere classified",XI Diseases of the digestive system (K11_),XI,1215,485213,https://storage.googleapis.com/finngen-public-data-r12/summary_stats/release/finngen_R12_K11_CHRONHEP.gz
K11_GINGIV_HYPERPLAS,Gingival hyperplasia,XI Diseases of the digestive system (K11_),XI,1176,310260,https://storage.googleapis.com/finngen-public-data-r12/summary_stats/release/finngen_R12_K11_GINGIV_HYPERPLAS.gz
K11_RESORPTION,Pathological resorption of teeth,XI Diseases of the digestive system (K11_),XI,1122,310260,https://storage.googleapis.com/finngen-public-data-r12/summary_stats/release/finngen_R12_K11_RESORPTION.gz
K11_POSTOPDIS,"Postprocedural disorders of digestive system, not elsewhere classified",XI Diseases of the digestive system (K11_),XI,1121,478189,https://storage.googleapis.com/finngen-public-data-r12/summary_stats/release/finngen_R12_K11_POSTOPDIS.gz
K11_MIH,Molar incisor enamel hypoplasia,XI Diseases of the digestive system (K11_),XI,1090,499258,https://storage.googleapis.com/finngen-public-data-r12/summary_stats/release/finngen_R12_K11_MIH.gz
K11_MAJOR_ANOMALI_JAW_SIZE,Major anomalies of jaw size,XI Diseases of the digestive system (K11_),XI,1008,499340,https://storage.googleapis.com/finngen-public-data-r12/summary_stats/release/finngen_R12_K11_MAJOR_ANOMALI_JAW_SIZE.gz
K11_SCISS_BITE,Scissor bite,XI Diseases of the digestive system (K11_),XI,1002,499346,https://storage.googleapis.com/finngen-public-data-r12/summary_stats/release/finngen_R12_K11_SCISS_BITE.gz
K11_HYPOPLASIA_ENAMEL_INCLAVO,"Hypoplasia of dental enamel , including avohilmo",XI Diseases of the digestive system (K11_),XI,1001,499347,https://storage.googleapis.com/finngen-public-data-r12/summary_stats/release/finngen_R12_K11_HYPOPLASIA_ENAMEL_INCLAVO.gz
K11_VOLVU,Volvulus,XI Diseases of the digestive system (K11_),XI,962,394725,https://storage.googleapis.com/finngen-public-data-r12/summary_stats/release/finngen_R12_K11_VOLVU.gz
K11_MN_RETRGN_AND_SURG,Mandibular retrognathia AND surgery (BSSRO),XI Diseases of the digestive system (K11_),XI,961,499387,https://storage.googleapis.com/finngen-public-data-r12/summary_stats/release/finngen_R12_K11_MN_RETRGN_AND_SURG.gz
HERING_UNILATERAL,"Inguinal hernia, unilateral",XI Diseases of the digestive system (K11_),XI,953,426666,https://storage.googleapis.com/finngen-public-data-r12/summary_stats/release/finngen_R12_HERING_UNILATERAL.gz
K11_ORAL_LEUCOPLACIA_INCLAVO,"Oral leukoplakia, including avohilmo",XI Diseases of the digestive system (K11_),XI,930,499418,https://storage.googleapis.com/finngen-public-data-r12/summary_stats/release/finngen_R12_K11_ORAL_LEUCOPLACIA_INCLAVO.gz
K11_OVERJET,Overjet,XI Diseases of the digestive system (K11_),XI,875,499473,https://storage.googleapis.com/finngen-public-data-r12/summary_stats/release/finngen_R12_K11_OVERJET.gz
K11_ORAL_LICHEN_PLANUS,Oral lichen ruber planus,XI Diseases of the digestive system (K11_),XI,795,499553,https://storage.googleapis.com/finngen-public-data-r12/summary_stats/release/finngen_R12_K11_ORAL_LICHEN_PLANUS.gz
K11_INTUSS,Intussusception,XI Diseases of the digestive system (K11_),XI,777,394725,https://storage.googleapis.com/finngen-public-data-r12/summary_stats/release/finngen_R12_K11_INTUSS.gz
K11_DISOESINOTH,Disorders of oesophagus in diseases classified elsewhere,XI Diseases of the digestive system (K11_),XI,691,423785,https://storage.googleapis.com/finngen-public-data-r12/summary_stats/release/finngen_R12_K11_DISOESINOTH.gz
K11_RETROG_MAXILLAE,Maxillary retrognathism,XI Diseases of the digestive system (K11_),XI,680,499668,https://storage.googleapis.com/finngen-public-data-r12/summary_stats/release/finngen_R12_K11_RETROG_MAXILLAE.gz
K11_ACHAL,Achalasia of cardia,XI Diseases of the digestive system (K11_),XI,646,423785,https://storage.googleapis.com/finngen-public-data-r12/summary_stats/release/finngen_R12_K11_ACHAL.gz
K11_ORAL_LEUCOPLACIA,Oral leukoplakia,XI Diseases of the digestive system (K11_),XI,596,499752,https://storage.googleapis.com/finngen-public-data-r12/summary_stats/release/finngen_R12_K11_ORAL_LEUCOPLACIA.gz
K11_EROSION,Erosion of teeth,XI Diseases of the digestive system (K11_),XI,577,114335,https://storage.googleapis.com/finngen-public-data-r12/summary_stats/release/finngen_R12_K11_EROSION.gz
K11_ASYMMETRY_JAW,Asymmetry of jaw,XI Diseases of the digestive system (K11_),XI,558,499790,https://storage.googleapis.com/finngen-public-data-r12/summary_stats/release/finngen_R12_K11_ASYMMETRY_JAW.gz
K11_MN_PROGN,Mandibular prognathia,XI Diseases of the digestive system (K11_),XI,553,499795,https://storage.googleapis.com/finngen-public-data-r12/summary_stats/release/finngen_R12_K11_MN_PROGN.gz
K11_ALCGASTR,Alcoholic gastritis,XI Diseases of the digestive system (K11_),XI,540,423785,https://storage.googleapis.com/finngen-public-data-r12/summary_stats/release/finngen_R12_K11_ALCGASTR.gz
K11_TOXLIV,Toxic liver disease,XI Diseases of the digestive system (K11_),XI,520,485213,https://storage.googleapis.com/finngen-public-data-r12/summary_stats/release/finngen_R12_K11_TOXLIV.gz
L12_DERMATITISECZEMA,Dermatitis and eczema,XII Diseases of the skin and subcutaneous tissue (L12_),XII,67474,432874,https://storage.googleapis.com/finngen-public-data-r12/summary_stats/release/finngen_R12_L12_DERMATITISECZEMA.gz
L12_OTHERSKINSUBCUTIS,Other disorders of skin and subcutaneous tissue,XII Diseases of the skin and subcutaneous tissue (L12_),XII,34675,465673,https://storage.googleapis.com/finngen-public-data-r12/summary_stats/release/finngen_R12_L12_OTHERSKINSUBCUTIS.gz
L12_ATOPIC,Atopic dermatitis,XII Diseases of the skin and subcutaneous tissue (L12_),XII,31245,432874,https://storage.googleapis.com/finngen-public-data-r12/summary_stats/release/finngen_R12_L12_ATOPIC.gz
L12_DERMATITISNAS,Dermatitis,XII Diseases of the skin and subcutaneous tissue (L12_),XII,31083,432874,https://storage.googleapis.com/finngen-public-data-r12/summary_stats/release/finngen_R12_L12_DERMATITISNAS.gz
L12_INFECT_SKIN,Infections of the skin and subcutaneous tissue,XII Diseases of the skin and subcutaneous tissue (L12_),XII,29841,470507,https://storage.googleapis.com/finngen-public-data-r12/summary_stats/release/finngen_R12_L12_INFECT_SKIN.gz
L12_DISORDSKINAPPENDIX,Disorders of skin appendages,XII Diseases of the skin and subcutaneous tissue (L12_),XII,23944,476404,https://storage.googleapis.com/finngen-public-data-r12/summary_stats/release/finngen_R12_L12_DISORDSKINAPPENDIX.gz
L12_PAPULOSQUAMOUS,Papulosquamous disorders,XII Diseases of the skin and subcutaneous tissue (L12_),XII,18167,482181,https://storage.googleapis.com/finngen-public-data-r12/summary_stats/release/finngen_R12_L12_PAPULOSQUAMOUS.gz
L12_ACTINKERA,Actinic keratosis,XII Diseases of the skin and subcutaneous tissue (L12_),XII,15597,482972,https://storage.googleapis.com/finngen-public-data-r12/summary_stats/release/finngen_R12_L12_ACTINKERA.gz
L12_URTICARIA,Urticaria,XII Diseases of the skin and subcutaneous tissue (L12_),XII,13990,482901,https://storage.googleapis.com/finngen-public-data-r12/summary_stats/release/finngen_R12_L12_URTICARIA.gz
L12_PSORIASIS,Psoriasis,XII Diseases of the skin and subcutaneous tissue (L12_),XII,12760,482181,https://storage.googleapis.com/finngen-public-data-r12/summary_stats/release/finngen_R12_L12_PSORIASIS.gz
L12_ABSCESS_CUT,"Cutaneous abscess, furuncle and carbuncle",XII Diseases of the skin and subcutaneous tissue (L12_),XII,11581,470507,https://storage.googleapis.com/finngen-public-data-r12/summary_stats/release/finngen_R12_L12_ABSCESS_CUT.gz
L12_CELLULITIS,Cellulitis,XII Diseases of the skin and subcutaneous tissue (L12_),XII,9428,470507,https://storage.googleapis.com/finngen-public-data-r12/summary_stats/release/finngen_R12_L12_CELLULITIS.gz
L12_SEBORRKERAT,Seborrhoeic keratosis,XII Diseases of the skin and subcutaneous tissue (L12_),XII,9078,465673,https://storage.googleapis.com/finngen-public-data-r12/summary_stats/release/finngen_R12_L12_SEBORRKERAT.gz
L12_URTICA_NAS,Other and unspecified urticaria,XII Diseases of the skin and subcutaneous tissue (L12_),XII,8629,482901,https://storage.googleapis.com/finngen-public-data-r12/summary_stats/release/finngen_R12_L12_URTICA_NAS.gz
L12_PSORI_VULG,Psoriasis vulgaris,XII Diseases of the skin and subcutaneous tissue (L12_),XII,7912,482181,https://storage.googleapis.com/finngen-public-data-r12/summary_stats/release/finngen_R12_L12_PSORI_VULG.gz
L12_FOLLICULARCYST,Follicular cysts of skin and subcutaneous tissue,XII Diseases of the skin and subcutaneous tissue (L12_),XII,7729,476404,https://storage.googleapis.com/finngen-public-data-r12/summary_stats/release/finngen_R12_L12_FOLLICULARCYST.gz
L12_ALLERGICCONTACT,Allergic contact dermatitis,XII Diseases of the skin and subcutaneous tissue (L12_),XII,5926,432874,https://storage.googleapis.com/finngen-public-data-r12/summary_stats/release/finngen_R12_L12_ALLERGICCONTACT.gz
L12_OTHERDISSKINANDSUBCUTIS,"Other disorders of skin and subcutaneous tissue, not elsewhere classified",XII Diseases of the skin and subcutaneous tissue (L12_),XII,5849,465673,https://storage.googleapis.com/finngen-public-data-r12/summary_stats/release/finngen_R12_L12_OTHERDISSKINANDSUBCUTIS.gz
L12_ATROPHICSKIN,Atrophic disorders of skin,XII Diseases of the skin and subcutaneous tissue (L12_),XII,5786,465673,https://storage.googleapis.com/finngen-public-data-r12/summary_stats/release/finngen_R12_L12_ATROPHICSKIN.gz
L12_ULCERLOWLIMB,"Ulcer of lower limb, not elsewhere classified",XII Diseases of the skin and subcutaneous tissue (L12_),XII,5324,465673,https://storage.googleapis.com/finngen-public-data-r12/summary_stats/release/finngen_R12_L12_ULCERLOWLIMB.gz
L12_INFECT_DERM,Infective dermatitis,XII Diseases of the skin and subcutaneous tissue (L12_),XII,4713,432874,https://storage.googleapis.com/finngen-public-data-r12/summary_stats/release/finngen_R12_L12_INFECT_DERM.gz
L12_ACNE,Acne,XII Diseases of the skin and subcutaneous tissue (L12_),XII,4617,476404,https://storage.googleapis.com/finngen-public-data-r12/summary_stats/release/finngen_R12_L12_ACNE.gz
L12_PRURITUS,Pruritus,XII Diseases of the skin and subcutaneous tissue (L12_),XII,4387,432874,https://storage.googleapis.com/finngen-public-data-r12/summary_stats/release/finngen_R12_L12_PRURITUS.gz
L12_INFECT_SKIN_OTHER,Other local infections of skin and subcutaneous tissue,XII Diseases of the skin and subcutaneous tissue (L12_),XII,3961,470507,https://storage.googleapis.com/finngen-public-data-r12/summary_stats/release/finngen_R12_L12_INFECT_SKIN_OTHER.gz
L12_LICHENSCLERATROPH,Lichen sclerosus et atrophicus,XII Diseases of the skin and subcutaneous tissue (L12_),XII,3788,465673,https://storage.googleapis.com/finngen-public-data-r12/summary_stats/release/finngen_R12_L12_LICHENSCLERATROPH.gz
L12_SEBORRHOEIC,Seborrhoeic dermatitis,XII Diseases of the skin and subcutaneous tissue (L12_),XII,3787,432874,https://storage.googleapis.com/finngen-public-data-r12/summary_stats/release/finngen_R12_L12_SEBORRHOEIC.gz
L12_PILONIDALCYST,Pilonidal cyst,XII Diseases of the skin and subcutaneous tissue (L12_),XII,3784,470507,https://storage.googleapis.com/finngen-public-data-r12/summary_stats/release/finngen_R12_L12_PILONIDALCYST.gz
L12_OTHERCONTACT,Other contact dermatitis,XII Diseases of the skin and subcutaneous tissue (L12_),XII,3454,432874,https://storage.googleapis.com/finngen-public-data-r12/summary_stats/release/finngen_R12_L12_OTHERCONTACT.gz
L12_URTICA_ALLERG,Allergic urticaria,XII Diseases of the skin and subcutaneous tissue (L12_),XII,3315,482901,https://storage.googleapis.com/finngen-public-data-r12/summary_stats/release/finngen_R12_L12_URTICA_ALLERG.gz
L12_NAILDIS,Nail disorders,XII Diseases of the skin and subcutaneous tissue (L12_),XII,3236,476404,https://storage.googleapis.com/finngen-public-data-r12/summary_stats/release/finngen_R12_L12_NAILDIS.gz
L12_ROSACEANAS,Other and unspecified rosacea,XII Diseases of the skin and subcutaneous tissue (L12_),XII,3232,476404,https://storage.googleapis.com/finngen-public-data-r12/summary_stats/release/finngen_R12_L12_ROSACEANAS.gz
L12_DERM_NUMMULAR,Nummular dermatitis,XII Diseases of the skin and subcutaneous tissue (L12_),XII,3098,432874,https://storage.googleapis.com/finngen-public-data-r12/summary_stats/release/finngen_R12_L12_DERM_NUMMULAR.gz
L12_FOLICULAROTH,Other follicular disorders,XII Diseases of the skin and subcutaneous tissue (L12_),XII,2778,476404,https://storage.googleapis.com/finngen-public-data-r12/summary_stats/release/finngen_R12_L12_FOLICULAROTH.gz
L12_URTICA_DERTMATOG,Dermatographic urticaria,XII Diseases of the skin and subcutaneous tissue (L12_),XII,2596,482901,https://storage.googleapis.com/finngen-public-data-r12/summary_stats/release/finngen_R12_L12_URTICA_DERTMATOG.gz
L12_CORNSANDCALLOS,Corns and callosities,XII Diseases of the skin and subcutaneous tissue (L12_),XII,2582,465673,https://storage.googleapis.com/finngen-public-data-r12/summary_stats/release/finngen_R12_L12_CORNSANDCALLOS.gz
L12_CHRONICULCEROFSKIN,"Chronic ulcer of skin, not elsewhere classified",XII Diseases of the skin and subcutaneous tissue (L12_),XII,2511,465673,https://storage.googleapis.com/finngen-public-data-r12/summary_stats/release/finngen_R12_L12_CHRONICULCEROFSKIN.gz
L12_PSORI_NAS,Other and unspecified psoriasis,XII Diseases of the skin and subcutaneous tissue (L12_),XII,2452,482181,https://storage.googleapis.com/finngen-public-data-r12/summary_stats/release/finngen_R12_L12_PSORI_NAS.gz
L12_SKINSUBCUTISNAS,Other and unspecified disorders of skin and subcutaneous tissue,XII Diseases of the skin and subcutaneous tissue (L12_),XII,2434,465673,https://storage.googleapis.com/finngen-public-data-r12/summary_stats/release/finngen_R12_L12_SKINSUBCUTISNAS.gz
L12_LYMPHADENITIS,Acute lymphadenitis,XII Diseases of the skin and subcutaneous tissue (L12_),XII,2412,470507,https://storage.googleapis.com/finngen-public-data-r12/summary_stats/release/finngen_R12_L12_LYMPHADENITIS.gz
L12_LICHSIMPANDPRURIGO,Lichen simplex chronicus and prurigo,XII Diseases of the skin and subcutaneous tissue (L12_),XII,2381,432874,https://storage.googleapis.com/finngen-public-data-r12/summary_stats/release/finngen_R12_L12_LICHSIMPANDPRURIGO.gz
L12_INTERNALSUBSTANCEDERM,Dermatitis due to substances taken internally,XII Diseases of the skin and subcutaneous tissue (L12_),XII,2157,432874,https://storage.googleapis.com/finngen-public-data-r12/summary_stats/release/finngen_R12_L12_INTERNALSUBSTANCEDERM.gz
L12_DECUBITANSULCERANDPRESSURE,Decubitus ulcer and pressure area,XII Diseases of the skin and subcutaneous tissue (L12_),XII,2121,465673,https://storage.googleapis.com/finngen-public-data-r12/summary_stats/release/finngen_R12_L12_DECUBITANSULCERANDPRESSURE.gz
L12_BULLOUS,Bullous disorders,XII Diseases of the skin and subcutaneous tissue (L12_),XII,2082,498266,https://storage.googleapis.com/finngen-public-data-r12/summary_stats/release/finngen_R12_L12_BULLOUS.gz
L12_NAIL_INGROW,Ingrowing nail,XII Diseases of the skin and subcutaneous tissue (L12_),XII,2074,476404,https://storage.googleapis.com/finngen-public-data-r12/summary_stats/release/finngen_R12_L12_NAIL_INGROW.gz
L12_HYPETROPHICSCAR,Hypertrophic scar,XII Diseases of the skin and subcutaneous tissue (L12_),XII,2068,465673,https://storage.googleapis.com/finngen-public-data-r12/summary_stats/release/finngen_R12_L12_HYPETROPHICSCAR.gz
L12_IMPETIGO,Impetigo,XII Diseases of the skin and subcutaneous tissue (L12_),XII,1734,470507,https://storage.googleapis.com/finngen-public-data-r12/summary_stats/release/finngen_R12_L12_IMPETIGO.gz
L12_EPIDERMALTHICKOTH,Other epidermal thickening,XII Diseases of the skin and subcutaneous tissue (L12_),XII,1569,465673,https://storage.googleapis.com/finngen-public-data-r12/summary_stats/release/finngen_R12_L12_EPIDERMALTHICKOTH.gz
L12_OTHPIGMENTATION,Other disorders of pigmentation,XII Diseases of the skin and subcutaneous tissue (L12_),XII,1535,465673,https://storage.googleapis.com/finngen-public-data-r12/summary_stats/release/finngen_R12_L12_OTHPIGMENTATION.gz
L12_PSORI_PUSTUPALM,Pustulosis palmaris et plantaris,XII Diseases of the skin and subcutaneous tissue (L12_),XII,1525,482181,https://storage.googleapis.com/finngen-public-data-r12/summary_stats/release/finngen_R12_L12_PSORI_PUSTUPALM.gz
L12_FOODDERMAT,Dermatitis due to ingested food,XII Diseases of the skin and subcutaneous tissue (L12_),XII,1508,432874,https://storage.googleapis.com/finngen-public-data-r12/summary_stats/release/finngen_R12_L12_FOODDERMAT.gz
L12_SCARCONDITIONS,Scar conditions and fibrosis of skin,XII Diseases of the skin and subcutaneous tissue (L12_),XII,1495,465673,https://storage.googleapis.com/finngen-public-data-r12/summary_stats/release/finngen_R12_L12_SCARCONDITIONS.gz
GENERALI_SKIN_ERUPT_DRUGS_MEDICAM,Generalized skin eruption due to drugs and medicaments,XII Diseases of the skin and subcutaneous tissue (L12_),XII,1431,498917,https://storage.googleapis.com/finngen-public-data-r12/summary_stats/release/finngen_R12_GENERALI_SKIN_ERUPT_DRUGS_MEDICAM.gz
L12_FOLLICULARNAS,Other and unspecified follicular disorders,XII Diseases of the skin and subcutaneous tissue (L12_),XII,1398,476404,https://storage.googleapis.com/finngen-public-data-r12/summary_stats/release/finngen_R12_L12_FOLLICULARNAS.gz
L12_HIDRADENITISSUP,Hidradenitis suppurativa,XII Diseases of the skin and subcutaneous tissue (L12_),XII,1364,476404,https://storage.googleapis.com/finngen-public-data-r12/summary_stats/release/finngen_R12_L12_HIDRADENITISSUP.gz
L12_OTHACUSKINSUN,Other acute skin changes due to ultraviolet radiation,XII Diseases of the skin and subcutaneous tissue (L12_),XII,1289,482972,https://storage.googleapis.com/finngen-public-data-r12/summary_stats/release/finngen_R12_L12_OTHACUSKINSUN.gz
L12_LICHENSIMPLEX,Lichen simplex chronicus,XII Diseases of the skin and subcutaneous tissue (L12_),XII,1241,432874,https://storage.googleapis.com/finngen-public-data-r12/summary_stats/release/finngen_R12_L12_LICHENSIMPLEX.gz
L12_ERYTHEMATOUSOTH,Other erythematous conditions,XII Diseases of the skin and subcutaneous tissue (L12_),XII,1240,482901,https://storage.googleapis.com/finngen-public-data-r12/summary_stats/release/finngen_R12_L12_ERYTHEMATOUSOTH.gz
PSORI_STRICT,"Psoriasis (vulgaris), strict definition",XII Diseases of the skin and subcutaneous tissue (L12_),XII,1147,482181,https://storage.googleapis.com/finngen-public-data-r12/summary_stats/release/finngen_R12_PSORI_STRICT.gz
L12_ERYTHEMANODOSUM,Erythema nodosum,XII Diseases of the skin and subcutaneous tissue (L12_),XII,1096,482901,https://storage.googleapis.com/finngen-public-data-r12/summary_stats/release/finngen_R12_L12_ERYTHEMANODOSUM.gz
L12_BULLOTH,Other bullous disorders,XII Diseases of the skin and subcutaneous tissue (L12_),XII,967,498266,https://storage.googleapis.com/finngen-public-data-r12/summary_stats/release/finngen_R12_L12_BULLOTH.gz
L12_ALOPECAREATA,Alopecia areata,XII Diseases of the skin and subcutaneous tissue (L12_),XII,956,476404,https://storage.googleapis.com/finngen-public-data-r12/summary_stats/release/finngen_R12_L12_ALOPECAREATA.gz
L12_EPIDERMTHICKNAS,Other and unspecified epidermal thickening,XII Diseases of the skin and subcutaneous tissue (L12_),XII,949,465673,https://storage.googleapis.com/finngen-public-data-r12/summary_stats/release/finngen_R12_L12_EPIDERMTHICKNAS.gz
L12_GRANULOMATOUSSKIN,Granulomatous disorders of skin and subcutaneous tissue,XII Diseases of the skin and subcutaneous tissue (L12_),XII,947,465673,https://storage.googleapis.com/finngen-public-data-r12/summary_stats/release/finngen_R12_L12_GRANULOMATOUSSKIN.gz
L12_OTHACUSKINSUNNAS,Other and unspecified acute skin changes due to ultraviolet radiation,XII Diseases of the skin and subcutaneous tissue (L12_),XII,932,482972,https://storage.googleapis.com/finngen-public-data-r12/summary_stats/release/finngen_R12_L12_OTHACUSKINSUNNAS.gz
L12_LUPUS,Lupus erythematosus,XII Diseases of the skin and subcutaneous tissue (L12_),XII,850,465673,https://storage.googleapis.com/finngen-public-data-r12/summary_stats/release/finngen_R12_L12_LUPUS.gz
L12_PRURIGONOD,Prurigo nodularis,XII Diseases of the skin and subcutaneous tissue (L12_),XII,844,432874,https://storage.googleapis.com/finngen-public-data-r12/summary_stats/release/finngen_R12_L12_PRURIGONOD.gz
L12_ERYTHEMAMULTIF,Erythema multiforme,XII Diseases of the skin and subcutaneous tissue (L12_),XII,832,482901,https://storage.googleapis.com/finngen-public-data-r12/summary_stats/release/finngen_R12_L12_ERYTHEMAMULTIF.gz
L12_ERYT_INTERTRIG,Erythema intertrigo,XII Diseases of the skin and subcutaneous tissue (L12_),XII,803,432874,https://storage.googleapis.com/finngen-public-data-r12/summary_stats/release/finngen_R12_L12_ERYT_INTERTRIG.gz
L12_VASCULITISNAS,Other and unspecified vasculitis limited to skin,XII Diseases of the skin and subcutaneous tissue (L12_),XII,801,465673,https://storage.googleapis.com/finngen-public-data-r12/summary_stats/release/finngen_R12_L12_VASCULITISNAS.gz
ALLERGIC_CONTACT_DERMA_DRUGS_CONTACT_W_SKIN,Allergic contact dermatitis due to drugs in contact with skin,XII Diseases of the skin and subcutaneous tissue (L12_),XII,792,499556,https://storage.googleapis.com/finngen-public-data-r12/summary_stats/release/finngen_R12_ALLERGIC_CONTACT_DERMA_DRUGS_CONTACT_W_SKIN.gz
L12_PERIORALDERM,Perioral dermatitis,XII Diseases of the skin and subcutaneous tissue (L12_),XII,779,476404,https://storage.googleapis.com/finngen-public-data-r12/summary_stats/release/finngen_R12_L12_PERIORALDERM.gz
L12_URTICA_IDIOPAT,Idiopathic urticaria,XII Diseases of the skin and subcutaneous tissue (L12_),XII,744,482901,https://storage.googleapis.com/finngen-public-data-r12/summary_stats/release/finngen_R12_L12_URTICA_IDIOPAT.gz
L12_OTHERMELANIN,Other melanin hyperpigmentation,XII Diseases of the skin and subcutaneous tissue (L12_),XII,733,465673,https://storage.googleapis.com/finngen-public-data-r12/summary_stats/release/finngen_R12_L12_OTHERMELANIN.gz
L12_NAILNAS,Other and unspecified nail disorders,XII Diseases of the skin and subcutaneous tissue (L12_),XII,708,476404,https://storage.googleapis.com/finngen-public-data-r12/summary_stats/release/finngen_R12_L12_NAILNAS.gz
L12_PYODERMA,Pyoderma,XII Diseases of the skin and subcutaneous tissue (L12_),XII,703,470507,https://storage.googleapis.com/finngen-public-data-r12/summary_stats/release/finngen_R12_L12_PYODERMA.gz
L12_PEMPHIGOID_BULL,Bullous pemphigoid,XII Diseases of the skin and subcutaneous tissue (L12_),XII,701,498266,https://storage.googleapis.com/finngen-public-data-r12/summary_stats/release/finngen_R12_L12_PEMPHIGOID_BULL.gz
L12_PARAPSORI,Parapsoriasis,XII Diseases of the skin and subcutaneous tissue (L12_),XII,678,482181,https://storage.googleapis.com/finngen-public-data-r12/summary_stats/release/finngen_R12_L12_PARAPSORI.gz
L12_LOCALDCONNECTISSUEOTH,Other localized connective tissue disorders,XII Diseases of the skin and subcutaneous tissue (L12_),XII,671,465673,https://storage.googleapis.com/finngen-public-data-r12/summary_stats/release/finngen_R12_L12_LOCALDCONNECTISSUEOTH.gz
L12_HIRSUTISM,Hirsutism in women,XII Diseases of the skin and subcutaneous tissue (L12_),XII,661,267178,https://storage.googleapis.com/finngen-public-data-r12/summary_stats/release/finngen_R12_L12_HIRSUTISM.gz
L12_DERMATHERP,Dermatitis herpetiformis,XII Diseases of the skin and subcutaneous tissue (L12_),XII,651,498266,https://storage.googleapis.com/finngen-public-data-r12/summary_stats/release/finngen_R12_L12_DERMATHERP.gz
L12_PYOGENGRANUL,Pyogenic granuloma,XII Diseases of the skin and subcutaneous tissue (L12_),XII,611,465673,https://storage.googleapis.com/finngen-public-data-r12/summary_stats/release/finngen_R12_L12_PYOGENGRANUL.gz
L12_DYSHIDROSIS,Dyshidrosis [pompholyx],XII Diseases of the skin and subcutaneous tissue (L12_),XII,572,432874,https://storage.googleapis.com/finngen-public-data-r12/summary_stats/release/finngen_R12_L12_DYSHIDROSIS.gz
L12_GRANUANNU,Granuloma annulare,XII Diseases of the skin and subcutaneous tissue (L12_),XII,513,465673,https://storage.googleapis.com/finngen-public-data-r12/summary_stats/release/finngen_R12_L12_GRANUANNU.gz
L12_ERYTHRO_KELA,"Universal erythroderma, KELA reimbursement",XII Diseases of the skin and subcutaneous tissue (L12_),XII,511,482901,https://storage.googleapis.com/finngen-public-data-r12/summary_stats/release/finngen_R12_L12_ERYTHRO_KELA.gz
L12_ACNE_NAS,Other  and unspecified acne,XII Diseases of the skin and subcutaneous tissue (L12_),XII,507,476404,https://storage.googleapis.com/finngen-public-data-r12/summary_stats/release/finngen_R12_L12_ACNE_NAS.gz
M13_ARTHROPATHIES,Arthropathies,XIII Diseases of the musculoskeletal system and connective tissue (M13_),XIII,185233,315115,https://storage.googleapis.com/finngen-public-data-r12/summary_stats/release/finngen_R12_M13_ARTHROPATHIES.gz
M13_DORSOPATHY,Dorsopathies,XIII Diseases of the musculoskeletal system and connective tissue (M13_),XIII,147124,353224,https://storage.googleapis.com/finngen-public-data-r12/summary_stats/release/finngen_R12_M13_DORSOPATHY.gz
M13_SOFTTISSUE,Soft tissue disorders,XIII Diseases of the musculoskeletal system and connective tissue (M13_),XIII,142799,357549,https://storage.googleapis.com/finngen-public-data-r12/summary_stats/release/finngen_R12_M13_SOFTTISSUE.gz
M13_ARTHROSIS_INCLAVO,"Artrosis, including avohilmo",XIII Diseases of the musculoskeletal system and connective tissue (M13_),XIII,136897,363451,https://storage.googleapis.com/finngen-public-data-r12/summary_stats/release/finngen_R12_M13_ARTHROSIS_INCLAVO.gz
M13_DORSOPATHYOTH,"Other dorsopathies, not elsewhere classified",XIII Diseases of the musculoskeletal system and connective tissue (M13_),XIII,111401,353224,https://storage.googleapis.com/finngen-public-data-r12/summary_stats/release/finngen_R12_M13_DORSOPATHYOTH.gz
M13_OTHERJOINT,Other joint disorders,XIII Diseases of the musculoskeletal system and connective tissue (M13_),XIII,110868,315115,https://storage.googleapis.com/finngen-public-data-r12/summary_stats/release/finngen_R12_M13_OTHERJOINT.gz
M13_ARTHROSIS,Arthrosis,XIII Diseases of the musculoskeletal system and connective tissue (M13_),XIII,101454,315115,https://storage.googleapis.com/finngen-public-data-r12/summary_stats/release/finngen_R12_M13_ARTHROSIS.gz
M13_DORSALGIA,Dorsalgia,XIII Diseases of the musculoskeletal system and connective tissue (M13_),XIII,83888,353224,https://storage.googleapis.com/finngen-public-data-r12/summary_stats/release/finngen_R12_M13_DORSALGIA.gz
M13_SOFTTISSUEOTH,"Other soft tissue disorders, not elsewhere classified",XIII Diseases of the musculoskeletal system and connective tissue (M13_),XIII,63182,357549,https://storage.googleapis.com/finngen-public-data-r12/summary_stats/release/finngen_R12_M13_SOFTTISSUEOTH.gz
M13_ARTHROSIS_KNEE,Gonarthrosis,XIII Diseases of the musculoskeletal system and connective tissue (M13_),XIII,61356,315115,https://storage.googleapis.com/finngen-public-data-r12/summary_stats/release/finngen_R12_M13_ARTHROSIS_KNEE.gz
M13_LOWBACKPAINORANDSCIATICA,Lower back pain or/and sciatica,XIII Diseases of the musculoskeletal system and connective tissue (M13_),XIII,60099,440249,https://storage.googleapis.com/finngen-public-data-r12/summary_stats/release/finngen_R12_M13_LOWBACKPAINORANDSCIATICA.gz
M13_SPONDYLOPATHY,Spondylopathies,XIII Diseases of the musculoskeletal system and connective tissue (M13_),XIII,52465,353224,https://storage.googleapis.com/finngen-public-data-r12/summary_stats/release/finngen_R12_M13_SPONDYLOPATHY.gz
M13_INTERVERTEB,Other intervertebral disc disorders,XIII Diseases of the musculoskeletal system and connective tissue (M13_),XIII,51683,353224,https://storage.googleapis.com/finngen-public-data-r12/summary_stats/release/finngen_R12_M13_INTERVERTEB.gz
M13_SHOULDER,Shoulder lesions,XIII Diseases of the musculoskeletal system and connective tissue (M13_),XIII,47311,357549,https://storage.googleapis.com/finngen-public-data-r12/summary_stats/release/finngen_R12_M13_SHOULDER.gz
M13_LIMBPAIN,Pain in limb,XIII Diseases of the musculoskeletal system and connective tissue (M13_),XIII,45476,357549,https://storage.googleapis.com/finngen-public-data-r12/summary_stats/release/finngen_R12_M13_LIMBPAIN.gz
M13_POLYARTHROPATHIES,Polyarthropathies,XIII Diseases of the musculoskeletal system and connective tissue (M13_),XIII,43664,315115,https://storage.googleapis.com/finngen-public-data-r12/summary_stats/release/finngen_R12_M13_POLYARTHROPATHIES.gz
M13_LOWBACKPAIN,Low back pain,XIII Diseases of the musculoskeletal system and connective tissue (M13_),XIII,42521,353224,https://storage.googleapis.com/finngen-public-data-r12/summary_stats/release/finngen_R12_M13_LOWBACKPAIN.gz
JOINTPAIN,Pain in joint,XIII Diseases of the musculoskeletal system and connective tissue (M13_),XIII,39344,262404,https://storage.googleapis.com/finngen-public-data-r12/summary_stats/release/finngen_R12_JOINTPAIN.gz
M13_LUMBAR_PROLAPSE,Lumbar disc prolapse,XIII Diseases of the musculoskeletal system and connective tissue (M13_),XIII,35290,353224,https://storage.googleapis.com/finngen-public-data-r12/summary_stats/release/finngen_R12_M13_LUMBAR_PROLAPSE.gz
M13_ROTATORCUFF,Rotator cuff syndrome,XIII Diseases of the musculoskeletal system and connective tissue (M13_),XIII,33117,357549,https://storage.googleapis.com/finngen-public-data-r12/summary_stats/release/finngen_R12_M13_ROTATORCUFF.gz
M13_MENISCUSDERANGEMENTS,Meniscus derangement,XIII Diseases of the musculoskeletal system and connective tissue (M13_),XIII,31840,315115,https://storage.googleapis.com/finngen-public-data-r12/summary_stats/release/finngen_R12_M13_MENISCUSDERANGEMENTS.gz
M13_ARTHTROSIS_COX,Coxarthrosis,XIII Diseases of the musculoskeletal system and connective tissue (M13_),XIII,30802,315115,https://storage.googleapis.com/finngen-public-data-r12/summary_stats/release/finngen_R12_M13_ARTHTROSIS_COX.gz
M13_ARTHROSIS_OTH,Other arthrosis,XIII Diseases of the musculoskeletal system and connective tissue (M13_),XIII,29554,315115,https://storage.googleapis.com/finngen-public-data-r12/summary_stats/release/finngen_R12_M13_ARTHROSIS_OTH.gz
M13_SYNOTEND,Disorders of synovium and tendon,XIII Diseases of the musculoskeletal system and connective tissue (M13_),XIII,28818,357549,https://storage.googleapis.com/finngen-public-data-r12/summary_stats/release/finngen_R12_M13_SYNOTEND.gz
M13_ARTHTROSIS_COX_PRIM_ICD10,"Coxarthrosis, primary",XIII Diseases of the musculoskeletal system and connective tissue (M13_),XIII,27756,472592,https://storage.googleapis.com/finngen-public-data-r12/summary_stats/release/finngen_R12_M13_ARTHTROSIS_COX_PRIM_ICD10.gz
M13_SPONDYLOSIS,Spondylosis,XIII Diseases of the musculoskeletal system and connective tissue (M13_),XIII,27369,353224,https://storage.googleapis.com/finngen-public-data-r12/summary_stats/release/finngen_R12_M13_SPONDYLOSIS.gz
M13_OSTEOCHONDRO,Osteopathies and chondropathies,XIII Diseases of the musculoskeletal system and connective tissue (M13_),XIII,27084,473264,https://storage.googleapis.com/finngen-public-data-r12/summary_stats/release/finngen_R12_M13_OSTEOCHONDRO.gz
M13_ARTHROSIS_KNEE_PRIM_KNEESURG,"Gonarthrosis, primary, with knee surgery",XIII Diseases of the musculoskeletal system and connective tissue (M13_),XIII,26661,445363,https://storage.googleapis.com/finngen-public-data-r12/summary_stats/release/finngen_R12_M13_ARTHROSIS_KNEE_PRIM_KNEESURG.gz
M13_SCIATICA,Sciatica+with lumbago,XIII Diseases of the musculoskeletal system and connective tissue (M13_),XIII,26541,353224,https://storage.googleapis.com/finngen-public-data-r12/summary_stats/release/finngen_R12_M13_SCIATICA.gz
M13_SPINSTENOSIS,Spinal stenosis,XIII Diseases of the musculoskeletal system and connective tissue (M13_),XIII,26090,353224,https://storage.googleapis.com/finngen-public-data-r12/summary_stats/release/finngen_R12_M13_SPINSTENOSIS.gz
M13_ARTHTROSIS_COX_PRIM_HIPSURG,"Coxarthrosis, primary, with hip surgery",XIII Diseases of the musculoskeletal system and connective tissue (M13_),XIII,20586,472592,https://storage.googleapis.com/finngen-public-data-r12/summary_stats/release/finngen_R12_M13_ARTHTROSIS_COX_PRIM_HIPSURG.gz
M13_KNEEDERANGEMENTS,Internal derangement of knee,XIII Diseases of the musculoskeletal system and connective tissue (M13_),XIII,20142,315115,https://storage.googleapis.com/finngen-public-data-r12/summary_stats/release/finngen_R12_M13_KNEEDERANGEMENTS.gz
M13_HALLUXVALGUS,Hallux valgus (acquired),XIII Diseases of the musculoskeletal system and connective tissue (M13_),XIII,19367,315115,https://storage.googleapis.com/finngen-public-data-r12/summary_stats/release/finngen_R12_M13_HALLUXVALGUS.gz
M13_DORSALGIANAS,Other/unspecified dorsalgia,XIII Diseases of the musculoskeletal system and connective tissue (M13_),XIII,19307,353224,https://storage.googleapis.com/finngen-public-data-r12/summary_stats/release/finngen_R12_M13_DORSALGIANAS.gz
M13_CERVICDISC,Cervical disc disorders,XIII Diseases of the musculoskeletal system and connective tissue (M13_),XIII,17993,353224,https://storage.googleapis.com/finngen-public-data-r12/summary_stats/release/finngen_R12_M13_CERVICDISC.gz
M13_RHEUMA,Rheumatoid arthritis,XIII Diseases of the musculoskeletal system and connective tissue (M13_),XIII,16314,315115,https://storage.googleapis.com/finngen-public-data-r12/summary_stats/release/finngen_R12_M13_RHEUMA.gz
M13_SYSTCONNECT,Systemic connective tissue disorders,XIII Diseases of the musculoskeletal system and connective tissue (M13_),XIII,16088,484260,https://storage.googleapis.com/finngen-public-data-r12/summary_stats/release/finngen_R12_M13_SYSTCONNECT.gz
M13_ENTESOPATHYOTH,Other enthesopathies,XIII Diseases of the musculoskeletal system and connective tissue (M13_),XIII,14662,357549,https://storage.googleapis.com/finngen-public-data-r12/summary_stats/release/finngen_R12_M13_ENTESOPATHYOTH.gz
M13_DEFORMDORSO,Deforming dorsopathies,XIII Diseases of the musculoskeletal system and connective tissue (M13_),XIII,13532,353224,https://storage.googleapis.com/finngen-public-data-r12/summary_stats/release/finngen_R12_M13_DEFORMDORSO.gz
M13_GOUT,Gout,XIII Diseases of the musculoskeletal system and connective tissue (M13_),XIII,12342,315115,https://storage.googleapis.com/finngen-public-data-r12/summary_stats/release/finngen_R12_M13_GOUT.gz
M13_SOFTOVERUSE,"Soft tissue disorders related to use, overuse and pressure",XIII Diseases of the musculoskeletal system and connective tissue (M13_),XIII,12261,357549,https://storage.googleapis.com/finngen-public-data-r12/summary_stats/release/finngen_R12_M13_SOFTOVERUSE.gz
M13_IMPINGEMENT,Impingement syndrome of shoulder,XIII Diseases of the musculoskeletal system and connective tissue (M13_),XIII,11331,357549,https://storage.googleapis.com/finngen-public-data-r12/summary_stats/release/finngen_R12_M13_IMPINGEMENT.gz
M13_FIBROBLASTIC,Fibroblastic disorders,XIII Diseases of the musculoskeletal system and connective tissue (M13_),XIII,10869,357549,https://storage.googleapis.com/finngen-public-data-r12/summary_stats/release/finngen_R12_M13_FIBROBLASTIC.gz
M13_MYALGIA,Myalgia,XIII Diseases of the musculoskeletal system and connective tissue (M13_),XIII,10632,357549,https://storage.googleapis.com/finngen-public-data-r12/summary_stats/release/finngen_R12_M13_MYALGIA.gz
M13_OSTEOPOROSIS,Osteoporosis,XIII Diseases of the musculoskeletal system and connective tissue (M13_),XIII,10461,473264,https://storage.googleapis.com/finngen-public-data-r12/summary_stats/release/finngen_R12_M13_OSTEOPOROSIS.gz
M13_CERVICOBRACHSDR,Cervicobrachial syndrome,XIII Diseases of the musculoskeletal system and connective tissue (M13_),XIII,10325,353224,https://storage.googleapis.com/finngen-public-data-r12/summary_stats/release/finngen_R12_M13_CERVICOBRACHSDR.gz
M13_ENTESOPATHYLOW,"Enthesopathies of lower limb, excluding foot",XIII Diseases of the musculoskeletal system and connective tissue (M13_),XIII,10315,353224,https://storage.googleapis.com/finngen-public-data-r12/summary_stats/release/finngen_R12_M13_ENTESOPATHYLOW.gz
M13_GANGLION,Ganglion,XIII Diseases of the musculoskeletal system and connective tissue (M13_),XIII,10146,357549,https://storage.googleapis.com/finngen-public-data-r12/summary_stats/release/finngen_R12_M13_GANGLION.gz
M13_CERVICALGIA,Cervicalgia,XIII Diseases of the musculoskeletal system and connective tissue (M13_),XIII,9398,353224,https://storage.googleapis.com/finngen-public-data-r12/summary_stats/release/finngen_R12_M13_CERVICALGIA.gz
M13_OTHERBONE,Other disorders of bone,XIII Diseases of the musculoskeletal system and connective tissue (M13_),XIII,8983,473264,https://storage.googleapis.com/finngen-public-data-r12/summary_stats/release/finngen_R12_M13_OTHERBONE.gz
M13_ARTHROSIS_POLY,Polyarthrosis,XIII Diseases of the musculoskeletal system and connective tissue (M13_),XIII,8758,315115,https://storage.googleapis.com/finngen-public-data-r12/summary_stats/release/finngen_R12_M13_ARTHROSIS_POLY.gz
M13_PATELLAOTH,Other disorders of patella,XIII Diseases of the musculoskeletal system and connective tissue (M13_),XIII,8408,315115,https://storage.googleapis.com/finngen-public-data-r12/summary_stats/release/finngen_R12_M13_PATELLAOTH.gz
M13_SPONDYLOLISTHESIS,Spondylolisthesis/Spondylolysis,XIII Diseases of the musculoskeletal system and connective tissue (M13_),XIII,8037,353224,https://storage.googleapis.com/finngen-public-data-r12/summary_stats/release/finngen_R12_M13_SPONDYLOLISTHESIS.gz
M13_HAMMERTOE,Other hammer toe(s) (acquired),XIII Diseases of the musculoskeletal system and connective tissue (M13_),XIII,7456,315115,https://storage.googleapis.com/finngen-public-data-r12/summary_stats/release/finngen_R12_M13_HAMMERTOE.gz
M13_ADHCAPSULITIS,Adhesive capsulitis of shoulder,XIII Diseases of the musculoskeletal system and connective tissue (M13_),XIII,7372,357549,https://storage.googleapis.com/finngen-public-data-r12/summary_stats/release/finngen_R12_M13_ADHCAPSULITIS.gz
M13_RADICULOPATHY,Radiculopathy,XIII Diseases of the musculoskeletal system and connective tissue (M13_),XIII,7349,353224,https://storage.googleapis.com/finngen-public-data-r12/summary_stats/release/finngen_R12_M13_RADICULOPATHY.gz
M13_DUPUTRYEN,Palmar fascial fibromatosis [Dupuytren],XIII Diseases of the musculoskeletal system and connective tissue (M13_),XIII,6766,357549,https://storage.googleapis.com/finngen-public-data-r12/summary_stats/release/finngen_R12_M13_DUPUTRYEN.gz
M13_THORACISPINEPAIN,Pain in thoracic spine,XIII Diseases of the musculoskeletal system and connective tissue (M13_),XIII,6744,353224,https://storage.googleapis.com/finngen-public-data-r12/summary_stats/release/finngen_R12_M13_THORACISPINEPAIN.gz
M13_CHRONDROPATHIES,Chondropathies,XIII Diseases of the musculoskeletal system and connective tissue (M13_),XIII,6678,491365,https://storage.googleapis.com/finngen-public-data-r12/summary_stats/release/finngen_R12_M13_CHRONDROPATHIES.gz
M13_TRIGGERFINGER,Trigger finger,XIII Diseases of the musculoskeletal system and connective tissue (M13_),XIII,6104,357549,https://storage.googleapis.com/finngen-public-data-r12/summary_stats/release/finngen_R12_M13_TRIGGERFINGER.gz
M13_RHEUMATISM,"Rheumatism, unspecified",XIII Diseases of the musculoskeletal system and connective tissue (M13_),XIII,6018,357549,https://storage.googleapis.com/finngen-public-data-r12/summary_stats/release/finngen_R12_M13_RHEUMATISM.gz
M13_LATERALEPICOND,Lateral epicondylitis,XIII Diseases of the musculoskeletal system and connective tissue (M13_),XIII,5911,357549,https://storage.googleapis.com/finngen-public-data-r12/summary_stats/release/finngen_R12_M13_LATERALEPICOND.gz
M13_HALLUXRIGIDUS,Hallux rigidus,XIII Diseases of the musculoskeletal system and connective tissue (M13_),XIII,5903,315115,https://storage.googleapis.com/finngen-public-data-r12/summary_stats/release/finngen_R12_M13_HALLUXRIGIDUS.gz
M13_MUSCULOSKELEOTH,Other disorders of the musculoskeletal system and connective tissue,XIII Diseases of the musculoskeletal system and connective tissue (M13_),XIII,5732,494616,https://storage.googleapis.com/finngen-public-data-r12/summary_stats/release/finngen_R12_M13_MUSCULOSKELEOTH.gz
M13_TROCHANTERICBURSITIS,Trochanteric bursitis,XIII Diseases of the musculoskeletal system and connective tissue (M13_),XIII,5646,357549,https://storage.googleapis.com/finngen-public-data-r12/summary_stats/release/finngen_R12_M13_TROCHANTERICBURSITIS.gz
M13_BURSOPATHY,Other bursopathies,XIII Diseases of the musculoskeletal system and connective tissue (M13_),XIII,5544,357549,https://storage.googleapis.com/finngen-public-data-r12/summary_stats/release/finngen_R12_M13_BURSOPATHY.gz
M13_TENDOSYNOVITISNAS,Other/unspecified synovitis and tenosynovitis,XIII Diseases of the musculoskeletal system and connective tissue (M13_),XIII,5047,357549,https://storage.googleapis.com/finngen-public-data-r12/summary_stats/release/finngen_R12_M13_TENDOSYNOVITISNAS.gz
M13_POLYMYALGIA,Polymyalgia rheumatica,XIII Diseases of the musculoskeletal system and connective tissue (M13_),XIII,4992,484260,https://storage.googleapis.com/finngen-public-data-r12/summary_stats/release/finngen_R12_M13_POLYMYALGIA.gz
M13_CERVICOCRANSDR,Cervicocranial syndrome,XIII Diseases of the musculoskeletal system and connective tissue (M13_),XIII,4595,353224,https://storage.googleapis.com/finngen-public-data-r12/summary_stats/release/finngen_R12_M13_CERVICOCRANSDR.gz
M13_EARLY_LUMBAR_PROLAPSE,"Early lumbar disc prolapse, operated",XIII Diseases of the musculoskeletal system and connective tissue (M13_),XIII,4559,353224,https://storage.googleapis.com/finngen-public-data-r12/summary_stats/release/finngen_R12_M13_EARLY_LUMBAR_PROLAPSE.gz
M13_ACHILLESTEND,Achilles tendinitis,XIII Diseases of the musculoskeletal system and connective tissue (M13_),XIII,4343,353224,https://storage.googleapis.com/finngen-public-data-r12/summary_stats/release/finngen_R12_M13_ACHILLESTEND.gz
M13_PSORIARTH,Psoriatic arthropathies,XIII Diseases of the musculoskeletal system and connective tissue (M13_),XIII,4290,315115,https://storage.googleapis.com/finngen-public-data-r12/summary_stats/release/finngen_R12_M13_PSORIARTH.gz
M13_MUSCLE,Disorders of muscles,XIII Diseases of the musculoskeletal system and connective tissue (M13_),XIII,4232,357549,https://storage.googleapis.com/finngen-public-data-r12/summary_stats/release/finngen_R12_M13_MUSCLE.gz
M13_PLANTARFASC,Plantar fascial fibromatosis,XIII Diseases of the musculoskeletal system and connective tissue (M13_),XIII,4020,357549,https://storage.googleapis.com/finngen-public-data-r12/summary_stats/release/finngen_R12_M13_PLANTARFASC.gz
M13_METATARSALGIA,Metatarsalgia,XIII Diseases of the musculoskeletal system and connective tissue (M13_),XIII,3901,357549,https://storage.googleapis.com/finngen-public-data-r12/summary_stats/release/finngen_R12_M13_METATARSALGIA.gz
M13_SHOULDERNAS,Other shoulder lesions,XIII Diseases of the musculoskeletal system and connective tissue (M13_),XIII,3880,357549,https://storage.googleapis.com/finngen-public-data-r12/summary_stats/release/finngen_R12_M13_SHOULDERNAS.gz
M13_FLATFOOT,Flat foot [pes planus] (acquired),XIII Diseases of the musculoskeletal system and connective tissue (M13_),XIII,3872,315115,https://storage.googleapis.com/finngen-public-data-r12/summary_stats/release/finngen_R12_M13_FLATFOOT.gz
M13_ANKYLOSPON,Ankylosing spondylitis,XIII Diseases of the musculoskeletal system and connective tissue (M13_),XIII,3838,353224,https://storage.googleapis.com/finngen-public-data-r12/summary_stats/release/finngen_R12_M13_ANKYLOSPON.gz
M13_BONECONTINUITY,Disorders of continuity of bone,XIII Diseases of the musculoskeletal system and connective tissue (M13_),XIII,3781,473264,https://storage.googleapis.com/finngen-public-data-r12/summary_stats/release/finngen_R12_M13_BONECONTINUITY.gz
M13_REACTARTH,Reactive arthropathies,XIII Diseases of the musculoskeletal system and connective tissue (M13_),XIII,3779,315115,https://storage.googleapis.com/finngen-public-data-r12/summary_stats/release/finngen_R12_M13_REACTARTH.gz
M13_ENTESOPATHYNAS,"Other/unspecified enthesopathies, not elsewhere classified",XIII Diseases of the musculoskeletal system and connective tissue (M13_),XIII,3671,357549,https://storage.googleapis.com/finngen-public-data-r12/summary_stats/release/finngen_R12_M13_ENTESOPATHYNAS.gz
M13_SCOLIOSIS,Scoliosis,XIII Diseases of the musculoskeletal system and connective tissue (M13_),XIII,3654,353224,https://storage.googleapis.com/finngen-public-data-r12/summary_stats/release/finngen_R12_M13_SCOLIOSIS.gz
M13_FIBROMYALGIA,Fibromyalgia,XIII Diseases of the musculoskeletal system and connective tissue (M13_),XIII,3623,357549,https://storage.googleapis.com/finngen-public-data-r12/summary_stats/release/finngen_R12_M13_FIBROMYALGIA.gz
M13_SJOGREN,Sicca syndrome [Sjögren],XIII Diseases of the musculoskeletal system and connective tissue (M13_),XIII,3309,484260,https://storage.googleapis.com/finngen-public-data-r12/summary_stats/release/finngen_R12_M13_SJOGREN.gz
M13_SPONTRUPTSYNOTEND,Spontaneous rupture of synovium and tendon,XIII Diseases of the musculoskeletal system and connective tissue (M13_),XIII,3192,357549,https://storage.googleapis.com/finngen-public-data-r12/summary_stats/release/finngen_R12_M13_SPONTRUPTSYNOTEND.gz
M13_RECUDISLOCATIO,Recurrent dislocation and subluxation of joint,XIII Diseases of the musculoskeletal system and connective tissue (M13_),XIII,3043,315115,https://storage.googleapis.com/finngen-public-data-r12/summary_stats/release/finngen_R12_M13_RECUDISLOCATIO.gz
M13_ENTESOPATHYLOWNAS,"Other/unspecified enthesopathies of lower limb, excluding foot",XIII Diseases of the musculoskeletal system and connective tissue (M13_),XIII,2961,353224,https://storage.googleapis.com/finngen-public-data-r12/summary_stats/release/finngen_R12_M13_ENTESOPATHYLOWNAS.gz
M13_BAKERCYST,Synovial cyst of popliteal space [Baker],XIII Diseases of the musculoskeletal system and connective tissue (M13_),XIII,2891,357549,https://storage.googleapis.com/finngen-public-data-r12/summary_stats/release/finngen_R12_M13_BAKERCYST.gz
M13_OSTEOCHONDROPATHY,Other osteochondropathies,XIII Diseases of the musculoskeletal system and connective tissue (M13_),XIII,2860,491365,https://storage.googleapis.com/finngen-public-data-r12/summary_stats/release/finngen_R12_M13_OSTEOCHONDROPATHY.gz
M13_PYOGARTH,Pyogenic arthritis,XIII Diseases of the musculoskeletal system and connective tissue (M13_),XIII,2695,315115,https://storage.googleapis.com/finngen-public-data-r12/summary_stats/release/finngen_R12_M13_PYOGARTH.gz
M13_POSTOPMUSCULOSKE,"Postprocedural musculoskeletal disorders, not elsewhere classified",XIII Diseases of the musculoskeletal system and connective tissue (M13_),XIII,2467,494616,https://storage.googleapis.com/finngen-public-data-r12/summary_stats/release/finngen_R12_M13_POSTOPMUSCULOSKE.gz
M13_MCTD,Mixed connective tissue disease,XIII Diseases of the musculoskeletal system and connective tissue (M13_),XIII,2415,497933,https://storage.googleapis.com/finngen-public-data-r12/summary_stats/release/finngen_R12_M13_MCTD.gz
M13_OLECRANONBURSITIS,Olecranon bursitis,XIII Diseases of the musculoskeletal system and connective tissue (M13_),XIII,2342,357549,https://storage.googleapis.com/finngen-public-data-r12/summary_stats/release/finngen_R12_M13_OLECRANONBURSITIS.gz
M13_OSTEOMYELITIS,Osteomyelitis,XIII Diseases of the musculoskeletal system and connective tissue (M13_),XIII,2336,473264,https://storage.googleapis.com/finngen-public-data-r12/summary_stats/release/finngen_R12_M13_OSTEOMYELITIS.gz
M13_CALCIFICTEND,Calcific tendinitis of shoulder,XIII Diseases of the musculoskeletal system and connective tissue (M13_),XIII,2319,357549,https://storage.googleapis.com/finngen-public-data-r12/summary_stats/release/finngen_R12_M13_CALCIFICTEND.gz
M13_PATELLADISLOCATIO,Recurrent dislocation of patella,XIII Diseases of the musculoskeletal system and connective tissue (M13_),XIII,2266,315115,https://storage.googleapis.com/finngen-public-data-r12/summary_stats/release/finngen_R12_M13_PATELLADISLOCATIO.gz
M13_DEQUERVAIN,Radial styloid tenosynovitis [de Quervain],XIII Diseases of the musculoskeletal system and connective tissue (M13_),XIII,2251,357549,https://storage.googleapis.com/finngen-public-data-r12/summary_stats/release/finngen_R12_M13_DEQUERVAIN.gz
M13_CONNECTNAS,Other specified/unspecified systemic involvement of connective tissue,XIII Diseases of the musculoskeletal system and connective tissue (M13_),XIII,2195,484260,https://storage.googleapis.com/finngen-public-data-r12/summary_stats/release/finngen_R12_M13_CONNECTNAS.gz
M13_HYPERMOBILITY,Hypermobility syndrome,XIII Diseases of the musculoskeletal system and connective tissue (M13_),XIII,2150,484260,https://storage.googleapis.com/finngen-public-data-r12/summary_stats/release/finngen_R12_M13_HYPERMOBILITY.gz
M13_OSTEONECROSIS,Osteonecrosis,XIII Diseases of the musculoskeletal system and connective tissue (M13_),XIII,2043,473264,https://storage.googleapis.com/finngen-public-data-r12/summary_stats/release/finngen_R12_M13_OSTEONECROSIS.gz
M13_SPONDYLINFLAMNAS,Other specified/unspecified inflammatory spondylopathies,XIII Diseases of the musculoskeletal system and connective tissue (M13_),XIII,1986,353224,https://storage.googleapis.com/finngen-public-data-r12/summary_stats/release/finngen_R12_M13_SPONDYLINFLAMNAS.gz
M13_SACROILIITIS,"Sacroiliitis, not elsewhere classified",XIII Diseases of the musculoskeletal system and connective tissue (M13_),XIII,1976,353224,https://storage.googleapis.com/finngen-public-data-r12/summary_stats/release/finngen_R12_M13_SACROILIITIS.gz
M13_FOREIGNBODY,Residual foreign body in soft tissue,XIII Diseases of the musculoskeletal system and connective tissue (M13_),XIII,1974,357549,https://storage.googleapis.com/finngen-public-data-r12/summary_stats/release/finngen_R12_M13_FOREIGNBODY.gz
M13_NEURALGIA,"Neuralgia and neuritis, unspecified",XIII Diseases of the musculoskeletal system and connective tissue (M13_),XIII,1972,357549,https://storage.googleapis.com/finngen-public-data-r12/summary_stats/release/finngen_R12_M13_NEURALGIA.gz
M13_SOFTTISSUENAS,Other specified/unspecified soft tissue disorders,XIII Diseases of the musculoskeletal system and connective tissue (M13_),XIII,1969,357549,https://storage.googleapis.com/finngen-public-data-r12/summary_stats/release/finngen_R12_M13_SOFTTISSUENAS.gz
M13_DISSYNOTENDNAS,Other specified/unspecified disorders of synovium and tendon +Other specified/unspecified bursopathies,XIII Diseases of the musculoskeletal system and connective tissue (M13_),XIII,1904,357549,https://storage.googleapis.com/finngen-public-data-r12/summary_stats/release/finngen_R12_M13_DISSYNOTENDNAS.gz
M13_BICIPITALTEND,Bicipital tendinitis,XIII Diseases of the musculoskeletal system and connective tissue (M13_),XIII,1825,357549,https://storage.googleapis.com/finngen-public-data-r12/summary_stats/release/finngen_R12_M13_BICIPITALTEND.gz
M13_PREPATELLARBURSITIS,Prepatellar bursitis,XIII Diseases of the musculoskeletal system and connective tissue (M13_),XIII,1725,357549,https://storage.googleapis.com/finngen-public-data-r12/summary_stats/release/finngen_R12_M13_PREPATELLARBURSITIS.gz
M13_MONOARTHRITIS,"Monoarthritis, not elsewhere classified",XIII Diseases of the musculoskeletal system and connective tissue (M13_),XIII,1709,315115,https://storage.googleapis.com/finngen-public-data-r12/summary_stats/release/finngen_R12_M13_MONOARTHRITIS.gz
M13_BIOMECHLESIO,"Biomechanical lesions, not elsewhere classified",XIII Diseases of the musculoskeletal system and connective tissue (M13_),XIII,1707,494616,https://storage.googleapis.com/finngen-public-data-r12/summary_stats/release/finngen_R12_M13_BIOMECHLESIO.gz
M13_ANKYLOSPON_STRICT,"Ankylosing spondylitis, strict definition",XIII Diseases of the musculoskeletal system and connective tissue (M13_),XIII,1705,496755,https://storage.googleapis.com/finngen-public-data-r12/summary_stats/release/finngen_R12_M13_ANKYLOSPON_STRICT.gz
M13_DEFORMACQ,Other acquired deformities of musculoskeletal system and connective tissue,XIII Diseases of the musculoskeletal system and connective tissue (M13_),XIII,1694,494616,https://storage.googleapis.com/finngen-public-data-r12/summary_stats/release/finngen_R12_M13_DEFORMACQ.gz
M13_PANNICULITIS,Panniculitis affecting regions of neck and back,XIII Diseases of the musculoskeletal system and connective tissue (M13_),XIII,1494,353224,https://storage.googleapis.com/finngen-public-data-r12/summary_stats/release/finngen_R12_M13_PANNICULITIS.gz
M13_MEDIALEPICOND,Medial epicondylitis,XIII Diseases of the musculoskeletal system and connective tissue (M13_),XIII,1479,357549,https://storage.googleapis.com/finngen-public-data-r12/summary_stats/release/finngen_R12_M13_MEDIALEPICOND.gz
M13_SPINENTHES,Spinal enthesopathy,XIII Diseases of the musculoskeletal system and connective tissue (M13_),XIII,1463,353224,https://storage.googleapis.com/finngen-public-data-r12/summary_stats/release/finngen_R12_M13_SPINENTHES.gz
M13_POLYARTHRITIS,"Polyarthritis, unspecified",XIII Diseases of the musculoskeletal system and connective tissue (M13_),XIII,1398,315115,https://storage.googleapis.com/finngen-public-data-r12/summary_stats/release/finngen_R12_M13_POLYARTHRITIS.gz
M13_GIANTCELL,Giant cell arteritis,XIII Diseases of the musculoskeletal system and connective tissue (M13_),XIII,1387,484260,https://storage.googleapis.com/finngen-public-data-r12/summary_stats/release/finngen_R12_M13_GIANTCELL.gz
M13_DORSOPATHYNAS,Other specified/unspecified dorsopathies,XIII Diseases of the musculoskeletal system and connective tissue (M13_),XIII,1360,353224,https://storage.googleapis.com/finngen-public-data-r12/summary_stats/release/finngen_R12_M13_DORSOPATHYNAS.gz
M13_GLUTEALTEND,Gluteal tendinitis,XIII Diseases of the musculoskeletal system and connective tissue (M13_),XIII,1346,353224,https://storage.googleapis.com/finngen-public-data-r12/summary_stats/release/finngen_R12_M13_GLUTEALTEND.gz
M13_ARTHINOTH,Arthropathies in other diseases classified elsewhere,XIII Diseases of the musculoskeletal system and connective tissue (M13_),XIII,1339,315115,https://storage.googleapis.com/finngen-public-data-r12/summary_stats/release/finngen_R12_M13_ARTHINOTH.gz
M13_TOEDEFORMOTH,Other deformities of toe(s),XIII Diseases of the musculoskeletal system and connective tissue (M13_),XIII,1310,315115,https://storage.googleapis.com/finngen-public-data-r12/summary_stats/release/finngen_R12_M13_TOEDEFORMOTH.gz
M13_TIETZE,Chondrocostal junction syndrome [Tietze],XIII Diseases of the musculoskeletal system and connective tissue (M13_),XIII,1309,491365,https://storage.googleapis.com/finngen-public-data-r12/summary_stats/release/finngen_R12_M13_TIETZE.gz
M13_JUVOSTEOCHONRHIP,Juvenile osteochondrosis,XIII Diseases of the musculoskeletal system and connective tissue (M13_),XIII,1308,491365,https://storage.googleapis.com/finngen-public-data-r12/summary_stats/release/finngen_R12_M13_JUVOSTEOCHONRHIP.gz
M13_TEMPARTERIT,Temporal arteritis,XIII Diseases of the musculoskeletal system and connective tissue (M13_),XIII,1225,484260,https://storage.googleapis.com/finngen-public-data-r12/summary_stats/release/finngen_R12_M13_TEMPARTERIT.gz
M13_MUSCLESTRAIN,Muscle strain,XIII Diseases of the musculoskeletal system and connective tissue (M13_),XIII,1206,357549,https://storage.googleapis.com/finngen-public-data-r12/summary_stats/release/finngen_R12_M13_MUSCLESTRAIN.gz
M13_ALGONEURO,Algoneurodystrophy,XIII Diseases of the musculoskeletal system and connective tissue (M13_),XIII,1195,473264,https://storage.googleapis.com/finngen-public-data-r12/summary_stats/release/finngen_R12_M13_ALGONEURO.gz
M13_SACROCOGG,"Sacrococcygeal disorders, not elsewhere classified",XIII Diseases of the musculoskeletal system and connective tissue (M13_),XIII,1181,353224,https://storage.googleapis.com/finngen-public-data-r12/summary_stats/release/finngen_R12_M13_SACROCOGG.gz
M13_OVERUSENAS,"Other/unspecified soft tissue disorders related to use, overuse and pressure",XIII Diseases of the musculoskeletal system and connective tissue (M13_),XIII,1109,357549,https://storage.googleapis.com/finngen-public-data-r12/summary_stats/release/finngen_R12_M13_OVERUSENAS.gz
M13_MUSCLEDISNAS,Other specified disorders of muscle,XIII Diseases of the musculoskeletal system and connective tissue (M13_),XIII,1092,357549,https://storage.googleapis.com/finngen-public-data-r12/summary_stats/release/finngen_R12_M13_MUSCLEDISNAS.gz
M13_SPININSTAB,Spinal instabilities,XIII Diseases of the musculoskeletal system and connective tissue (M13_),XIII,1086,353224,https://storage.googleapis.com/finngen-public-data-r12/summary_stats/release/finngen_R12_M13_SPININSTAB.gz
M13_INFBURSA,Infective bursitis,XIII Diseases of the musculoskeletal system and connective tissue (M13_),XIII,1042,357549,https://storage.googleapis.com/finngen-public-data-r12/summary_stats/release/finngen_R12_M13_INFBURSA.gz
M13_CHONDROMALACIA,Chondromalacia,XIII Diseases of the musculoskeletal system and connective tissue (M13_),XIII,1039,491365,https://storage.googleapis.com/finngen-public-data-r12/summary_stats/release/finngen_R12_M13_CHONDROMALACIA.gz
M13_BONEDISNAS,Other specified/unspecified disorders of  bone/cartilage,XIII Diseases of the musculoskeletal system and connective tissue (M13_),XIII,1030,473264,https://storage.googleapis.com/finngen-public-data-r12/summary_stats/release/finngen_R12_M13_BONEDISNAS.gz
M13_SHORTACHILLES,Short Achilles tendon (acquired),XIII Diseases of the musculoskeletal system and connective tissue (M13_),XIII,1021,357549,https://storage.googleapis.com/finngen-public-data-r12/summary_stats/release/finngen_R12_M13_SHORTACHILLES.gz
M13_BONEDENSOTH,Other disorders of bone density and structure,XIII Diseases of the musculoskeletal system and connective tissue (M13_),XIII,956,473264,https://storage.googleapis.com/finngen-public-data-r12/summary_stats/release/finngen_R12_M13_BONEDENSOTH.gz
M13_MYOSITIS,Myositis,XIII Diseases of the musculoskeletal system and connective tissue (M13_),XIII,932,357549,https://storage.googleapis.com/finngen-public-data-r12/summary_stats/release/finngen_R12_M13_MYOSITIS.gz
M13_LOOSEJOINT,Loose body in joint,XIII Diseases of the musculoskeletal system and connective tissue (M13_),XIII,923,315115,https://storage.googleapis.com/finngen-public-data-r12/summary_stats/release/finngen_R12_M13_LOOSEJOINT.gz
M13_SHOULDERBURSITIS,Bursitis of shoulder,XIII Diseases of the musculoskeletal system and connective tissue (M13_),XIII,921,357549,https://storage.googleapis.com/finngen-public-data-r12/summary_stats/release/finngen_R12_M13_SHOULDERBURSITIS.gz
M13_CARTILAGE,Other articular cartilage disorders,XIII Diseases of the musculoskeletal system and connective tissue (M13_),XIII,917,315115,https://storage.googleapis.com/finngen-public-data-r12/summary_stats/release/finngen_R12_M13_CARTILAGE.gz
M13_SPONDYLOPATHYNAS,Other specified/unspecified spondylopathies,XIII Diseases of the musculoskeletal system and connective tissue (M13_),XIII,914,353224,https://storage.googleapis.com/finngen-public-data-r12/summary_stats/release/finngen_R12_M13_SPONDYLOPATHYNAS.gz
M13_JUVERHEU,Juvenile rheumatoid arthirtis,XIII Diseases of the musculoskeletal system and connective tissue (M13_),XIII,908,315115,https://storage.googleapis.com/finngen-public-data-r12/summary_stats/release/finngen_R12_M13_JUVERHEU.gz
M13_ENTEROARTHR,Enteropathic arthropathies,XIII Diseases of the musculoskeletal system and connective tissue (M13_),XIII,861,315115,https://storage.googleapis.com/finngen-public-data-r12/summary_stats/release/finngen_R12_M13_ENTEROARTHR.gz
M13_SYSTSLCE,Systemic sclerosis,XIII Diseases of the musculoskeletal system and connective tissue (M13_),XIII,854,484260,https://storage.googleapis.com/finngen-public-data-r12/summary_stats/release/finngen_R12_M13_SYSTSLCE.gz
M13_SYNOTENDINOTH,Disorders of synovium and tendon in diseases classified elsewhere,XIII Diseases of the musculoskeletal system and connective tissue (M13_),XIII,753,357549,https://storage.googleapis.com/finngen-public-data-r12/summary_stats/release/finngen_R12_M13_SYNOTENDINOTH.gz
M13_BURSITISHIPOTH,Other bursitis of hip,XIII Diseases of the musculoskeletal system and connective tissue (M13_),XIII,709,357549,https://storage.googleapis.com/finngen-public-data-r12/summary_stats/release/finngen_R12_M13_BURSITISHIPOTH.gz
M13_DEFORMDORSONAS,Other specified/unspecified deforming dorsopathies,XIII Diseases of the musculoskeletal system and connective tissue (M13_),XIII,704,353224,https://storage.googleapis.com/finngen-public-data-r12/summary_stats/release/finngen_R12_M13_DEFORMDORSONAS.gz
M13_PATELLARTEND,Patellar tendinitis,XIII Diseases of the musculoskeletal system and connective tissue (M13_),XIII,671,353224,https://storage.googleapis.com/finngen-public-data-r12/summary_stats/release/finngen_R12_M13_PATELLARTEND.gz
M13_OVERLAP,Other overlap syndromes,XIII Diseases of the musculoskeletal system and connective tissue (M13_),XIII,653,484260,https://storage.googleapis.com/finngen-public-data-r12/summary_stats/release/finngen_R12_M13_OVERLAP.gz
M13_TORTICOLLIS,Torticollis,XIII Diseases of the musculoskeletal system and connective tissue (M13_),XIII,643,353224,https://storage.googleapis.com/finngen-public-data-r12/summary_stats/release/finngen_R12_M13_TORTICOLLIS.gz
M13_CRYSTALARTH,Other crystal arthropathies,XIII Diseases of the musculoskeletal system and connective tissue (M13_),XIII,620,315115,https://storage.googleapis.com/finngen-public-data-r12/summary_stats/release/finngen_R12_M13_CRYSTALARTH.gz
M13_PERONEALTEND,Peroneal tendinitis,XIII Diseases of the musculoskeletal system and connective tissue (M13_),XIII,570,353224,https://storage.googleapis.com/finngen-public-data-r12/summary_stats/release/finngen_R12_M13_PERONEALTEND.gz
M13_DISCITIS,"Discitis, unspecified",XIII Diseases of the musculoskeletal system and connective tissue (M13_),XIII,557,353224,https://storage.googleapis.com/finngen-public-data-r12/summary_stats/release/finngen_R12_M13_DISCITIS.gz
M13_BURSCYSTOTH,Other bursal cyst,XIII Diseases of the musculoskeletal system and connective tissue (M13_),XIII,553,357549,https://storage.googleapis.com/finngen-public-data-r12/summary_stats/release/finngen_R12_M13_BURSCYSTOTH.gz
M13_WEGENER,Wegener granulomatosis,XIII Diseases of the musculoskeletal system and connective tissue (M13_),XIII,537,484260,https://storage.googleapis.com/finngen-public-data-r12/summary_stats/release/finngen_R12_M13_WEGENER.gz
M13_CHRONSYNOVITISHANDWRIST,Chronic crepitant synovitis/bursitis of hand and wrist/periarthritis of wrist,XIII Diseases of the musculoskeletal system and connective tissue (M13_),XIII,512,357549,https://storage.googleapis.com/finngen-public-data-r12/summary_stats/release/finngen_R12_M13_CHRONSYNOVITISHANDWRIST.gz
N14_FEMALEGENNONINF,Noninflammatory disorders of female genital tract,XIV Diseases of the genitourinary system (N14_),XIV,151904,130160,https://storage.googleapis.com/finngen-public-data-r12/summary_stats/release/finngen_R12_N14_FEMALEGENNONINF.gz
N14_URINOTH,Other diseases of urinary system,XIV Diseases of the genitourinary system (N14_),XIV,97020,403328,https://storage.googleapis.com/finngen-public-data-r12/summary_stats/release/finngen_R12_N14_URINOTH.gz
N14_MALEGEN,Diseases of male genital organs,XIV Diseases of the genitourinary system (N14_),XIV,64711,153573,https://storage.googleapis.com/finngen-public-data-r12/summary_stats/release/finngen_R12_N14_MALEGEN.gz
N14_CYSTITIS,Cystitis,XIV Diseases of the genitourinary system (N14_),XIV,61460,403328,https://storage.googleapis.com/finngen-public-data-r12/summary_stats/release/finngen_R12_N14_CYSTITIS.gz
N14_RENALTUB,Renal tubulo-interstitial diseases,XIV Diseases of the genitourinary system (N14_),XIV,53206,447142,https://storage.googleapis.com/finngen-public-data-r12/summary_stats/release/finngen_R12_N14_RENALTUB.gz
N14_MESNRUIRREG,"Excessive, frequent and irregular menstruation",XIV Diseases of the genitourinary system (N14_),XIV,50120,130160,https://storage.googleapis.com/finngen-public-data-r12/summary_stats/release/finngen_R12_N14_MESNRUIRREG.gz
N14_URETHRAOTH,Other disorders of urethra and urinary system,XIV Diseases of the genitourinary system (N14_),XIV,46125,403328,https://storage.googleapis.com/finngen-public-data-r12/summary_stats/release/finngen_R12_N14_URETHRAOTH.gz
N14_PROSTHYPERPLA,Hyperplasia of prostate,XIV Diseases of the genitourinary system (N14_),XIV,41137,153573,https://storage.googleapis.com/finngen-public-data-r12/summary_stats/release/finngen_R12_N14_PROSTHYPERPLA.gz
N14_PYELONEPHR,Acute tubulo-interstitial nephritis,XIV Diseases of the genitourinary system (N14_),XIV,33228,447142,https://storage.googleapis.com/finngen-public-data-r12/summary_stats/release/finngen_R12_N14_PYELONEPHR.gz
N14_FEMALEGENINF,Inflammatory diseases of female pelvic organs,XIV Diseases of the genitourinary system (N14_),XIV,31500,250564,https://storage.googleapis.com/finngen-public-data-r12/summary_stats/release/finngen_R12_N14_FEMALEGENINF.gz
N14_MENORRHAGIA,Menorrhagia,XIV Diseases of the genitourinary system (N14_),XIV,28642,130160,https://storage.googleapis.com/finngen-public-data-r12/summary_stats/release/finngen_R12_N14_MENORRHAGIA.gz
N14_OVARYCYST,Ovarian cyst,XIV Diseases of the genitourinary system (N14_),XIV,28358,130160,https://storage.googleapis.com/finngen-public-data-r12/summary_stats/release/finngen_R12_N14_OVARYCYST.gz
N14_MENOPAUSOT,Other menopausal disorders,XIV Diseases of the genitourinary system (N14_),XIV,24386,130160,https://storage.googleapis.com/finngen-public-data-r12/summary_stats/release/finngen_R12_N14_MENOPAUSOT.gz
N14_MENSIRREG,Irregular menses,XIV Diseases of the genitourinary system (N14_),XIV,24344,239434,https://storage.googleapis.com/finngen-public-data-r12/summary_stats/release/finngen_R12_N14_MENSIRREG.gz
N14_BREAST,Disorders of breast,XIV Diseases of the genitourinary system (N14_),XIV,23556,258508,https://storage.googleapis.com/finngen-public-data-r12/summary_stats/release/finngen_R12_N14_BREAST.gz
N14_FEMGENPROL,Female genital prolapse,XIV Diseases of the genitourinary system (N14_),XIV,23074,130160,https://storage.googleapis.com/finngen-public-data-r12/summary_stats/release/finngen_R12_N14_FEMGENPROL.gz
N14_ENDOMETRIOSIS,Endometriosis,XIV Diseases of the genitourinary system (N14_),XIV,20190,130160,https://storage.googleapis.com/finngen-public-data-r12/summary_stats/release/finngen_R12_N14_ENDOMETRIOSIS.gz
N14_RENFAIL,Renal failure,XIV Diseases of the genitourinary system (N14_),XIV,19900,480448,https://storage.googleapis.com/finngen-public-data-r12/summary_stats/release/finngen_R12_N14_RENFAIL.gz
N14_POLYPFEMGEN,Polyp of the female genital tract,XIV Diseases of the genitourinary system (N14_),XIV,19618,130160,https://storage.googleapis.com/finngen-public-data-r12/summary_stats/release/finngen_R12_N14_POLYPFEMGEN.gz
N14_FEMALEINFERT,Female infertility,XIV Diseases of the genitourinary system (N14_),XIV,18189,130160,https://storage.googleapis.com/finngen-public-data-r12/summary_stats/release/finngen_R12_N14_FEMALEINFERT.gz
N14_POSTMENBLEED,Postmenopausal bleeding,XIV Diseases of the genitourinary system (N14_),XIV,16009,130160,https://storage.googleapis.com/finngen-public-data-r12/summary_stats/release/finngen_R12_N14_POSTMENBLEED.gz
N14_FIOTHNAS,"Female infertility, cervigal, vaginal, other or unspecified origin",XIV Diseases of the genitourinary system (N14_),XIV,15336,130160,https://storage.googleapis.com/finngen-public-data-r12/summary_stats/release/finngen_R12_N14_FIOTHNAS.gz
N14_ABNORMALBLEED,Other abnormal uterine and vaginal bleeding,XIV Diseases of the genitourinary system (N14_),XIV,13509,130160,https://storage.googleapis.com/finngen-public-data-r12/summary_stats/release/finngen_R12_N14_ABNORMALBLEED.gz
N14_FEMALE_GENITAL_DYSPLASIA_ALL,"All dysplastic lesions of the cervix uteri, vagina or vulva",XIV Diseases of the genitourinary system (N14_),XIV,13239,268825,https://storage.googleapis.com/finngen-public-data-r12/summary_stats/release/finngen_R12_N14_FEMALE_GENITAL_DYSPLASIA_ALL.gz
N14_CALCUKIDUR,Calculus of kidney and ureter,XIV Diseases of the genitourinary system (N14_),XIV,12999,486185,https://storage.googleapis.com/finngen-public-data-r12/summary_stats/release/finngen_R12_N14_CALCUKIDUR.gz
N14_CHRONKIDNEYDIS,Chronic kidney disease,XIV Diseases of the genitourinary system (N14_),XIV,12787,480448,https://storage.googleapis.com/finngen-public-data-r12/summary_stats/release/finngen_R12_N14_CHRONKIDNEYDIS.gz
N14_POSTMENATRVAG,Postmenopausal atrophic vaginitis,XIV Diseases of the genitourinary system (N14_),XIV,12046,130160,https://storage.googleapis.com/finngen-public-data-r12/summary_stats/release/finngen_R12_N14_POSTMENATRVAG.gz
N14_CERVICAL_DYSPLASIA_ALL,All dysplastic lesions of the cervix uteri,XIV Diseases of the genitourinary system (N14_),XIV,11576,270488,https://storage.googleapis.com/finngen-public-data-r12/summary_stats/release/finngen_R12_N14_CERVICAL_DYSPLASIA_ALL.gz
N14_OTHNONINFUTER,"Other noninflammatory disorders of uterus, except cervix",XIV Diseases of the genitourinary system (N14_),XIV,11466,130160,https://storage.googleapis.com/finngen-public-data-r12/summary_stats/release/finngen_R12_N14_OTHNONINFUTER.gz
N14_ENDOMETRIOSIS_ASRM_STAGE3_4,"Endometriosis ASRM stages 3,4",XIV Diseases of the genitourinary system (N14_),XIV,10127,271937,https://storage.googleapis.com/finngen-public-data-r12/summary_stats/release/finngen_R12_N14_ENDOMETRIOSIS_ASRM_STAGE3_4.gz
N14_FEMGENPAIN,Pain and other conditions associated with female genital organs and menstrual cycle,XIV Diseases of the genitourinary system (N14_),XIV,9904,130160,https://storage.googleapis.com/finngen-public-data-r12/summary_stats/release/finngen_R12_N14_FEMGENPAIN.gz
N14_PHIMOSIS,"Redundant prepuce, phimosis and paraphimosis",XIV Diseases of the genitourinary system (N14_),XIV,9687,153573,https://storage.googleapis.com/finngen-public-data-r12/summary_stats/release/finngen_R12_N14_PHIMOSIS.gz
N14_FEMALE_GENITAL_HSIL,"HSIL lesion of the cervix uteri, vagina or vulva",XIV Diseases of the genitourinary system (N14_),XIV,8608,273456,https://storage.googleapis.com/finngen-public-data-r12/summary_stats/release/finngen_R12_N14_FEMALE_GENITAL_HSIL.gz
N14_HYPERTROPHYBREAST_BOTH,Hypertrophy of breast in women and men,XIV Diseases of the genitourinary system (N14_),XIV,8461,475603,https://storage.googleapis.com/finngen-public-data-r12/summary_stats/release/finngen_R12_N14_HYPERTROPHYBREAST_BOTH.gz
N14_ACUTERENFAIL,Acute renal failure,XIV Diseases of the genitourinary system (N14_),XIV,8383,480448,https://storage.googleapis.com/finngen-public-data-r12/summary_stats/release/finngen_R12_N14_ACUTERENFAIL.gz
N14_ENDOMETRIOSIS_OVARY,Endometriosis of ovary,XIV Diseases of the genitourinary system (N14_),XIV,7878,130160,https://storage.googleapis.com/finngen-public-data-r12/summary_stats/release/finngen_R12_N14_ENDOMETRIOSIS_OVARY.gz
N14_CERVICAL_HSIL,HSIL lesion of the cervix uteri,XIV Diseases of the genitourinary system (N14_),XIV,7856,274208,https://storage.googleapis.com/finngen-public-data-r12/summary_stats/release/finngen_R12_N14_CERVICAL_HSIL.gz
N14_ENDOMETRIOSIS_PELVICPERITONEUM,Endometriosis of pelvic peritoneum,XIV Diseases of the genitourinary system (N14_),XIV,7617,130160,https://storage.googleapis.com/finngen-public-data-r12/summary_stats/release/finngen_R12_N14_ENDOMETRIOSIS_PELVICPERITONEUM.gz
N14_SALPHOOPH,Salpingitis and oophoritis,XIV Diseases of the genitourinary system (N14_),XIV,7538,250564,https://storage.googleapis.com/finngen-public-data-r12/summary_stats/release/finngen_R12_N14_SALPHOOPH.gz
N14_GLOMERULAR,Glomerular diseases,XIV Diseases of the genitourinary system (N14_),XIV,7426,492922,https://storage.googleapis.com/finngen-public-data-r12/summary_stats/release/finngen_R12_N14_GLOMERULAR.gz
N14_VAGINITIS,Vaginitis/vulvovaginitis/vulvitis/abscess of vulva,XIV Diseases of the genitourinary system (N14_),XIV,7279,250564,https://storage.googleapis.com/finngen-public-data-r12/summary_stats/release/finngen_R12_N14_VAGINITIS.gz
N14_HYPERTROPHYBREAST,Hypertrophy of breast,XIV Diseases of the genitourinary system (N14_),XIV,7272,258508,https://storage.googleapis.com/finngen-public-data-r12/summary_stats/release/finngen_R12_N14_HYPERTROPHYBREAST.gz
N14_OTHFEMPELINF,Other female pelvic inflammatory diseases,XIV Diseases of the genitourinary system (N14_),XIV,6793,250564,https://storage.googleapis.com/finngen-public-data-r12/summary_stats/release/finngen_R12_N14_OTHFEMPELINF.gz
N14_LUMPNASBREAST,Unspecified lump in breast,XIV Diseases of the genitourinary system (N14_),XIV,6394,258508,https://storage.googleapis.com/finngen-public-data-r12/summary_stats/release/finngen_R12_N14_LUMPNASBREAST.gz
N14_INFLUTH,Inflammatory disease of uterus,XIV Diseases of the genitourinary system (N14_),XIV,6060,250564,https://storage.googleapis.com/finngen-public-data-r12/summary_stats/release/finngen_R12_N14_INFLUTH.gz
N14_FEMALE_GENITAL_LSIL,"LSIL lesion of the cervix uteri, vagina or vulva",XIV Diseases of the genitourinary system (N14_),XIV,5877,276187,https://storage.googleapis.com/finngen-public-data-r12/summary_stats/release/finngen_R12_N14_FEMALE_GENITAL_LSIL.gz
N14_BENIGNMAMDYSP,Benign mammary dysplasia,XIV Diseases of the genitourinary system (N14_),XIV,5681,258508,https://storage.googleapis.com/finngen-public-data-r12/summary_stats/release/finngen_R12_N14_BENIGNMAMDYSP.gz
N14_ENDOMETRIOSIS_UTERUS,Adenomyosis (Endometriosis of uterus),XIV Diseases of the genitourinary system (N14_),XIV,5673,130160,https://storage.googleapis.com/finngen-public-data-r12/summary_stats/release/finngen_R12_N14_ENDOMETRIOSIS_UTERUS.gz
N14_PROSTATITIS,Inflammatory diseases of prostate (prostatitis),XIV Diseases of the genitourinary system (N14_),XIV,5255,153573,https://storage.googleapis.com/finngen-public-data-r12/summary_stats/release/finngen_R12_N14_PROSTATITIS.gz
N14_HYDROCELE,Hydrocele,XIV Diseases of the genitourinary system (N14_),XIV,5108,153573,https://storage.googleapis.com/finngen-public-data-r12/summary_stats/release/finngen_R12_N14_HYDROCELE.gz
N14_BREASTDISOTH,Other disorders of breast,XIV Diseases of the genitourinary system (N14_),XIV,5052,258508,https://storage.googleapis.com/finngen-public-data-r12/summary_stats/release/finngen_R12_N14_BREASTDISOTH.gz
N14_GENITOUROTH,Other disorders of the genitourinary system,XIV Diseases of the genitourinary system (N14_),XIV,4858,495490,https://storage.googleapis.com/finngen-public-data-r12/summary_stats/release/finngen_R12_N14_GENITOUROTH.gz
N14_KIDUROTH,Other disorders of kidney and ureter,XIV Diseases of the genitourinary system (N14_),XIV,4837,495511,https://storage.googleapis.com/finngen-public-data-r12/summary_stats/release/finngen_R12_N14_KIDUROTH.gz
N14_OTHBLADD,Other disorders of  bladder,XIV Diseases of the genitourinary system (N14_),XIV,4699,403328,https://storage.googleapis.com/finngen-public-data-r12/summary_stats/release/finngen_R12_N14_OTHBLADD.gz
N14_CERVICAL_LSIL,LSIL lesion of the cervix uteri,XIV Diseases of the genitourinary system (N14_),XIV,4655,277409,https://storage.googleapis.com/finngen-public-data-r12/summary_stats/release/finngen_R12_N14_CERVICAL_LSIL.gz
N14_HYDRONEPHR,Hydronephrosis,XIV Diseases of the genitourinary system (N14_),XIV,4509,447142,https://storage.googleapis.com/finngen-public-data-r12/summary_stats/release/finngen_R12_N14_HYDRONEPHR.gz
N14_GLOMEINOTH,Glomerular disorders in diseases classified elsewhere,XIV Diseases of the genitourinary system (N14_),XIV,4446,492922,https://storage.googleapis.com/finngen-public-data-r12/summary_stats/release/finngen_R12_N14_GLOMEINOTH.gz
N14_ENDOMET_INFERT,Endometriosis diagnosis and infertility diagnosis occurring together,XIV Diseases of the genitourinary system (N14_),XIV,4413,268626,https://storage.googleapis.com/finngen-public-data-r12/summary_stats/release/finngen_R12_N14_ENDOMET_INFERT.gz
N14_ENDOMETRIOSIS_NOS,Unspecified/other endometriosis,XIV Diseases of the genitourinary system (N14_),XIV,4152,130160,https://storage.googleapis.com/finngen-public-data-r12/summary_stats/release/finngen_R12_N14_ENDOMETRIOSIS_NOS.gz
N14_UTER_POLYP,Uterine polyps,XIV Diseases of the genitourinary system (N14_),XIV,3935,130160,https://storage.googleapis.com/finngen-public-data-r12/summary_stats/release/finngen_R12_N14_UTER_POLYP.gz
N14_GLOMER_NEPHRITIS,Glomerulonephritis,XIV Diseases of the genitourinary system (N14_),XIV,3905,496443,https://storage.googleapis.com/finngen-public-data-r12/summary_stats/release/finngen_R12_N14_GLOMER_NEPHRITIS.gz
N14_OTHNONINFVULV,Other noninflammatory disorders of vulva and perineum,XIV Diseases of the genitourinary system (N14_),XIV,3879,130160,https://storage.googleapis.com/finngen-public-data-r12/summary_stats/release/finngen_R12_N14_OTHNONINFVULV.gz
N14_ENDOMETRIOSIS_DEEP,Deep endometriosis,XIV Diseases of the genitourinary system (N14_),XIV,3806,271937,https://storage.googleapis.com/finngen-public-data-r12/summary_stats/release/finngen_R12_N14_ENDOMETRIOSIS_DEEP.gz
N14_OTHPENIS,Other disorders of penis,XIV Diseases of the genitourinary system (N14_),XIV,3777,153573,https://storage.googleapis.com/finngen-public-data-r12/summary_stats/release/finngen_R12_N14_OTHPENIS.gz
N14_RENFAILNAS,Unspecified kidney failure,XIV Diseases of the genitourinary system (N14_),XIV,3743,480448,https://storage.googleapis.com/finngen-public-data-r12/summary_stats/release/finngen_R12_N14_RENFAILNAS.gz
N14_ORHCEPINDIDYMITIS,Orchitis and epididymitis,XIV Diseases of the genitourinary system (N14_),XIV,3741,153573,https://storage.googleapis.com/finngen-public-data-r12/summary_stats/release/finngen_R12_N14_ORHCEPINDIDYMITIS.gz
N14_FIANOV,"Female infertility, associated with anovulation",XIV Diseases of the genitourinary system (N14_),XIV,3617,130160,https://storage.googleapis.com/finngen-public-data-r12/summary_stats/release/finngen_R12_N14_FIANOV.gz
N14_NEUROMUSCDYSBLADD,Neuromuscular dysfunction of bladder,XIV Diseases of the genitourinary system (N14_),XIV,3550,403328,https://storage.googleapis.com/finngen-public-data-r12/summary_stats/release/finngen_R12_N14_NEUROMUSCDYSBLADD.gz
N14_OTHNONINFVAG,Other noninflammatory disorders of vagina,XIV Diseases of the genitourinary system (N14_),XIV,3250,130160,https://storage.googleapis.com/finngen-public-data-r12/summary_stats/release/finngen_R12_N14_OTHNONINFVAG.gz
N14_ENDOMETRIOSIS_RECTPVAGSEPT_VAGINA,Endometriosis of rectovaginal septum and vagina,XIV Diseases of the genitourinary system (N14_),XIV,3226,130160,https://storage.googleapis.com/finngen-public-data-r12/summary_stats/release/finngen_R12_N14_ENDOMETRIOSIS_RECTPVAGSEPT_VAGINA.gz
N14_AMENORRHEAPRIM,Amenorrhoea,XIV Diseases of the genitourinary system (N14_),XIV,3123,130160,https://storage.googleapis.com/finngen-public-data-r12/summary_stats/release/finngen_R12_N14_AMENORRHEAPRIM.gz
N14_SPERMATOCELE,Spermatocele,XIV Diseases of the genitourinary system (N14_),XIV,3014,153573,https://storage.googleapis.com/finngen-public-data-r12/summary_stats/release/finngen_R12_N14_SPERMATOCELE.gz
N14_TUBULOINTNEPHRNAS,"Tubulo-interstitial nephritis, not specified as acute or chronic",XIV Diseases of the genitourinary system (N14_),XIV,2844,447142,https://storage.googleapis.com/finngen-public-data-r12/summary_stats/release/finngen_R12_N14_TUBULOINTNEPHRNAS.gz
N14_INFLAMMBREAST,Inflammatory disorders of breast,XIV Diseases of the genitourinary system (N14_),XIV,2468,258508,https://storage.googleapis.com/finngen-public-data-r12/summary_stats/release/finngen_R12_N14_INFLAMMBREAST.gz
N14_INFCERVIX,Inflammatory disease of cervix uteri,XIV Diseases of the genitourinary system (N14_),XIV,2426,250564,https://storage.googleapis.com/finngen-public-data-r12/summary_stats/release/finngen_R12_N14_INFCERVIX.gz
N14_CYSTKID,Cyst of kidney,XIV Diseases of the genitourinary system (N14_),XIV,2377,495511,https://storage.googleapis.com/finngen-public-data-r12/summary_stats/release/finngen_R12_N14_CYSTKID.gz
N14_VULVOVAGINFINOTH,Vulvovaginal ulceration/inflammation in other diseases,XIV Diseases of the genitourinary system (N14_),XIV,2320,250564,https://storage.googleapis.com/finngen-public-data-r12/summary_stats/release/finngen_R12_N14_VULVOVAGINFINOTH.gz
N14_URETHRALSTRICT,Urethral stricture,XIV Diseases of the genitourinary system (N14_),XIV,2132,403328,https://storage.googleapis.com/finngen-public-data-r12/summary_stats/release/finngen_R12_N14_URETHRALSTRICT.gz
N14_FITUB,"Female infertility, tubal origin",XIV Diseases of the genitourinary system (N14_),XIV,2038,130160,https://storage.googleapis.com/finngen-public-data-r12/summary_stats/release/finngen_R12_N14_FITUB.gz
N14_IMPOTENCE,Impotence,XIV Diseases of the genitourinary system (N14_),XIV,1919,153573,https://storage.googleapis.com/finngen-public-data-r12/summary_stats/release/finngen_R12_N14_IMPOTENCE.gz
N14_CALCULOWER,Calculus of lower urinary tract,XIV Diseases of the genitourinary system (N14_),XIV,1878,486185,https://storage.googleapis.com/finngen-public-data-r12/summary_stats/release/finngen_R12_N14_CALCULOWER.gz
N14_OTHNONINFCERVIX,Other noninflammatory disorders of cervix uteri,XIV Diseases of the genitourinary system (N14_),XIV,1865,130160,https://storage.googleapis.com/finngen-public-data-r12/summary_stats/release/finngen_R12_N14_OTHNONINFCERVIX.gz
N14_MALEINFERT,Male infertility,XIV Diseases of the genitourinary system (N14_),XIV,1852,153573,https://storage.googleapis.com/finngen-public-data-r12/summary_stats/release/finngen_R12_N14_MALEINFERT.gz
N14_OBSTRUREFLUROPATH,Other obstructive and reflux uropathy,XIV Diseases of the genitourinary system (N14_),XIV,1755,447142,https://storage.googleapis.com/finngen-public-data-r12/summary_stats/release/finngen_R12_N14_OBSTRUREFLUROPATH.gz
N14_VULVAL_DYSPLASIA_ALL,All dysplastic lesions of the vulva,XIV Diseases of the genitourinary system (N14_),XIV,1554,280510,https://storage.googleapis.com/finngen-public-data-r12/summary_stats/release/finngen_R12_N14_VULVAL_DYSPLASIA_ALL.gz
N14_PROHERNOV,Prolapse and hernia of ovary and fallopian tube,XIV Diseases of the genitourinary system (N14_),XIV,1506,130160,https://storage.googleapis.com/finngen-public-data-r12/summary_stats/release/finngen_R12_N14_PROHERNOV.gz
N14_CHRONTUBULOINTNEPHRITIS,Chronic tubulo-interstitial nephritis,XIV Diseases of the genitourinary system (N14_),XIV,1494,447142,https://storage.googleapis.com/finngen-public-data-r12/summary_stats/release/finngen_R12_N14_CHRONTUBULOINTNEPHRITIS.gz
N14_OLIGOMEN,Oligomenorrhoea,XIV Diseases of the genitourinary system (N14_),XIV,1445,130160,https://storage.googleapis.com/finngen-public-data-r12/summary_stats/release/finngen_R12_N14_OLIGOMEN.gz
N14_CHRONEPHROPATH,Chronic nephritic syndrome,XIV Diseases of the genitourinary system (N14_),XIV,1438,492922,https://storage.googleapis.com/finngen-public-data-r12/summary_stats/release/finngen_R12_N14_CHRONEPHROPATH.gz
N14_DIALYSIS,Dialysis,XIV Diseases of the genitourinary system (N14_),XIV,1432,480448,https://storage.googleapis.com/finngen-public-data-r12/summary_stats/release/finngen_R12_N14_DIALYSIS.gz
N14_BARTHOCYS,Cyst of Bartholin Gland,XIV Diseases of the genitourinary system (N14_),XIV,1428,250564,https://storage.googleapis.com/finngen-public-data-r12/summary_stats/release/finngen_R12_N14_BARTHOCYS.gz
N14_OTHDISMALEGEN,Other disorders of male genital organs,XIV Diseases of the genitourinary system (N14_),XIV,1425,153573,https://storage.googleapis.com/finngen-public-data-r12/summary_stats/release/finngen_R12_N14_OTHDISMALEGEN.gz
N14_OTHINFVAGVULV,Other inflammation of vagina/vulva,XIV Diseases of the genitourinary system (N14_),XIV,1382,250564,https://storage.googleapis.com/finngen-public-data-r12/summary_stats/release/finngen_R12_N14_OTHINFVAGVULV.gz
N14_PROSTAOTH,Other disorders of prostate,XIV Diseases of the genitourinary system (N14_),XIV,1307,153573,https://storage.googleapis.com/finngen-public-data-r12/summary_stats/release/finngen_R12_N14_PROSTAOTH.gz
N14_DISIMPAIRRENTUB,Disorders resulting from impaired renal tubular function,XIV Diseases of the genitourinary system (N14_),XIV,1186,495511,https://storage.googleapis.com/finngen-public-data-r12/summary_stats/release/finngen_R12_N14_DISIMPAIRRENTUB.gz
N14_OTHETNASKIDUR,Other specified disorders of kidney and ureter,XIV Diseases of the genitourinary system (N14_),XIV,1170,495511,https://storage.googleapis.com/finngen-public-data-r12/summary_stats/release/finngen_R12_N14_OTHETNASKIDUR.gz
N14_NEPHROTICSYND,Nephrotic syndrome,XIV Diseases of the genitourinary system (N14_),XIV,1106,492922,https://storage.googleapis.com/finngen-public-data-r12/summary_stats/release/finngen_R12_N14_NEPHROTICSYND.gz
N14_OTHNONINFOVA,"Other and unspecified noninflammatory disorders of ovary, fallopian tube and broad ligament",XIV Diseases of the genitourinary system (N14_),XIV,1079,130160,https://storage.googleapis.com/finngen-public-data-r12/summary_stats/release/finngen_R12_N14_OTHNONINFOVA.gz
N14_EROSECTROPUT,Erosion and ectropion of cervix uteri,XIV Diseases of the genitourinary system (N14_),XIV,1072,130160,https://storage.googleapis.com/finngen-public-data-r12/summary_stats/release/finngen_R12_N14_EROSECTROPUT.gz
N14_VULVAL_LSIL,LSIL lesion of the vulva,XIV Diseases of the genitourinary system (N14_),XIV,1047,281017,https://storage.googleapis.com/finngen-public-data-r12/summary_stats/release/finngen_R12_N14_VULVAL_LSIL.gz
N14_BARTHOOTHNAS,Other and unspecified disease of Bartholin gland,XIV Diseases of the genitourinary system (N14_),XIV,1020,250564,https://storage.googleapis.com/finngen-public-data-r12/summary_stats/release/finngen_R12_N14_BARTHOOTHNAS.gz
N14_BARTHOABSCESS,Abscess of Bartholin gland,XIV Diseases of the genitourinary system (N14_),XIV,997,250564,https://storage.googleapis.com/finngen-public-data-r12/summary_stats/release/finngen_R12_N14_BARTHOABSCESS.gz
N14_VAGINAL_DYSPLASIA_ALL,All dysplastic lesions of the vagina,XIV Diseases of the genitourinary system (N14_),XIV,915,281149,https://storage.googleapis.com/finngen-public-data-r12/summary_stats/release/finngen_R12_N14_VAGINAL_DYSPLASIA_ALL.gz
N14_OVARTORS,"Torsion of ovary, ovarian pedicle and fallopian tube",XIV Diseases of the genitourinary system (N14_),XIV,881,130160,https://storage.googleapis.com/finngen-public-data-r12/summary_stats/release/finngen_R12_N14_OVARTORS.gz
N14_RENALTUBULOOTH,Other renal tubulo-interstitial diseases,XIV Diseases of the genitourinary system (N14_),XIV,874,447142,https://storage.googleapis.com/finngen-public-data-r12/summary_stats/release/finngen_R12_N14_RENALTUBULOOTH.gz
N14_ULCERVAGVUL,Ulcer of vagina/vulva,XIV Diseases of the genitourinary system (N14_),XIV,868,250564,https://storage.googleapis.com/finngen-public-data-r12/summary_stats/release/finngen_R12_N14_ULCERVAGVUL.gz
N14_IGA_NEPHROPATHY,IgA nephropathy (IgA glomerulonephritis),XIV Diseases of the genitourinary system (N14_),XIV,822,499526,https://storage.googleapis.com/finngen-public-data-r12/summary_stats/release/finngen_R12_N14_IGA_NEPHROPATHY.gz
N14_URETHRITISANDURSYNDR,Urethritis and urethral syndrome,XIV Diseases of the genitourinary system (N14_),XIV,815,403328,https://storage.googleapis.com/finngen-public-data-r12/summary_stats/release/finngen_R12_N14_URETHRITISANDURSYNDR.gz
N14_HABITABORT,Habitual aborter,XIV Diseases of the genitourinary system (N14_),XIV,811,130160,https://storage.googleapis.com/finngen-public-data-r12/summary_stats/release/finngen_R12_N14_HABITABORT.gz
N14_NEPHRITICNAS,Unspecified nephritic syndrome,XIV Diseases of the genitourinary system (N14_),XIV,798,492922,https://storage.googleapis.com/finngen-public-data-r12/summary_stats/release/finngen_R12_N14_NEPHRITICNAS.gz
N14_TORSIOTEST,Torsion of testis,XIV Diseases of the genitourinary system (N14_),XIV,778,153573,https://storage.googleapis.com/finngen-public-data-r12/summary_stats/release/finngen_R12_N14_TORSIOTEST.gz
N14_ACUTENEPHRITIC,Acute nephritic syndrome,XIV Diseases of the genitourinary system (N14_),XIV,762,492922,https://storage.googleapis.com/finngen-public-data-r12/summary_stats/release/finngen_R12_N14_ACUTENEPHRITIC.gz
N14_ENDOMETRIOSIS_INTESTINE,Endometriosis of intestine,XIV Diseases of the genitourinary system (N14_),XIV,617,130160,https://storage.googleapis.com/finngen-public-data-r12/summary_stats/release/finngen_R12_N14_ENDOMETRIOSIS_INTESTINE.gz
N14_OVAR_HYPERSTIM,Ovarian hyperstimulation (induction),XIV Diseases of the genitourinary system (N14_),XIV,614,263875,https://storage.googleapis.com/finngen-public-data-r12/summary_stats/release/finngen_R12_N14_OVAR_HYPERSTIM.gz
N14_FEMGENFISTUL,Fistulae involving female genital tract,XIV Diseases of the genitourinary system (N14_),XIV,571,130160,https://storage.googleapis.com/finngen-public-data-r12/summary_stats/release/finngen_R12_N14_FEMGENFISTUL.gz
N14_VULVAL_HSIL,HSIL lesion of the vulva,XIV Diseases of the genitourinary system (N14_),XIV,563,281501,https://storage.googleapis.com/finngen-public-data-r12/summary_stats/release/finngen_R12_N14_VULVAL_HSIL.gz
ST19_FRACT_LOWER_LEG_INCLU_ANKLE,"Fracture of lower leg, including ankle","XIX Injury, poisoning and certain other consequences of external causes (ST19_)",XIX,28218,423508,https://storage.googleapis.com/finngen-public-data-r12/summary_stats/release/finngen_R12_ST19_FRACT_LOWER_LEG_INCLU_ANKLE.gz
ST19_FRACT_FOREA,Fracture of forearm,"XIX Injury, poisoning and certain other consequences of external causes (ST19_)",XIX,27907,462982,https://storage.googleapis.com/finngen-public-data-r12/summary_stats/release/finngen_R12_ST19_FRACT_FOREA.gz
ST19_FRACT_SHOUL_UPPER_ARM,Fracture of shoulder and upper arm,"XIX Injury, poisoning and certain other consequences of external causes (ST19_)",XIX,16817,454533,https://storage.googleapis.com/finngen-public-data-r12/summary_stats/release/finngen_R12_ST19_FRACT_SHOUL_UPPER_ARM.gz
ST19_FRACT_WRIST_HAND_LEVEL,Fracture at wrist and hand level,"XIX Injury, poisoning and certain other consequences of external causes (ST19_)",XIX,16641,441025,https://storage.googleapis.com/finngen-public-data-r12/summary_stats/release/finngen_R12_ST19_FRACT_WRIST_HAND_LEVEL.gz
ST19_FRACT_RIBS_STERNUM_THORACIC_SPINE,"Fracture of rib(s), sternum and thoracic spine","XIX Injury, poisoning and certain other consequences of external causes (ST19_)",XIX,12995,478997,https://storage.googleapis.com/finngen-public-data-r12/summary_stats/release/finngen_R12_ST19_FRACT_RIBS_STERNUM_THORACIC_SPINE.gz
ST19_FRACT_FEMUR,Fracture of femur,"XIX Injury, poisoning and certain other consequences of external causes (ST19_)",XIX,12229,476877,https://storage.googleapis.com/finngen-public-data-r12/summary_stats/release/finngen_R12_ST19_FRACT_FEMUR.gz
ST19_FRACT_FOOT_ANKLE,"Fracture of foot, except ankle","XIX Injury, poisoning and certain other consequences of external causes (ST19_)",XIX,10987,462569,https://storage.googleapis.com/finngen-public-data-r12/summary_stats/release/finngen_R12_ST19_FRACT_FOOT_ANKLE.gz
ST19_FRACT_SKULL_FACIAL_BONES,Fracture of skull and facial bones,"XIX Injury, poisoning and certain other consequences of external causes (ST19_)",XIX,9677,430988,https://storage.googleapis.com/finngen-public-data-r12/summary_stats/release/finngen_R12_ST19_FRACT_SKULL_FACIAL_BONES.gz
ST19_FRACT_LUMBAR_SPINE_PELVIS,Fracture of lumbar spine and pelvis,"XIX Injury, poisoning and certain other consequences of external causes (ST19_)",XIX,9061,481639,https://storage.googleapis.com/finngen-public-data-r12/summary_stats/release/finngen_R12_ST19_FRACT_LUMBAR_SPINE_PELVIS.gz
ST19_FRACT_NECK,Fracture of neck,"XIX Injury, poisoning and certain other consequences of external causes (ST19_)",XIX,2108,490069,https://storage.googleapis.com/finngen-public-data-r12/summary_stats/release/finngen_R12_ST19_FRACT_NECK.gz
O15_DELIV_SPONT,Single spontaneous delivery,"XV Pregnancy, childbirth and the puerperium (O15_)",XV,144966,119890,https://storage.googleapis.com/finngen-public-data-r12/summary_stats/release/finngen_R12_O15_DELIV_SPONT.gz
O15_PREG_ABORT,Pregnancy with abortive outcome,"XV Pregnancy, childbirth and the puerperium (O15_)",XV,82785,199279,https://storage.googleapis.com/finngen-public-data-r12/summary_stats/release/finngen_R12_O15_PREG_ABORT.gz
O15_COMPLIC_LAB_DELIV,Complications of labour and delivery,"XV Pregnancy, childbirth and the puerperium (O15_)",XV,67139,214925,https://storage.googleapis.com/finngen-public-data-r12/summary_stats/release/finngen_R12_O15_COMPLIC_LAB_DELIV.gz
O15_MATERN_CARE,Maternal care related to the fetus and amniotic cavity and possible delivery problems,"XV Pregnancy, childbirth and the puerperium (O15_)",XV,60878,221186,https://storage.googleapis.com/finngen-public-data-r12/summary_stats/release/finngen_R12_O15_MATERN_CARE.gz
O15_ABORT_MEDICAL,Medical abortion,"XV Pregnancy, childbirth and the puerperium (O15_)",XV,48485,199279,https://storage.googleapis.com/finngen-public-data-r12/summary_stats/release/finngen_R12_O15_ABORT_MEDICAL.gz
O15_PREG_OTHER_MAT_DISORD,Other maternal disorders predominantly related to pregnancy,"XV Pregnancy, childbirth and the puerperium (O15_)",XV,44158,237906,https://storage.googleapis.com/finngen-public-data-r12/summary_stats/release/finngen_R12_O15_PREG_OTHER_MAT_DISORD.gz
O15_ABORT_SPONTAN,Spontaneous abortion,"XV Pregnancy, childbirth and the puerperium (O15_)",XV,23167,199279,https://storage.googleapis.com/finngen-public-data-r12/summary_stats/release/finngen_R12_O15_ABORT_SPONTAN.gz
O15_FALSE_LAB,False labour,"XV Pregnancy, childbirth and the puerperium (O15_)",XV,21029,221186,https://storage.googleapis.com/finngen-public-data-r12/summary_stats/release/finngen_R12_O15_FALSE_LAB.gz
O15_HYPTENSPREG,Pregnancy hypertension,"XV Pregnancy, childbirth and the puerperium (O15_)",XV,20405,261659,https://storage.googleapis.com/finngen-public-data-r12/summary_stats/release/finngen_R12_O15_HYPTENSPREG.gz
O15_DELIV_CAESAR,Single delivery by caesarean section,"XV Pregnancy, childbirth and the puerperium (O15_)",XV,18567,119890,https://storage.googleapis.com/finngen-public-data-r12/summary_stats/release/finngen_R12_O15_DELIV_CAESAR.gz
O15_OTHER_MATERN_DIS_ELSEWHERE,"Other maternal diseases classifiable elsewhere but complicating pregnancy, childbirth and the puerperium","XV Pregnancy, childbirth and the puerperium (O15_)",XV,18286,263245,https://storage.googleapis.com/finngen-public-data-r12/summary_stats/release/finngen_R12_O15_OTHER_MATERN_DIS_ELSEWHERE.gz
O15_CONCEPT_ABNORM,Other abnormal products of conception,"XV Pregnancy, childbirth and the puerperium (O15_)",XV,16633,199279,https://storage.googleapis.com/finngen-public-data-r12/summary_stats/release/finngen_R12_O15_CONCEPT_ABNORM.gz
O15_MATERN_CARE_OTHER,Maternal care for other known or suspected fetal problems,"XV Pregnancy, childbirth and the puerperium (O15_)",XV,14538,221186,https://storage.googleapis.com/finngen-public-data-r12/summary_stats/release/finngen_R12_O15_MATERN_CARE_OTHER.gz
O15_PREEC_OR_FETGRO,Pre-eclampsia or poor fetal growth,"XV Pregnancy, childbirth and the puerperium (O15_)",XV,14303,267761,https://storage.googleapis.com/finngen-public-data-r12/summary_stats/release/finngen_R12_O15_PREEC_OR_FETGRO.gz
O15_MATERN_CARE_PELVIC_ABNORM,Maternal care for known or suspected abnormality of pelvic organs,"XV Pregnancy, childbirth and the puerperium (O15_)",XV,13143,221186,https://storage.googleapis.com/finngen-public-data-r12/summary_stats/release/finngen_R12_O15_MATERN_CARE_PELVIC_ABNORM.gz
O15_HAEMORRH_EARLY_PREG,Haemorrhage in early pregnancy,"XV Pregnancy, childbirth and the puerperium (O15_)",XV,13013,237906,https://storage.googleapis.com/finngen-public-data-r12/summary_stats/release/finngen_R12_O15_HAEMORRH_EARLY_PREG.gz
O15_LABOUR_FETAL_STRESS,Labour and delivery complicated by fetal stress [distress],"XV Pregnancy, childbirth and the puerperium (O15_)",XV,12168,214925,https://storage.googleapis.com/finngen-public-data-r12/summary_stats/release/finngen_R12_O15_LABOUR_FETAL_STRESS.gz
O15_GESTAT_HYPERT,Gestational [pregnancy-induced] hypertension,"XV Pregnancy, childbirth and the puerperium (O15_)",XV,12050,259313,https://storage.googleapis.com/finngen-public-data-r12/summary_stats/release/finngen_R12_O15_GESTAT_HYPERT.gz
O15_COMPLIC_PUERP,Complications predominantly related to the puerperium,"XV Pregnancy, childbirth and the puerperium (O15_)",XV,11836,270228,https://storage.googleapis.com/finngen-public-data-r12/summary_stats/release/finngen_R12_O15_COMPLIC_PUERP.gz
O15_POSTPART_HEAMORRH_ALLW,Postpartum haemorrhage,"XV Pregnancy, childbirth and the puerperium (O15_)",XV,11734,270330,https://storage.googleapis.com/finngen-public-data-r12/summary_stats/release/finngen_R12_O15_POSTPART_HEAMORRH_ALLW.gz
O15_PRETERM,Preterm labour and delivery,"XV Pregnancy, childbirth and the puerperium (O15_)",XV,11405,214925,https://storage.googleapis.com/finngen-public-data-r12/summary_stats/release/finngen_R12_O15_PRETERM.gz
O15_DELIV_FORCEP_VAC,Single delivery by forceps and vacuum extractor,"XV Pregnancy, childbirth and the puerperium (O15_)",XV,11333,119890,https://storage.googleapis.com/finngen-public-data-r12/summary_stats/release/finngen_R12_O15_DELIV_FORCEP_VAC.gz
O15_LABOUR_LONG,Long labour,"XV Pregnancy, childbirth and the puerperium (O15_)",XV,11260,214925,https://storage.googleapis.com/finngen-public-data-r12/summary_stats/release/finngen_R12_O15_LABOUR_LONG.gz
O15_LABOUR_MALPOS,Obstructed labour due to malposition and malpresentation of fetus,"XV Pregnancy, childbirth and the puerperium (O15_)",XV,10484,214925,https://storage.googleapis.com/finngen-public-data-r12/summary_stats/release/finngen_R12_O15_LABOUR_MALPOS.gz
O15_MEMBR_PREMAT_RUPT,Premature rupture of membranes,"XV Pregnancy, childbirth and the puerperium (O15_)",XV,10408,221186,https://storage.googleapis.com/finngen-public-data-r12/summary_stats/release/finngen_R12_O15_MEMBR_PREMAT_RUPT.gz
O15_PRE_OR_ECLAMPSIA,Pre-eclampsia or eclampsia,"XV Pregnancy, childbirth and the puerperium (O15_)",XV,9717,259181,https://storage.googleapis.com/finngen-public-data-r12/summary_stats/release/finngen_R12_O15_PRE_OR_ECLAMPSIA.gz
O15_PREG_MATERN_CARE,Maternal care for other conditions predominantly related to pregnancy,"XV Pregnancy, childbirth and the puerperium (O15_)",XV,9628,237906,https://storage.googleapis.com/finngen-public-data-r12/summary_stats/release/finngen_R12_O15_PREG_MATERN_CARE.gz
O15_PREECLAMPS,Pre-eclampsia,"XV Pregnancy, childbirth and the puerperium (O15_)",XV,9023,259313,https://storage.googleapis.com/finngen-public-data-r12/summary_stats/release/finngen_R12_O15_PREECLAMPS.gz
O15_MAT_CARE_MALPRESENT,Maternal care for known or suspected malpresentation of fetus,"XV Pregnancy, childbirth and the puerperium (O15_)",XV,8714,221186,https://storage.googleapis.com/finngen-public-data-r12/summary_stats/release/finngen_R12_O15_MAT_CARE_MALPRESENT.gz
O15_PREG_ECTOP,Ectopic pregnancy,"XV Pregnancy, childbirth and the puerperium (O15_)",XV,7586,199279,https://storage.googleapis.com/finngen-public-data-r12/summary_stats/release/finngen_R12_O15_PREG_ECTOP.gz
O15_DELIV_PERIN_LACER,Perineal laceration during delivery,"XV Pregnancy, childbirth and the puerperium (O15_)",XV,7500,214925,https://storage.googleapis.com/finngen-public-data-r12/summary_stats/release/finngen_R12_O15_DELIV_PERIN_LACER.gz
O15_MATERN_CARE_FETAL_ABNORM,Maternal care for known or suspected fetal abnormality and damage,"XV Pregnancy, childbirth and the puerperium (O15_)",XV,7051,221186,https://storage.googleapis.com/finngen-public-data-r12/summary_stats/release/finngen_R12_O15_MATERN_CARE_FETAL_ABNORM.gz
O15_PREG_PROLONGED,Prolonged pregnancy,"XV Pregnancy, childbirth and the puerperium (O15_)",XV,7049,221186,https://storage.googleapis.com/finngen-public-data-r12/summary_stats/release/finngen_R12_O15_PREG_PROLONGED.gz
O15_LABOUR_PELVIC_ABNORM,Obstructed labour due to maternal pelvic abnormality,"XV Pregnancy, childbirth and the puerperium (O15_)",XV,6313,214925,https://storage.googleapis.com/finngen-public-data-r12/summary_stats/release/finngen_R12_O15_LABOUR_PELVIC_ABNORM.gz
O15_AMNIOT_OTHER,Other disorders of amniotic fluid and membranes,"XV Pregnancy, childbirth and the puerperium (O15_)",XV,6066,221186,https://storage.googleapis.com/finngen-public-data-r12/summary_stats/release/finngen_R12_O15_AMNIOT_OTHER.gz
O15_POOR_FETGRO,Poor fetal growth,"XV Pregnancy, childbirth and the puerperium (O15_)",XV,5315,276749,https://storage.googleapis.com/finngen-public-data-r12/summary_stats/release/finngen_R12_O15_POOR_FETGRO.gz
O15_POSTPART_HAEMORRH_PLACENTA,Postpartum haemorrhage due to retained placenta,"XV Pregnancy, childbirth and the puerperium (O15_)",XV,5306,201742,https://storage.googleapis.com/finngen-public-data-r12/summary_stats/release/finngen_R12_O15_POSTPART_HAEMORRH_PLACENTA.gz
O15_PUERP_SEPSIS,Puerperal sepsis,"XV Pregnancy, childbirth and the puerperium (O15_)",XV,5246,270228,https://storage.googleapis.com/finngen-public-data-r12/summary_stats/release/finngen_R12_O15_PUERP_SEPSIS.gz
O15_RETAINED_PLAC_MEMB_NO_HEAMORRH,"Retained placenta and membranes, without haemorrhage","XV Pregnancy, childbirth and the puerperium (O15_)",XV,4995,214925,https://storage.googleapis.com/finngen-public-data-r12/summary_stats/release/finngen_R12_O15_RETAINED_PLAC_MEMB_NO_HEAMORRH.gz
O15_LABOUR_OTHER,"Other complications of labour and delivery, not elsewhere classified","XV Pregnancy, childbirth and the puerperium (O15_)",XV,4944,214925,https://storage.googleapis.com/finngen-public-data-r12/summary_stats/release/finngen_R12_O15_LABOUR_OTHER.gz
O15_LABOUR_ABNORM_FORCES,Abnormalities of forces of labour,"XV Pregnancy, childbirth and the puerperium (O15_)",XV,4378,214925,https://storage.googleapis.com/finngen-public-data-r12/summary_stats/release/finngen_R12_O15_LABOUR_ABNORM_FORCES.gz
O15_POSTPART_HAEMORRH_ANATOMY,Postpartum haemorrhage due to anatomy,"XV Pregnancy, childbirth and the puerperium (O15_)",XV,4372,202676,https://storage.googleapis.com/finngen-public-data-r12/summary_stats/release/finngen_R12_O15_POSTPART_HAEMORRH_ANATOMY.gz
O15_PREG_GU_INFECT,Infections of genitourinary tract in pregnancy,"XV Pregnancy, childbirth and the puerperium (O15_)",XV,4028,237906,https://storage.googleapis.com/finngen-public-data-r12/summary_stats/release/finngen_R12_O15_PREG_GU_INFECT.gz
O15_MULTIP_GEST,Multiple gestation,"XV Pregnancy, childbirth and the puerperium (O15_)",XV,3921,221186,https://storage.googleapis.com/finngen-public-data-r12/summary_stats/release/finngen_R12_O15_MULTIP_GEST.gz
O15_TWIN_GEST,Twin gestation,"XV Pregnancy, childbirth and the puerperium (O15_)",XV,3795,221186,https://storage.googleapis.com/finngen-public-data-r12/summary_stats/release/finngen_R12_O15_TWIN_GEST.gz
O15_ANTEPART_HAEM_NAS,"Antepartum haemorrhage, not elsewhere classified","XV Pregnancy, childbirth and the puerperium (O15_)",XV,3627,221186,https://storage.googleapis.com/finngen-public-data-r12/summary_stats/release/finngen_R12_O15_ANTEPART_HAEM_NAS.gz
O15_ANTENAT_ABNORM,Abnormal findings on antenatal screening of mother,"XV Pregnancy, childbirth and the puerperium (O15_)",XV,3609,237906,https://storage.googleapis.com/finngen-public-data-r12/summary_stats/release/finngen_R12_O15_ANTENAT_ABNORM.gz
O15_GESTAT_OEDEM_PREINUR,Gestational [pregnancy-induced] oedema and proteinuria without hypertension,"XV Pregnancy, childbirth and the puerperium (O15_)",XV,3491,259313,https://storage.googleapis.com/finngen-public-data-r12/summary_stats/release/finngen_R12_O15_GESTAT_OEDEM_PREINUR.gz
O15_ICP_WIDE,"Intrahepatic Cholestasis of Pregnancy (ICP) , incl. ICD-8","XV Pregnancy, childbirth and the puerperium (O15_)",XV,3482,278582,https://storage.googleapis.com/finngen-public-data-r12/summary_stats/release/finngen_R12_O15_ICP_WIDE.gz
O15_ICP_WIDE_EXMORE,"Intrahepatic Cholestasis of Pregnancy (ICP) , incl. ICD-8 (more control exclusions)","XV Pregnancy, childbirth and the puerperium (O15_)",XV,3482,176660,https://storage.googleapis.com/finngen-public-data-r12/summary_stats/release/finngen_R12_O15_ICP_WIDE_EXMORE.gz
O15_EXCESS_VOMIT_PREG,Excessive vomiting in pregnancy,"XV Pregnancy, childbirth and the puerperium (O15_)",XV,3329,237906,https://storage.googleapis.com/finngen-public-data-r12/summary_stats/release/finngen_R12_O15_EXCESS_VOMIT_PREG.gz
O15_DELIV_MULTIP,Multiple delivery,"XV Pregnancy, childbirth and the puerperium (O15_)",XV,3271,119890,https://storage.googleapis.com/finngen-public-data-r12/summary_stats/release/finngen_R12_O15_DELIV_MULTIP.gz
O15_EXIST_HYPERT_COMPLIC,"Pre-existing hypertension complicating pregnancy, childbirth and the puerperium","XV Pregnancy, childbirth and the puerperium (O15_)",XV,3174,259313,https://storage.googleapis.com/finngen-public-data-r12/summary_stats/release/finngen_R12_O15_EXIST_HYPERT_COMPLIC.gz
O15_PUERP_INFECT_OTHER,Other puerperal infections,"XV Pregnancy, childbirth and the puerperium (O15_)",XV,3168,270228,https://storage.googleapis.com/finngen-public-data-r12/summary_stats/release/finngen_R12_O15_PUERP_INFECT_OTHER.gz
O15_LABOUR_OBSTR_OTHER,Other obstructed labour,"XV Pregnancy, childbirth and the puerperium (O15_)",XV,3047,214925,https://storage.googleapis.com/finngen-public-data-r12/summary_stats/release/finngen_R12_O15_LABOUR_OBSTR_OTHER.gz
O15_ICP_EXMORE,Intrahepatic Cholestasis of Pregnancy (ICP)  (more control exclusions),"XV Pregnancy, childbirth and the puerperium (O15_)",XV,2853,177289,https://storage.googleapis.com/finngen-public-data-r12/summary_stats/release/finngen_R12_O15_ICP_EXMORE.gz
O15_FAILED_INDUCT,Failed induction of labour,"XV Pregnancy, childbirth and the puerperium (O15_)",XV,2255,214925,https://storage.googleapis.com/finngen-public-data-r12/summary_stats/release/finngen_R12_O15_FAILED_INDUCT.gz
O15_OBSTET_TRAUMA_OTHER,Other obstetric trauma,"XV Pregnancy, childbirth and the puerperium (O15_)",XV,2104,214925,https://storage.googleapis.com/finngen-public-data-r12/summary_stats/release/finngen_R12_O15_OBSTET_TRAUMA_OTHER.gz
O15_LABOUR_UMBILICAL,Labour and delivery complicated by umbilical cord complications,"XV Pregnancy, childbirth and the puerperium (O15_)",XV,1975,214925,https://storage.googleapis.com/finngen-public-data-r12/summary_stats/release/finngen_R12_O15_LABOUR_UMBILICAL.gz
O15_ABORT_UNS,Unspecified abortion,"XV Pregnancy, childbirth and the puerperium (O15_)",XV,1965,199279,https://storage.googleapis.com/finngen-public-data-r12/summary_stats/release/finngen_R12_O15_ABORT_UNS.gz
O15_LABOUR_INTRAPART_HAEMORRH,"Labour and delivery complicated by intrapartum haemorrhage, not elsewhere classified","XV Pregnancy, childbirth and the puerperium (O15_)",XV,1896,214925,https://storage.googleapis.com/finngen-public-data-r12/summary_stats/release/finngen_R12_O15_LABOUR_INTRAPART_HAEMORRH.gz
O15_PLAC_PRAEVIA,Placenta praevia,"XV Pregnancy, childbirth and the puerperium (O15_)",XV,1815,221186,https://storage.googleapis.com/finngen-public-data-r12/summary_stats/release/finngen_R12_O15_PLAC_PRAEVIA.gz
O15_POLYHYDR,Polyhydramnios,"XV Pregnancy, childbirth and the puerperium (O15_)",XV,1811,221186,https://storage.googleapis.com/finngen-public-data-r12/summary_stats/release/finngen_R12_O15_POLYHYDR.gz
O15_MATERN_CARE_DISPROP,Maternal care for known or suspected disproportion,"XV Pregnancy, childbirth and the puerperium (O15_)",XV,1736,221186,https://storage.googleapis.com/finngen-public-data-r12/summary_stats/release/finngen_R12_O15_MATERN_CARE_DISPROP.gz
O15_PUERP_COMPL_NAS,"Complications of the puerperium, not elsewhere classified","XV Pregnancy, childbirth and the puerperium (O15_)",XV,1576,270228,https://storage.googleapis.com/finngen-public-data-r12/summary_stats/release/finngen_R12_O15_PUERP_COMPL_NAS.gz
O15_MATERN_CARE_CERVICAL_INCOMPETENCE,Maternal care for cervical incompetence,"XV Pregnancy, childbirth and the puerperium (O15_)",XV,1428,268921,https://storage.googleapis.com/finngen-public-data-r12/summary_stats/release/finngen_R12_O15_MATERN_CARE_CERVICAL_INCOMPETENCE.gz
O15_BIRTH_BREAT_INFECT,Infections of breast associated with childbirth,"XV Pregnancy, childbirth and the puerperium (O15_)",XV,1398,270228,https://storage.googleapis.com/finngen-public-data-r12/summary_stats/release/finngen_R12_O15_BIRTH_BREAT_INFECT.gz
O15_COMPLIC_ABORT_ECTOP_MOLAR,Complications following abortion and ectopic and molar pregnancy,"XV Pregnancy, childbirth and the puerperium (O15_)",XV,1274,199279,https://storage.googleapis.com/finngen-public-data-r12/summary_stats/release/finngen_R12_O15_COMPLIC_ABORT_ECTOP_MOLAR.gz
O15_PLAC_PREMAT_SEPAR,Premature separation of placenta [abruptio placentae],"XV Pregnancy, childbirth and the puerperium (O15_)",XV,875,221186,https://storage.googleapis.com/finngen-public-data-r12/summary_stats/release/finngen_R12_O15_PLAC_PREMAT_SEPAR.gz
O15_MATERN_INFECT_ELSEWHERE,"Maternal infectious and parasitic diseases classifiable elsewhere but complicating pregnancy, childbirth and  the puerperium","XV Pregnancy, childbirth and the puerperium (O15_)",XV,743,263245,https://storage.googleapis.com/finngen-public-data-r12/summary_stats/release/finngen_R12_O15_MATERN_INFECT_ELSEWHERE.gz
O15_PREG_VENOUS_HAEMORRH,Venous complications and haemorrhoids in pregnancy,"XV Pregnancy, childbirth and the puerperium (O15_)",XV,685,237906,https://storage.googleapis.com/finngen-public-data-r12/summary_stats/release/finngen_R12_O15_PREG_VENOUS_HAEMORRH.gz
O15_BREAST_LACT_OTHER_DIS,Other disorders of breast and lactation associated with childbirth,"XV Pregnancy, childbirth and the puerperium (O15_)",XV,652,270228,https://storage.googleapis.com/finngen-public-data-r12/summary_stats/release/finngen_R12_O15_BREAST_LACT_OTHER_DIS.gz
O15_DELIV_OTHER_ASSIST,Other assisted single delivery,"XV Pregnancy, childbirth and the puerperium (O15_)",XV,628,119890,https://storage.googleapis.com/finngen-public-data-r12/summary_stats/release/finngen_R12_O15_DELIV_OTHER_ASSIST.gz
O15_PREG_HYDAT,Hydatidiform mole,"XV Pregnancy, childbirth and the puerperium (O15_)",XV,524,199279,https://storage.googleapis.com/finngen-public-data-r12/summary_stats/release/finngen_R12_O15_PREG_HYDAT.gz
P16_RESPI_CARDIOV_DISORD_SPECIFIC_PERINA_PERIOD,Respiratory and cardiovascular disorders specific to the perinatal period,XVI Certain conditions originating in the perinatal period (P16_),XVI,872,499476,https://storage.googleapis.com/finngen-public-data-r12/summary_stats/release/finngen_R12_P16_RESPI_CARDIOV_DISORD_SPECIFIC_PERINA_PERIOD.gz
P16_DISORD_RELATED_GESTATION_LOW_BIRTHWGHTT_NECIFIED,"Disorders related to short gestation and low birth weight, not elsewhere classified",XVI Certain conditions originating in the perinatal period (P16_),XVI,782,499424,https://storage.googleapis.com/finngen-public-data-r12/summary_stats/release/finngen_R12_P16_DISORD_RELATED_GESTATION_LOW_BIRTHWGHTT_NECIFIED.gz
Q17_VACTREL,"Vertebral, anorectal, cardiavascular, thracheoesophagial, renal and limb anomaly","XVII Congenital malformations, deformations and chromosomal abnormalities (Q17)",XVII,6938,493410,https://storage.googleapis.com/finngen-public-data-r12/summary_stats/release/finngen_R12_Q17_VACTREL.gz
Q17_CONGEN_MALFO_CIRCULATO_SYSTEM,Congenital malformations of the circulatory system,"XVII Congenital malformations, deformations and chromosomal abnormalities (Q17)",XVII,5918,494430,https://storage.googleapis.com/finngen-public-data-r12/summary_stats/release/finngen_R12_Q17_CONGEN_MALFO_CIRCULATO_SYSTEM.gz
Q17_CONGEN_MALFO_GENITAL_ORGANS,Congenital malformations of genital organs,"XVII Congenital malformations, deformations and chromosomal abnormalities (Q17)",XVII,3957,496391,https://storage.googleapis.com/finngen-public-data-r12/summary_stats/release/finngen_R12_Q17_CONGEN_MALFO_GENITAL_ORGANS.gz
Q17_LVOTO_BROAD,"Left ventricular outflow tract obstruction (LVOTO), broad definition","XVII Congenital malformations, deformations and chromosomal abnormalities (Q17)",XVII,3879,496469,https://storage.googleapis.com/finngen-public-data-r12/summary_stats/release/finngen_R12_Q17_LVOTO_BROAD.gz
Q17_CONGEN_MALFO_DEFORMAT_MUSCULOS_SYSTEM,Congenital malformations and deformations of the musculoskeletal system,"XVII Congenital malformations, deformations and chromosomal abnormalities (Q17)",XVII,3646,496702,https://storage.googleapis.com/finngen-public-data-r12/summary_stats/release/finngen_R12_Q17_CONGEN_MALFO_DEFORMAT_MUSCULOS_SYSTEM.gz
Q17_OTHER_CONGEN_MALFO,Other congenital malformations,"XVII Congenital malformations, deformations and chromosomal abnormalities (Q17)",XVII,3493,496855,https://storage.googleapis.com/finngen-public-data-r12/summary_stats/release/finngen_R12_Q17_OTHER_CONGEN_MALFO.gz
Q17_CONGEN_MALFO_EYE_EAR_FACE_NECK,"Congenital malformations of eye, ear, face and neck","XVII Congenital malformations, deformations and chromosomal abnormalities (Q17)",XVII,2617,497731,https://storage.googleapis.com/finngen-public-data-r12/summary_stats/release/finngen_R12_Q17_CONGEN_MALFO_EYE_EAR_FACE_NECK.gz
Q17_SEPTA_DEFEC,Septal defects,"XVII Congenital malformations, deformations and chromosomal abnormalities (Q17)",XVII,2420,497928,https://storage.googleapis.com/finngen-public-data-r12/summary_stats/release/finngen_R12_Q17_SEPTA_DEFEC.gz
Q17_CONGEN_MALFO_OVARIES_FALLOP_TUBES_BROAD_LIGAM,"Congenital malformations of ovaries, fallopian tubes and broad ligaments","XVII Congenital malformations, deformations and chromosomal abnormalities (Q17)",XVII,2215,278792,https://storage.googleapis.com/finngen-public-data-r12/summary_stats/release/finngen_R12_Q17_CONGEN_MALFO_OVARIES_FALLOP_TUBES_BROAD_LIGAM.gz
Q17_CONGEN_MALFO_URINARY_SYSTEM,Congenital malformations of the urinary system,"XVII Congenital malformations, deformations and chromosomal abnormalities (Q17)",XVII,2168,498180,https://storage.googleapis.com/finngen-public-data-r12/summary_stats/release/finngen_R12_Q17_CONGEN_MALFO_URINARY_SYSTEM.gz
Q17_LVOTO_NARROW,"Left ventricular outflow tract obstruction, narrow definition","XVII Congenital malformations, deformations and chromosomal abnormalities (Q17)",XVII,1761,498587,https://storage.googleapis.com/finngen-public-data-r12/summary_stats/release/finngen_R12_Q17_LVOTO_NARROW.gz
Q17_OTHER_CONGEN_MALFO_DIGES_SYSTEM1,Other congenital malformations of the digestive system,"XVII Congenital malformations, deformations and chromosomal abnormalities (Q17)",XVII,1657,498691,https://storage.googleapis.com/finngen-public-data-r12/summary_stats/release/finngen_R12_Q17_OTHER_CONGEN_MALFO_DIGES_SYSTEM1.gz
Q17_OTHER_CONGEN_MALFO_SKIN,Other congenital malformations of skin,"XVII Congenital malformations, deformations and chromosomal abnormalities (Q17)",XVII,1515,496855,https://storage.googleapis.com/finngen-public-data-r12/summary_stats/release/finngen_R12_Q17_OTHER_CONGEN_MALFO_SKIN.gz
Q17_ASD,Atrial septal defect,"XVII Congenital malformations, deformations and chromosomal abnormalities (Q17)",XVII,1409,494430,https://storage.googleapis.com/finngen-public-data-r12/summary_stats/release/finngen_R12_Q17_ASD.gz
Q17_BICUSP_AORTIC_VALVE,Bicuspidal aortic valve syndrome,"XVII Congenital malformations, deformations and chromosomal abnormalities (Q17)",XVII,1261,494430,https://storage.googleapis.com/finngen-public-data-r12/summary_stats/release/finngen_R12_Q17_BICUSP_AORTIC_VALVE.gz
Q17_CYSTIC_KIDNEY_DISEA,Cystic kidney disease,"XVII Congenital malformations, deformations and chromosomal abnormalities (Q17)",XVII,1142,498180,https://storage.googleapis.com/finngen-public-data-r12/summary_stats/release/finngen_R12_Q17_CYSTIC_KIDNEY_DISEA.gz
Q17_OTHER_CONGEN_MALFO_FACE_NECK,Other congenital malformations of face and neck,"XVII Congenital malformations, deformations and chromosomal abnormalities (Q17)",XVII,1095,497731,https://storage.googleapis.com/finngen-public-data-r12/summary_stats/release/finngen_R12_Q17_OTHER_CONGEN_MALFO_FACE_NECK.gz
Q17_CONGEN_DEFORMITI_FEET,Congenital deformities of feet,"XVII Congenital malformations, deformations and chromosomal abnormalities (Q17)",XVII,937,496702,https://storage.googleapis.com/finngen-public-data-r12/summary_stats/release/finngen_R12_Q17_CONGEN_DEFORMITI_FEET.gz
Q17_OTHER_CONGEN_MALFO_CIRCULATO_SYSTEM,Other congenital malformations of circulatory system,"XVII Congenital malformations, deformations and chromosomal abnormalities (Q17)",XVII,884,494430,https://storage.googleapis.com/finngen-public-data-r12/summary_stats/release/finngen_R12_Q17_OTHER_CONGEN_MALFO_CIRCULATO_SYSTEM.gz
Q17_CONGEN_MALFO_NERVOUS_SYSTEM,Congenital malformations of the nervous system,"XVII Congenital malformations, deformations and chromosomal abnormalities (Q17)",XVII,823,499525,https://storage.googleapis.com/finngen-public-data-r12/summary_stats/release/finngen_R12_Q17_CONGEN_MALFO_NERVOUS_SYSTEM.gz
Q17_CONGEN_MALFO_UTERUS_CERVIX,Congenital malformations of uterus and cervix,"XVII Congenital malformations, deformations and chromosomal abnormalities (Q17)",XVII,776,278792,https://storage.googleapis.com/finngen-public-data-r12/summary_stats/release/finngen_R12_Q17_CONGEN_MALFO_UTERUS_CERVIX.gz
Q17_CONGEN_MALFO_GREAT_ARTERIES,Congenital malformations of great arteries,"XVII Congenital malformations, deformations and chromosomal abnormalities (Q17)",XVII,750,494430,https://storage.googleapis.com/finngen-public-data-r12/summary_stats/release/finngen_R12_Q17_CONGEN_MALFO_GREAT_ARTERIES.gz
Q17_CONGEN_OBSTRUCTIVE_DEFECTS_RENAL_PELVIS_CONGEN_MALFO_URETER,Congenital obstructive defects of renal pelvis and congenital malformations of ureter,"XVII Congenital malformations, deformations and chromosomal abnormalities (Q17)",XVII,720,498180,https://storage.googleapis.com/finngen-public-data-r12/summary_stats/release/finngen_R12_Q17_CONGEN_OBSTRUCTIVE_DEFECTS_RENAL_PELVIS_CONGEN_MALFO_URETER.gz
Q17_CONGEN_DEFORMITI_HIP,Congenital deformities of hip,"XVII Congenital malformations, deformations and chromosomal abnormalities (Q17)",XVII,671,496702,https://storage.googleapis.com/finngen-public-data-r12/summary_stats/release/finngen_R12_Q17_CONGEN_DEFORMITI_HIP.gz
Q17_CHROMOSOMAL_ABNORMALITI_NOT_ELSEW_CLASSIFIED,"Chromosomal abnormalities, not elsewhere classified","XVII Congenital malformations, deformations and chromosomal abnormalities (Q17)",XVII,646,499702,https://storage.googleapis.com/finngen-public-data-r12/summary_stats/release/finngen_R12_Q17_CHROMOSOMAL_ABNORMALITI_NOT_ELSEW_CLASSIFIED.gz
Q17_CONGEN_MALFO_BREAST,Congenital malformations of breast,"XVII Congenital malformations, deformations and chromosomal abnormalities (Q17)",XVII,620,496855,https://storage.googleapis.com/finngen-public-data-r12/summary_stats/release/finngen_R12_Q17_CONGEN_MALFO_BREAST.gz
Q17_CLEFT_LIP_CLEFT_PALATE,"Cleft lip, lip and palate or palate","XVII Congenital malformations, deformations and chromosomal abnormalities (Q17)",XVII,600,499748,https://storage.googleapis.com/finngen-public-data-r12/summary_stats/release/finngen_R12_Q17_CLEFT_LIP_CLEFT_PALATE.gz
Q17_ANKYLOGLOSSIA,Ankyloglossia,"XVII Congenital malformations, deformations and chromosomal abnormalities (Q17)",XVII,594,499754,https://storage.googleapis.com/finngen-public-data-r12/summary_stats/release/finngen_R12_Q17_ANKYLOGLOSSIA.gz
Q17_CONGEN_MALFO_RESPI_SYSTEM,Congenital malformations of the respiratory system,"XVII Congenital malformations, deformations and chromosomal abnormalities (Q17)",XVII,585,499763,https://storage.googleapis.com/finngen-public-data-r12/summary_stats/release/finngen_R12_Q17_CONGEN_MALFO_RESPI_SYSTEM.gz
Q17_OTHER_SPECIFE_CONGEN_MALFO_SYNDR_AFFECTING_MULTIPLE_SYSTEMS,Other specified congenital malformation syndromes affecting multiple systems,"XVII Congenital malformations, deformations and chromosomal abnormalities (Q17)",XVII,585,496855,https://storage.googleapis.com/finngen-public-data-r12/summary_stats/release/finngen_R12_Q17_OTHER_SPECIFE_CONGEN_MALFO_SYNDR_AFFECTING_MULTIPLE_SYSTEMS.gz
Q17_OTHER_CONGEN_MALFO_TONGUE_MOUTH_PHARYNX,"Other congenital malformations of tongue, mouth and pharynx","XVII Congenital malformations, deformations and chromosomal abnormalities (Q17)",XVII,531,498691,https://storage.googleapis.com/finngen-public-data-r12/summary_stats/release/finngen_R12_Q17_OTHER_CONGEN_MALFO_TONGUE_MOUTH_PHARYNX.gz
Q17_CONGEN_MALFO_MUSCULOS_SYSTEM_NOT_ELSEW_CLASSIFIED,"Congenital malformations of the musculoskeletal system, not elsewhere classified","XVII Congenital malformations, deformations and chromosomal abnormalities (Q17)",XVII,526,496702,https://storage.googleapis.com/finngen-public-data-r12/summary_stats/release/finngen_R12_Q17_CONGEN_MALFO_MUSCULOS_SYSTEM_NOT_ELSEW_CLASSIFIED.gz
R18_RETEN_URINE,Retention of urine,"XVIII Symptoms, signs and abnormal clinical and laboratory findings, not elsewhere classified (R18_)",XVIII,15722,453777,https://storage.googleapis.com/finngen-public-data-r12/summary_stats/release/finngen_R12_R18_RETEN_URINE.gz
R18_ANOREXIA,Anorexia,"XVIII Symptoms, signs and abnormal clinical and laboratory findings, not elsewhere classified (R18_)",XVIII,546,499802,https://storage.googleapis.com/finngen-public-data-r12/summary_stats/release/finngen_R12_R18_ANOREXIA.gz
Z21_PROCREATIVE_MANAG,Procreative management,XXI Factors influencing health status and contact with health services (Z21_),XXI,17610,389530,https://storage.googleapis.com/finngen-public-data-r12/summary_stats/release/finngen_R12_Z21_PROCREATIVE_MANAG.gz
Z21_PROBL_RELATED_MEDICAL_FACILITI_OTH_HEALTH_CARE,Problems related to medical facilities and other health care,XXI Factors influencing health status and contact with health services (Z21_),XXI,2504,400757,https://storage.googleapis.com/finngen-public-data-r12/summary_stats/release/finngen_R12_Z21_PROBL_RELATED_MEDICAL_FACILITI_OTH_HEALTH_CARE.gz
Z21_TOBAC_USE,Tobacco use,XXI Factors influencing health status and contact with health services (Z21_),XXI,1887,498461,https://storage.googleapis.com/finngen-public-data-r12/summary_stats/release/finngen_R12_Z21_TOBAC_USE.gz
Z21_KIDNEY_TRANSPLANT_STATUS,Kidney transplant status,XXI Factors influencing health status and contact with health services (Z21_),XXI,1840,493510,https://storage.googleapis.com/finngen-public-data-r12/summary_stats/release/finngen_R12_Z21_KIDNEY_TRANSPLANT_STATUS.gz
U22_COVID19_CONFIRMED,Covid-19 confirmed case,XXII Codes for special purposes (U22_),XXII,12478,478886,https://storage.googleapis.com/finngen-public-data-r12/summary_stats/release/finngen_R12_U22_COVID19_CONFIRMED.gz
U22_COVID19_SUSPECTED,Covid-19 suspected case,XXII Codes for special purposes (U22_),XXII,9587,478886,https://storage.googleapis.com/finngen-public-data-r12/summary_stats/release/finngen_R12_U22_COVID19_SUSPECTED.gz
