z	condmean	condvar	z_std_diff	logLR	rsid	z_obs	abs_diff	outlier
-1.47533470927568	-1.42334168442883	0.143386853566077	-0.137306285064017	-8.32594590173244	rs10082154	-1.47540983606557	0.0520681516367423	FALSE
-1.6059508526482	-1.77933424999856	0.153928677412775	0.441924154339741	-8.87106605979005	rs10127904	-1.60606060606061	0.173273643937957	FALSE
1.64873234788475	1.55813503268804	0.14469673693	0.238169398075525	-8.83739529947493	rs10157327	1.64885496183206	0.0907199291440244	FALSE
-1.62867139172462	-1.77731231524378	0.153928677412683	0.37885988756907	-8.95038521335946	rs10158414	-1.62878787878788	0.148524436455899	FALSE
0.955449146567789	1.54704416299766	0.145011156096695	-1.55354486346761	-5.83233531434745	rs10158940	0.955445544554455	0.591598618443202	FALSE
1.62583856282636	1.48411634981892	0.144545485525814	0.372765455541519	-8.59475070425341	rs1019829	1.62595419847328	0.141837848654361	FALSE
0.995025302974667	1.38488197982516	0.146733374174723	-1.01774862507436	-6.46981444902041	rs1019830	0.995024875621891	0.389857104203273	FALSE
-3.41196150360294	-3.43591205559822	0.144827604202379	0.0629346547325407	-19.4422902497011	rs1032979	-3.41353383458647	0.0223782210117554	FALSE
3.42378336551471	3.43562118354001	0.144827604202374	-0.0311061302618495	-19.4902611631915	rs1032980	3.42537313432836	0.0102480492116466	FALSE
-0.698645613047798	-0.877407121769579	0.16570445652544	0.439143963256936	-4.53333280565854	rs1041250	-0.698630136986301	0.178776984783278	FALSE
-1.38744445793078	-0.923912793930474	0.145535699620039	-1.21505136401936	-6.01447732547794	rs10429943	-1.3875	0.463587206069526	FALSE
-1.17498064806031	-0.930204721950916	0.145535699620066	-0.6416289241852	-6.26793630697685	rs10429953	-1.175	0.244795278049084	FALSE
-0.708948976957067	-0.157384610859907	0.162868196275926	-1.36671530359786	-1.39762766370775	rs1044145	-0.708933717579251	0.551549106719344	FALSE
1.80458565856325	2.17021986239391	0.143933713604654	-0.963752572686202	-9.78758622087826	rs10442696	1.8047619047619	0.365457957632004	FALSE
0.120972900101711	0.187708823791235	0.148687747113114	-0.173070116221354	-0.476010950377551	rs10449303	0.120967741935484	0.0667410818557508	FALSE
-1.04347424921859	-0.953562462618629	0.154415012211836	-0.228808348986203	-6.06260583511741	rs10449311	-1.04347826086957	0.0899157982509367	FALSE
-2.967746776235	-2.98858992173557	0.14989036635422	0.0538364481540677	-15.8047166365778	rs1048971	-2.96875	0.019839921735568	FALSE
-1.27045804124041	-1.34443246003522	0.144354615629555	0.194700122302466	-7.76849366993198	rs10494884	-1.27049180327869	0.0739406567565362	FALSE
-1.16258393623439	-1.26185783107184	0.144051671611548	0.261562759078824	-7.36043707790187	rs10494885	-1.16260162601626	0.099256205055579	FALSE
2.34990497060232	2.12918472680047	0.14375139598017	0.582151648705471	-11.4824888448085	rs10494889	2.35036496350365	0.221180236703176	FALSE
1.78078503729638	2.17065495265889	0.143933713604653	-1.02763398502397	-9.63962512728975	rs10494890	1.78095238095238	0.389702571706507	FALSE
-0.1456851826796	-0.0326972823895808	0.149533553277025	-0.292188158522894	-0.100471137049591	rs10494891	-0.145679012345679	0.112981729956098	FALSE
-0.19060200756737	0.0237114880504604	0.150199100095239	-0.552988187962742	0.0943623533782873	rs10494892	-0.190594059405941	0.214305547456401	FALSE
2.31908711568049	1.90087658180006	0.166742786432169	1.02416856134989	-9.57466984694942	rs1060286	2.31952662721894	0.418650045418876	FALSE
0.845538885794794	0.822755441587406	0.159144829909492	0.0571114399886324	-5.03856248524116	rs1060287	0.845528455284553	0.0227730136971469	FALSE
-0.908114998163612	-0.26835872794003	0.144745246051841	-1.68156011072395	-1.89111019287339	rs10746364	-0.908108108108108	0.639749380168079	FALSE
-1.99974042267731	-2.07052946009779	0.144402272272189	0.186285474895859	-10.6843495693568	rs10746386	-2	0.0705294600977893	FALSE
0.672215114647459	0.0651607786187029	0.144263298730721	1.59826811771417	-0.630841568233003	rs10746399	0.672199170124481	0.607038391505778	FALSE
-0.443563804898418	-0.503175953781324	0.143387590234896	0.157426918435968	-3.22887737177871	rs10746450	-0.443548387096774	0.0596275666845499	FALSE
-0.435499142043961	-0.503292221983478	0.143387590234895	0.179031554241147	-3.19855096266192	rs10746451	-0.435483870967742	0.0678083510157364	FALSE
-0.435499142043961	-0.503292221983426	0.143387590234896	0.179031554241008	-3.19855096266179	rs10746452	-0.435483870967742	0.0678083510156838	FALSE
1.78815109714385	1.69623665869798	0.142971833692343	0.243085186850137	-9.41863617452201	rs10746462	1.78832116788321	0.0920845091852354	FALSE
1.78815109714385	1.69623665869792	0.142971833692344	0.243085186850298	-9.41863617452181	rs10746463	1.78832116788321	0.0920845091852964	FALSE
2.02411890614586	1.87080019692105	0.159566949154349	0.383816537733167	-9.77382668454372	rs10779277	2.02439024390244	0.153590046981393	FALSE
-0.338396804843638	-0.602857929364142	0.219432111406901	0.564562138240332	-2.31037770109763	rs10779311	-0.338383838383838	0.264474090980303	FALSE
-1	-1.07370067995597	0.145339889869945	0.193321021494005	-6.47668267306499	rs10779330	-1	0.0737006799559707	FALSE
-6.20332826052332	-6.15395977087614	0.151014572443967	-0.127039978665925	-38.7049221507132	rs10779335	-6.21341463414634	0.0594548632702043	FALSE
-1.17884190940375	-1.26154705767152	0.144051671611549	0.217908109743884	-7.41158859874962	rs10779339	-1.17886178861789	0.0826852690536375	FALSE
-1.16258393623439	-1.26185783107187	0.144051671611547	0.2615627590789	-7.36043707790192	rs10779340	-1.16260162601626	0.0992562050556074	FALSE
-1.20322871710737	-1.26108090047746	0.144051671611548	0.152426544015361	-7.48190492673825	rs10779341	-1.20325203252033	0.0578288679571388	FALSE
-2.20118401532894	-2.03918717436047	0.146478389235032	-0.423272221807022	-10.9054327958271	rs10779350	-2.2015503875969	0.162363213236429	FALSE
-1.14632588327266	-1.17414064072339	0.143730920069236	0.0733669008952371	-7.1801881290849	rs10779353	-1.14634146341463	0.0277991773087538	FALSE
-1.05690521553756	-1.22724537504327	0.144954151670471	0.447405913781917	-6.91520615174013	rs10779359	-1.05691056910569	0.170334805937582	FALSE
-1.44674007194446	-1.31742745087485	0.144548832585675	-0.340121135532881	-7.98356645107569	rs10779362	-1.4468085106383	0.129381059763452	FALSE
-1.28796327634903	-1.8754670260869	0.161097790649868	1.46374643598087	-6.93551888232259	rs10779386	-1.288	0.587467026086902	FALSE
-1.28796327634903	-1.87546702608691	0.161097790649865	1.46374643598091	-6.9355188823226	rs10779387	-1.288	0.58746702608691	FALSE
-2.2980815827528	-1.73770158883721	0.154013362700861	-1.42791850072392	-8.84215097361822	rs10779398	-2.29850746268657	0.560805873849357	FALSE
-0.52034162346819	-0.307610906116376	0.146565279230111	-0.555667062800287	-2.56050333630766	rs10863245	-0.520325203252033	0.212714297135656	FALSE
1.94331485182366	1.8791901123572	0.150797125190143	0.165131179323794	-9.94503321346985	rs10863322	1.94354838709677	0.0643582747395761	FALSE
-0.297721664883822	0.146665354305886	0.169708153414109	-1.0787231784249	0.783475507394317	rs10863336	-0.297709923664122	0.444375277970008	FALSE
1.56021443552268	0.881890579705675	0.151277074075795	1.74401627306363	-5.23302546532608	rs10863341	1.56031128404669	0.678420704341017	FALSE
-0.89640401735632	-0.398344123814061	0.147276587037231	-1.29782075662516	-2.89099470659021	rs10863358	-0.896396396396396	0.498052272582336	FALSE
-4.60707349847761	-6.39267161200993	0.150899142725231	4.59663830867289	-32.2269114143389	rs10863417	-4.61111111111111	1.78156050089882	FALSE
-6.21421835021599	-6.15321515856109	0.15101457244396	-0.156979567772425	-38.7039478366374	rs10863420	-6.22435897435898	0.0711438157978899	FALSE
-1.63368481471201	-1.93326030315891	0.181223293439041	0.703718983537818	-8.45751720271509	rs10863425	-1.63380281690141	0.299457486257504	FALSE
-1.68736509969482	-1.91811755925938	0.181223293439043	0.542049975902502	-8.67872677068951	rs10863426	-1.6875	0.230617559259379	FALSE
-1.17884190940375	-1.26154705767153	0.144051671611549	0.217908109743903	-7.41158859874964	rs10863434	-1.17886178861789	0.0826852690536444	FALSE
-2.24960457743555	-2.04790044093759	0.14393909699632	-0.531649509829908	-11.0562678636008	rs10863437	-2.25	0.202099559062411	FALSE
-1.57366993583463	-1.41193238303585	0.143671655685682	-0.426702629672695	-8.3496721538775	rs10863451	-1.57377049180328	0.161838108767432	FALSE
-2.12975534266264	-2.06000280671034	0.144062417797357	-0.183774247023388	-10.9826142291366	rs10863461	-2.13008130081301	0.0700784941026726	FALSE
-1.16258393623439	-1.18490031965008	0.145449274914192	0.0585151111199485	-7.21263184934396	rs10863463	-1.16260162601626	0.0222986936338239	FALSE
-1.75984027375833	-1.74111984461656	0.145507833361774	-0.0490763904619313	-9.43493760850786	rs10863505	-1.76	0.0188801553834446	FALSE
0.312989316288266	0.199203706400609	0.147972804918413	0.295798786881536	-1.24897847276526	rs10863593	0.312977099236641	0.113773392836032	FALSE
-1.38704131540892	-1.25664602404728	0.151139856454293	-0.335407219506766	-7.64865563953349	rs10864035	-1.38709677419355	0.130450750146271	FALSE
0.317769371522716	-0.106566200042509	0.146048570218821	1.11035227021268	0.699460052673878	rs10864081	0.317757009345794	0.424323209388303	FALSE
-0.291350119939567	-0.0863175475265147	0.14604857021882	-0.536505533596034	-0.52551418885516	rs10864083	-0.291338582677165	0.205021035150651	FALSE
-1.91344865997255	-1.96195865426473	0.161789045236459	0.120602599129059	-9.78512032027481	rs10864091	-1.9136690647482	0.0482895895165263	FALSE
-0.459693108000899	-0.502943417703017	0.143387590234896	0.11421770738679	-3.28634324749555	rs10864115	-0.459677419354839	0.0432659983481779	FALSE
-0.459693108000899	-0.502943417703028	0.143387590234896	0.11421770738682	-3.28634324749557	rs10864117	-0.459677419354839	0.0432659983481892	FALSE
1.58768176417114	1.53066734366439	0.145011156096679	0.149721443997911	-8.69324520896765	rs10864133	1.58778625954198	0.0571189158775907	FALSE
-1.51905279602641	-1.21451703752803	0.26977605359328	-0.586322548019663	-6.04017173455637	rs10864134	-1.51913875598086	0.304621718452834	FALSE
1.62583856282636	1.48411634981875	0.144545485525778	0.372765455542029	-8.59475070425348	rs10864144	1.62595419847328	0.141837848654537	FALSE
1.49991887287373	1.4767827646942	0.143635301498837	0.0610463512375889	-8.47520635804642	rs10864156	1.5	0.0232172353057956	FALSE
-0.411305109901798	-0.516819048814505	0.143167647003886	0.278860750742255	-3.13107546323867	rs10864159	-0.411290322580645	0.10552872623386	FALSE
-0.500016227531634	-0.520820563018463	0.143099594512183	0.0549964487444298	-3.46437331468051	rs10864161	-0.5	0.0208205630184629	FALSE
1.59690779195512	1.45396932153328	0.146395975716086	0.373580811498168	-8.45030945491416	rs10864167	1.59701492537313	0.143045603839857	FALSE
1.52976201845422	1.53878175687144	0.143529086639892	-0.0238080585601147	-8.64802839043403	rs10864175	1.52985074626866	0.00893101060278667	FALSE
1.50737969205965	1.53912684830232	0.143529086639892	-0.0837982344919712	-8.60232185621591	rs10864178	1.50746268656716	0.0316641617351585	FALSE
1.49991887287373	1.55265426494403	0.143815954185755	-0.13905885389394	-8.59809205410257	rs10864180	1.5	0.0526542649440329	FALSE
1.60134086182683	1.69915295774142	0.143913956140459	-0.257834547874452	-9.02515586214683	rs10864181	1.60144927536232	0.0977036823790989	FALSE
-0.346787395244892	-0.445958798089775	0.143501736013299	0.261792909133765	-2.64206978478578	rs10864188	-0.346774193548387	0.0991846045413875	FALSE
1.78815109714385	1.7481531570891	0.146112987314697	0.10463891194572	-9.48486646525578	rs10864231	1.78832116788321	0.0401680107941165	FALSE
-0.54547112650259	0.423210142157019	0.365899226968576	-1.60140122323584	1.78882806937355	rs10877	-0.545454545454545	0.968664687611565	FALSE
-1.20420189574406	-0.207170955875163	0.144839642079829	-2.61978055355698	-1.1222397244752	rs11117564	-1.20422535211268	0.997054396237514	FALSE
-1.2513817796687	-0.206006096188016	0.144839642079829	-2.74681033178786	-1.12153457141097	rs11117607	-1.25141242937853	1.04540633319052	FALSE
-3.53729888771569	-3.38651122637405	0.14971188834991	-0.389706510634738	-19.1757203012465	rs11117636	-3.5390625	0.152551273625951	FALSE
-3.57629894176276	-3.38420401478557	0.149711888349909	-0.496463988079938	-19.2434991924305	rs11117640	-3.578125	0.193920985214428	FALSE
-2.47832156998943	-2.28712962234965	0.151125099431841	-0.491814464613909	-12.0056591368426	rs11117641	-2.47887323943662	0.191743617086968	FALSE
-3.5684990435643	-3.38466545044128	0.149711888349911	-0.475112800848498	-19.2312813998531	rs11117651	-3.5703125	0.185647049558725	FALSE
2.04810388337853	1.90091307646993	0.149359890588815	0.380858535172775	-10.1659264705211	rs11117721	2.04838709677419	0.147474020304266	FALSE
1.55635581399413	1.59430857882276	0.165490535190653	-0.0932946713538704	-8.39586506968276	rs11117884	1.55645161290323	0.0378569659195367	FALSE
-0.914480163465158	-0.902667411614329	0.17684552431005	-0.0280901490999391	-5.2037202368885	rs11117911	-0.914473684210526	0.0118062725961969	FALSE
-0.914480163465158	-0.805992235184154	0.161342818275407	-0.270088813164616	-5.10191254362496	rs11117913	-0.914473684210526	0.108481449026373	FALSE
-0.878989540646328	-0.921363025051174	0.147994283800489	0.110146755031231	-5.62077012727904	rs11117949	-0.878980891719745	0.0423821333314284	FALSE
-0.516794914041606	-0.528294456251088	0.148325206365061	0.0298588495868991	-3.48178050937916	rs11117956	-0.516778523489933	0.0115159327611553	FALSE
-0.891727649101834	-0.920764235376912	0.147994283800489	0.0754784696209329	-5.66342788107981	rs11117959	-0.89171974522293	0.0290444901539819	FALSE
-1.27000850677126	-0.78778023018715	0.1469509688151	-1.25795888194333	-5.240163936055	rs11117991	-1.27004219409283	0.482261963905677	FALSE
-0.886084187933662	-0.95731684432229	0.144679630819183	0.187273119277844	-5.80019027048606	rs11118131	-0.886075949367089	0.0712408949552017	FALSE
-0.91139908436465	-0.973408106571899	0.146495386292113	0.162010405699688	-5.89926438698261	rs11118135	-0.911392405063291	0.062015701508608	FALSE
-0.91139908436465	-0.973408106571896	0.146495386292114	0.16201040569968	-5.89926438698259	rs11118136	-0.911392405063291	0.062015701508605	FALSE
-0.892412926028256	-0.974099270396174	0.146495386292114	0.213421165502975	-5.82762574475455	rs11118147	-0.892405063291139	0.081694207105035	FALSE
-0.68457949923198	-0.741853524241988	0.14670036442647	0.149534742939102	-4.50439797753022	rs11118157	-0.684563758389262	0.0572897658527264	FALSE
-1.03821306115671	-1.25456861938314	0.148089801214451	0.562218952587948	-6.78550464354374	rs11118166	-1.03821656050955	0.216352058873588	FALSE
-1.49364427593293	-0.930064880878314	0.147308738232159	-1.46838808472461	-5.7835014778695	rs11118167	-1.49372384937239	0.563658968494071	FALSE
-1.03124716746277	-1.00115954485047	0.147075070928438	-0.0784545868779422	-6.34708131165773	rs11118196	-1.03125	0.030090455149528	FALSE
-0.200008308609454	-1.00423188720463	0.210129112235985	1.75442048231175	-1.28121131329147	rs11118209	-0.2	0.804231887204633	FALSE
0.781263172675936	0.765342283421289	0.154044709830793	0.0405642945108918	-4.76215712080332	rs11118218	0.78125	0.0159077165787106	FALSE
-0.463173637792614	0.884200926354022	0.149965599070635	-3.47930515934328	3.35572298502852	rs11118220	-0.463157894736842	1.34735882109086	TRUE
-2.22542570485537	-1.9668426124848	0.143855290575172	-0.681768930210071	-10.6582750198038	rs11118237	-2.2258064516129	0.258963839128106	FALSE
-2.01612599498803	-1.76652413501778	0.144050319028165	-0.657643762042724	-9.72884455249052	rs11118238	-2.01639344262295	0.24986930760517	FALSE
-1.15445491965786	-1.23259501273111	0.143654511095977	0.20616469219819	-7.30562932328466	rs11118241	-1.15447154471545	0.0781234680156664	FALSE
-1.21948648591638	-1.23153464921624	0.143654511095977	0.0317878541037932	-7.47852620477968	rs11118242	-1.21951219512195	0.0120224540942908	FALSE
-1.74984383851655	-2.00953744471027	0.143686882209099	0.685097994984545	-9.65977337064939	rs11118253	-1.75	0.259537444710269	FALSE
-1.44255546496087	-1.36191762176699	0.143672528609352	-0.212741411115694	-8.12850905070542	rs11118268	-1.44262295081967	0.0807053290526818	FALSE
-1.91869623938564	-2.05396225547767	0.14393909699632	0.356532654216016	-10.398748085141	rs11118278	-1.91891891891892	0.13504333655875	FALSE
-1.4507503141309	-1.42369598939898	0.143386853566077	-0.0714466764493564	-8.29285440221464	rs11118280	-1.45081967213115	0.0271236827321721	FALSE
-2.20124649434363	-2.04878629873416	0.14393909699632	-0.401852880519206	-11.0336287468007	rs11118281	-2.20161290322581	0.152826604491642	FALSE
-2.23538560678686	-2.00150931227647	0.143686882209099	-0.616989315955511	-10.8388421301305	rs11118282	-2.23577235772358	0.234263045447108	FALSE
-2.73719856675132	-2.11357599207781	0.152230891524165	-1.59834465308254	-10.5607563004588	rs11118288	-2.7379679144385	0.624391922360693	FALSE
-1.278653388699	-1.34425824038185	0.144354615629553	0.172671483661334	-7.79037600495279	rs11118322	-1.27868852459016	0.0655697157916844	FALSE
-5.34426376441544	-5.1320287419283	0.174687423325719	-0.507792441593941	-31.9563764559287	rs11118328	-5.35064935064935	0.218620608721047	FALSE
-1.80522891492878	-2.00912135307406	0.144913282394172	0.535607959579185	-9.88693035378	rs11118337	-1.80540540540541	0.203715947668657	FALSE
1.29437840907254	1.03600758737285	0.144599741187679	0.679453450664753	-6.82917971477364	rs11118340	1.29441624365482	0.258408656281968	FALSE
-1.76200165916607	-2.07566355110509	0.144402272272191	0.825419537060873	-9.64901923470937	rs11118345	-1.76216216216216	0.313501388942931	FALSE
-1.98361899769574	-2.07087761057099	0.144402272272191	0.229626121932788	-10.6329748450065	rs11118354	-1.98387096774194	0.0870066428290546	FALSE
-1.98361899769574	-2.07087761057099	0.144402272272191	0.2296261219328	-10.6329748450065	rs11118359	-1.98387096774194	0.087006642829059	FALSE
-2.07287493204332	-2.05889879079463	0.144398343169173	-0.0367795300783787	-10.8569187742264	rs11118360	-2.07317073170732	0.0142719409126859	FALSE
-0.134837189307903	-0.19495010388829	0.146605582724753	0.156997425602568	-0.556998307423907	rs11118363	-0.134831460674157	0.0601186432141322	FALSE
-1.21135761190415	-1.26553210792807	0.145908973117837	0.141825355013718	-7.47752770503079	rs11118387	-1.21138211382114	0.0541499941069354	FALSE
0.568016649350276	0.235996231727666	0.14767229198279	0.864003066258753	-2.11565690340221	rs11118410	0.568	0.332003768272334	FALSE
-0.0158737025907333	-0.356162482020545	0.234136894621674	0.703254795109057	-0.0742414475828706	rs11118425	-0.0158730158730159	0.340289466147529	FALSE
-1.71985426136373	-1.75251557334626	0.144424043739159	0.0859436661552633	-9.39960855821552	rs11118451	-1.72	0.0325155733462554	FALSE
-1.75184312920605	-1.75181983017293	0.144424043739159	-6.13081411314199e-05	-9.46883831101072	rs11118453	-1.752	0.00018016982707314	FALSE
-1.88503757595054	-1.7833816493794	0.14811065038079	-0.264143275326006	-9.65892228805773	rs11118475	-1.88524590163934	0.101864252259939	FALSE
-1.83587721839533	-1.76221294747805	0.146039688526632	-0.192762009834128	-9.59225442360877	rs11118491	-1.83606557377049	0.0738526262924371	FALSE
-0.45754990099757	-0.741183708308112	0.160702033138293	0.707533991265814	-3.37016252285123	rs11118514	-0.457534246575342	0.28364946173277	FALSE
-2.23132302215033	-1.88297035838323	0.172332909761985	-0.839141162964536	-9.47427686743499	rs11118516	-2.23170731707317	0.348736958689939	FALSE
0.127591638196524	-0.886516418106136	0.147473507096462	2.64074963634574	0.899456815524001	rs11118555	0.127586206896552	1.01410262500269	FALSE
-2.27339932489992	-2.03429170017526	0.173960123290544	-0.573282350987028	-10.1162976639047	rs11118556	-2.27380952380952	0.239517823634261	FALSE
-0.702305477649016	-0.752927533143196	0.161515454542797	0.125960023679421	-4.39729305216503	rs11118557	-0.702290076335878	0.050637456807318	FALSE
1.4604547080495	1.09838804616848	0.146984031827427	0.944394523504236	-6.95327492236647	rs11118580	1.46052631578947	0.362138269620994	FALSE
0.684947241220483	1.02542644248216	0.146740480782787	-0.888823684261853	-4.76167325223197	rs11118612	0.684931506849315	0.340494935632848	FALSE
-0.913799627082121	-0.755322241316461	0.153695256547988	-0.404237934715768	-5.00025628965666	rs11118665	-0.913793103448276	0.158470862131815	FALSE
1.46659361733021	1.25385087603443	0.153382915684644	0.543208124049527	-7.61255316799856	rs11118668	1.46666666666667	0.212815790632235	FALSE
-1.45154336271025	-1.41269462194755	0.160958617353033	-0.0968322068699371	-7.97579120291925	rs11120092	-1.45161290322581	0.0389182812782596	FALSE
-1.36285265758647	-1.25832136831577	0.151139856454295	-0.268878950456144	-7.63701723654361	rs11120093	-1.36290322580645	0.104581857490677	FALSE
1.19678612092083	0.934818258149919	0.20997588486315	0.571693569102775	-5.33953237859662	rs11120132	1.1968085106383	0.261990252488379	FALSE
0.837409200003155	0.915229562964268	0.157605851660701	-0.196023023244846	-5.2845647070274	rs11120137	0.83739837398374	0.0778311889805283	FALSE
0.886187094318021	0.918210339225343	0.157888713557217	-0.0805916029077105	-5.45996316417679	rs11120148	0.886178861788618	0.0320314774367249	FALSE
-0.783796864685266	-1.32392392706439	0.153626891985069	1.37804155944001	-5.03566124334637	rs11120183	-0.783783783783784	0.54014014328061	FALSE
-1.03343161021386	-0.98703428143043	0.232269904537432	-0.0962712270083411	-5.04591775649872	rs11120184	-1.03343465045593	0.0464003690254969	FALSE
-1.057371648124	-0.955048229576234	0.152557711272195	-0.261973859804608	-6.13061115623729	rs11120191	-1.05737704918033	0.102328819604094	FALSE
-0.632828917847201	-0.988711237421301	0.152557711272195	0.911148847626936	-4.36259515023435	rs11120192	-0.6328125	0.355898737421302	FALSE
-0.837617653665097	-0.879975301124693	0.154277867352452	0.107840034473527	-5.25627384159775	rs11120211	-0.837606837606838	0.0423684635178558	FALSE
0.357968050732369	0.442227882086368	0.160642097840429	-0.210228166219148	-2.50493300615824	rs11120218	0.357954545454545	0.0842733366318221	FALSE
0.274075140145426	-0.155985206347928	0.148522175608597	1.11592176799168	0.874708816794801	rs11120232	0.274064171122995	0.430049377470922	FALSE
0.274075140145426	-0.155985206347929	0.148522175608597	1.11592176799169	0.87470881679481	rs11120233	0.274064171122995	0.430049377470924	FALSE
0.274075140145426	-0.105113694712262	0.146048570218821	0.992217508587583	0.603794240705552	rs11120235	0.274064171122995	0.379177865835257	FALSE
0.156256596493119	0.0366542154612741	0.14385015363865	0.315344064213507	-0.125356409989545	rs11120276	0.15625	0.119595784538726	FALSE
0.183886781342816	-0.00330018908336657	0.152971207575224	0.478597877061209	0.0124597598020867	rs11120277	0.183879093198992	0.187179282282359	FALSE
0.183886781342816	-0.00330018908337354	0.152971207575224	0.478597877061227	0.0124597598021129	rs11120278	0.183879093198992	0.187179282282366	FALSE
-0.121292300091894	0.0193722815917371	0.150199100095239	-0.362953587740821	0.0494764721797036	rs11120302	-0.121287128712871	0.140659410304608	FALSE
0.00726423684142695	0.0392898111704037	0.14385015363865	-0.0844387434476106	-0.00630539348267478	rs11120311	0.00726392251815981	0.0320258886522439	FALSE
0.0260674779428139	0.0891208017787839	0.165462201067877	-0.155009596790199	-0.0445226979845007	rs11120312	0.0260663507109005	0.0630544510678834	FALSE
-0.385801011798212	-0.188697483287299	0.156466826916403	-0.498291250364564	-1.34424194932851	rs11120314	-0.385786802030457	0.197089318743157	FALSE
-0.475822380053667	-0.502710882072371	0.143387590234897	0.0710085795175507	-3.33966785879022	rs11120427	-0.475806451612903	0.026904430459468	FALSE
-0.524209999020151	-0.502013278023291	0.143387590234896	-0.0586182758280097	-3.47610596264646	rs11120438	-0.524193548387097	0.0221802703638058	FALSE
0.980101173663918	1.49871563176955	0.144545485525779	-1.3640878915434	-6.14463021084497	rs11120485	0.980099502487562	0.518616129281985	FALSE
1.6411011109789	1.54375604381699	0.144473837448321	0.256105759224554	-8.79363225257181	rs11120492	1.6412213740458	0.0974653302288093	FALSE
1.73794326118409	2.16706722520407	0.144067181728089	-1.13057723851184	-9.3679373453357	rs11120512	1.73809523809524	0.428971987108833	FALSE
-0.379046303778882	-0.522318113318012	0.143099594512183	0.378740322411597	-2.99290675341386	rs11120557	-0.379032258064516	0.143285855253495	FALSE
1.49991887287373	1.4767827646942	0.143635301498838	0.0610463512375928	-8.4752063580464	rs11120586	1.5	0.0232172353057971	FALSE
-0.354852131502808	-0.472450056770004	0.146247776894647	0.30750701188855	-2.72984325404247	rs11120652	-0.354838709677419	0.117611347092585	FALSE
-2.35924591516547	-2.3933872341435	0.144320729074382	0.0898702475727195	-12.4509109738361	rs11120688	-2.35971223021583	0.033675003927669	FALSE
-0.338722653130992	-0.462485219932741	0.144446648245777	0.325638370973623	-2.63651540844015	rs11120690	-0.338709677419355	0.123775542513386	FALSE
-0.338722653130992	-0.462485219932749	0.144446648245777	0.325638370973642	-2.63651540844017	rs11120691	-0.338709677419355	0.123775542513394	FALSE
1.78815109714385	1.69623665869792	0.142971833692343	0.243085186850294	-9.41863617452183	rs11120733	1.78832116788321	0.0920845091852949	FALSE
0.55557217628372	-0.303519325067337	0.14474524605184	2.25806931072208	2.59686354931948	rs11120746	0.555555555555555	0.859074880622892	TRUE
2.05311232651356	1.98670387871317	0.144929347719427	0.174439631501732	-10.5991102885975	rs11120753	2.05339805825243	0.0666941795392597	FALSE
-1.20420189574406	-0.207170955875146	0.14483964207983	-2.61978055355702	-1.1222397244751	rs11120766	-1.20422535211268	0.99705439623753	FALSE
-1.20420189574406	-0.207170955875166	0.14483964207983	-2.61978055355696	-1.12223972447522	rs11120769	-1.20422535211268	0.99705439623751	FALSE
2.02066058207198	0.546587882465603	0.167480034795718	3.60194752694839	-2.92876680948314	rs111277983	2.02093023255814	1.47434235009254	FALSE
0.173592191038691	0.193509070269462	0.146605582724753	-0.0520170879601375	-0.707693319599694	rs111340461	0.173584905660377	0.0199241646090845	FALSE
-0.65021129983346	0.29480463147685	0.212711578031651	-2.04900758123058	2.16277520018134	rs111393278	-0.650195058517555	0.944999689994406	TRUE
-0.835238201928703	-0.426606884133961	0.179189497894415	-0.965329041493455	-3.03381602863996	rs111550667	-0.835227272727273	0.408620388593311	FALSE
-0.586655480240874	0.0497959355218483	0.14385015363865	-1.67807007176237	0.494553062444388	rs111649803	-0.586638830897704	0.636434766419552	FALSE
0.218661859352747	0.40508040688255	0.172064906516288	-0.449410244822582	-1.4768210133484	rs111750965	0.218652849740933	0.186427557141618	FALSE
-0.670119069176409	-0.316600051538345	0.1901109029779	-0.81079165370946	-2.43588681989221	rs111756768	-0.670103092783505	0.35350304124516	FALSE
0.35933557551756	0.866560923515056	0.1616340567931	-1.2616372762508	-2.62671585454494	rs1118426	0.359322033898305	0.507238889616751	FALSE
-0.197988029552503	0.0429206147489397	0.14385015363865	-0.63518059040945	0.18479430858929	rs111893227	-0.197979797979798	0.240900412728738	FALSE
-0.450015529795657	0.0473788473709222	0.14385015363865	-1.31143178805858	0.419139360321827	rs111953993	-0.45	0.497378847370922	FALSE
-0.128549894166049	-0.541979661847404	0.210613479376669	0.900862817303845	-0.927361683989075	rs111965710	-0.128544423440454	0.41343523840695	FALSE
0.238217270438219	0.03520437467028	0.14385015363865	0.535264524726893	-0.180988834277739	rs112019174	0.238207547169811	0.203003172499531	FALSE
0.201762761302828	0.0606937375393552	0.291313723876793	0.261367262078829	-0.13255244029231	rs112272621	0.201754385964912	0.141060648425557	FALSE
0.677530653157219	1.947017246848	0.192781982662214	-2.89131159377606	-3.38934048645958	rs112301835	0.677514792899408	1.26950245394859	FALSE
-1.49436469339593	-0.564134763882058	0.306525109834287	-1.68018568470095	-2.54512428729715	rs112338263	-1.49444444444444	0.930309680562386	FALSE
-1.13831396072975	-1.05952130183046	0.184721602169418	-0.183327203140337	-6.11401123535308	rs112341897	-1.13832853025937	0.0788072284289094	FALSE
1.66653847016688	1.34935933677143	0.152529717896456	0.812133405442146	-7.87305815576189	rs112430120	1.66666666666667	0.317307329895239	FALSE
-0.0566826068470215	0.542170202144948	0.279168249180564	-1.13341010308306	0.323708562157529	rs112447365	-0.0566801619433198	0.598850364088268	FALSE
-0.362916861768564	-0.444137135454282	0.144216646270578	0.213873389684729	-2.7106768515222	rs112455820	-0.362903225806452	0.0812339096478306	FALSE
-1.02908828057306	-0.882530660157497	0.177895366891969	-0.347477018336758	-5.35903934542078	rs112517105	-1.02909090909091	0.146560248933412	FALSE
2.42020721389519	0.915547295020787	0.397062985945066	2.38785884391268	-3.23255006472301	rs112543752	2.42071611253197	1.50516881751118	FALSE
-1.22577979336925	-0.895718330545605	0.17912665297597	-0.779856532838496	-5.5485697959143	rs112650531	-1.2258064516129	0.330088121067298	FALSE
1.21117395340981	-0.467657799457632	0.327210559233132	2.93490142875401	2.44557596145962	rs1126618	1.21119842829077	1.6788562277484	TRUE
3.70166723830342	2.33858058923366	0.285815939979109	2.54964808543616	-7.94660360257845	rs112771478	3.7037037037037	1.36512311447005	FALSE
0.189152629068865	0.0360723021168042	0.14385015363865	0.403612135776314	-0.148634885824775	rs112890530	0.189144736842105	0.153072434725301	FALSE
-1.36201856222322	-1.28792662544125	0.17294180843416	-0.178164408147114	-7.37652578306001	rs113001246	-1.36206896551724	0.0741423400759962	FALSE
0.262510576671626	-0.161294597211274	0.232483995135094	0.878961240130903	0.564815111793789	rs113092335	0.2625	0.423794597211274	FALSE
-0.46026674373838	0.0475601859009293	0.143850153638649	-1.33893829310044	0.426953070570422	rs113215497	-0.460251046025105	0.507811231926034	FALSE
0.183886781342816	-0.00330018908344394	0.152971207575224	0.478597877061407	0.0124597598023786	rs113463700	0.183879093198992	0.187179282282436	FALSE
0.253596765901886	0.982661531216492	0.327250555072244	-1.27445913326041	-1.58464498310533	rs113536382	0.253586497890295	0.729075033326197	FALSE
-1.51715590489162	-1.25325300422906	0.17294180843416	-0.634591375890282	-7.3166063047914	rs113630340	-1.51724137931035	0.263988375081284	FALSE
-0.86824029574414	-0.516538807256863	0.190729029014097	-0.80531503523883	-3.43691414807445	rs113698814	-0.868231046931408	0.351692239674545	FALSE
0.116555091637493	0.084450215105018	0.165451775219662	0.0789287615420429	-0.187879748943289	rs113753557	0.116550116550117	0.0320999014450986	FALSE
-0.303520696054387	-0.875884194087307	0.478833288968028	0.82714140554626	-1.48304967934313	rs113812519	-0.303508771929825	0.572375422157482	FALSE
0.200765913201283	0.192498665278207	0.146605582724753	0.0215916438223191	-0.810004647778359	rs113826410	0.200757575757576	0.00825891047936894	FALSE
-1.48851623981539	0.144842319398565	0.469909549569432	-2.38272760981294	0.628009370295185	rs114064385	-1.48859455481972	1.63343687421829	FALSE
-0.450015529795657	-0.129182321271516	0.204751770695904	-0.709031420772416	-0.832726449246281	rs114070305	-0.45	0.320817678728484	FALSE
0.32874543604083	-0.0757369074246804	0.237816113339527	0.829428453842316	0.32329285816292	rs114104549	0.328732747804266	0.404469655228946	FALSE
-0.63548437442126	-0.874003811096595	0.227161913842253	0.500444609331107	-3.74112378603808	rs114123218	-0.635467980295567	0.238535830801028	FALSE
0.827726634142423	1.02119023352716	0.145068486591336	-0.507940361098487	-5.6338319322139	rs114144376	0.827715355805244	0.193474877721918	FALSE
-0.538478083557861	-0.0174287241539002	0.301205047421874	-0.949396756505329	-0.09253714196592	rs114175569	-0.538461538461538	0.521032814307638	FALSE
0.334964324746835	-0.137013636095057	0.202263838357089	1.04945204290914	0.691275970797075	rs114223242	0.33495145631068	0.471965092405737	FALSE
0.138467415383044	0.251178166446759	0.145069811477174	-0.295921704910035	-0.734764205072285	rs1142469	0.138461538461538	0.112716627985221	FALSE
1.63606013802145	1.27128318047229	0.223912574517933	0.770882443683037	-6.74119946530229	rs114258167	1.63617886178862	0.364895681316329	FALSE
-0.171528239643128	0.268005547546016	0.279214802188676	-0.831807910305446	0.512217296444382	rs114291087	-0.171521035598705	0.439526583144721	FALSE
0.961435654024916	1.10890392507498	0.155654372034054	-0.373781606837987	-6.18288761065333	rs114382068	0.961432506887052	0.147471418187923	FALSE
1.54216153163785	1.30375617140336	0.143110853052756	0.630201932353429	-7.93785458466395	rs114383449	1.54225352112676	0.238497349723396	FALSE
0.981234822662601	1.01715162529054	0.145068486591336	-0.0942998773638005	-6.28554210284417	rs114384980	0.981233243967828	0.0359183813227155	FALSE
0.0113641280514942	-0.104498252473972	0.29865199771378	0.212011654531418	0.0126193187999936	rs114431842	0.0113636363636364	0.115861888837608	FALSE
1.10957794115454	1.14568035191256	0.171035466878352	-0.0872957527779863	-6.51528499198581	rs114462179	1.10958904109589	0.0360913108166714	FALSE
3.57174738708419	2.42170909294486	0.229544431565255	2.40037403802204	-9.32798062895953	rs114467562	3.57356608478803	1.15185699184317	FALSE
1.05614445637811	1.01518084661977	0.145068486591336	0.107550313334005	-6.49591889561773	rs114491310	1.05614973262032	0.0409688860005546	FALSE
1.34995195518282	0.818118547992306	0.169144268840663	1.29314424267614	-5.07079618297809	rs114495320	1.35	0.531881452007694	FALSE
1.03457131896717	1.01574840885392	0.145068486591336	0.0494197140457081	-6.44279878800277	rs114589181	1.03457446808511	0.0188260592311842	FALSE
-2.67762875197847	-1.63205364644239	0.243514574530154	-2.11881361445992	-6.36514258729163	rs114608601	-2.67834394904459	1.0462903026022	FALSE
1.04799554210581	1.01539523435124	0.145068486591336	0.0855923912582994	-6.47656783951278	rs114610598	1.048	0.0326047656487556	FALSE
1.200377897402	0.837665794230246	0.409748548062931	0.56663492086207	-3.70272968744006	rs114644769	1.20040080160321	0.36273500737296	FALSE
-2.426806842458	-1.54596423389051	0.241667603111002	-1.79179820435753	-6.45721989731893	rs114682379	-2.42732049036778	0.881356256477269	FALSE
0.244989884692167	-0.0557856878783536	0.145278224371714	0.789118637340799	0.291395925920164	rs114724166	0.244979919678715	0.300765607557068	FALSE
-0.27473626589396	-0.207542292742435	0.146429474794863	-0.175596586481134	-1.16756290508168	rs114776475	-0.274725274725275	0.0671829819828398	FALSE
0.876413289472895	0.630864085250979	0.16818056825749	0.598757026860734	-4.18669537605493	rs114790693	0.876404494382022	0.245540409131043	FALSE
0.28146110804182	-0.00927859387438663	0.188166341669497	0.670244671696017	0.0430375846631744	rs114798855	0.281449893390192	0.290728487264579	FALSE
1.41202718020036	1.28866734412336	0.186576996739195	0.285591142968842	-7.23565219395775	rs114870176	1.41208791208791	0.123420567964549	FALSE
1.21983239498567	1.60439890253659	0.14522041424056	-1.00915441042994	-7.38951711494344	rs11487877	1.21985815602837	0.384540746508217	FALSE
-0.939311142481536	-0.25841549913321	0.19770613189652	-1.53133597653067	-1.77299693849079	rs114886545	-0.939306358381503	0.680890859248293	FALSE
0.8902518945483	-0.860872276124752	0.356641904259025	2.93224839745458	3.7026444888971	rs114895372	0.890243902439024	1.75111617856378	TRUE
1.28421749738102	1.60424340065798	0.258486534114499	-0.629457148982072	-6.45057442214336	rs114932173	1.28425357873211	0.319989821925878	FALSE
0.187901917016087	-0.013153905184894	0.452317400331843	0.298947555435665	0.017303114262116	rs114937988	0.187894073139975	0.201047978324869	FALSE
-0.923535290016623	-1.57548846055404	0.190470159457479	1.493836026516	-5.18967751998665	rs114958511	-0.923529411764706	0.651959048789339	FALSE
1.10816848359001	1.01381215960167	0.145068486591336	0.247733348448939	-6.59893201468931	rs114995634	1.10817941952507	0.0943672599233969	FALSE
0.968423657475341	0.256598037958541	0.31832281306705	1.26165244226125	-1.62228510065185	rs115036404	0.968421052631579	0.711823014673038	FALSE
-0.730534222263658	-1.06746946714405	0.167913564836306	0.822249373962846	-4.75649737457245	rs115050353	-0.73051948051948	0.336949986624573	FALSE
-0.0586105861080057	-0.352948827869211	0.221254680760027	0.625749422796253	-0.286653264736466	rs115075067	-0.0586080586080586	0.294340769261152	FALSE
1.51722220094349	1.13109296454821	0.225496996791333	0.813134344924831	-6.13833105022103	rs115091535	1.51730769230769	0.386214727759487	FALSE
0.673840050167997	0.724214912110819	0.167087303672279	-0.123237291126805	-4.18517650900378	rs115096248	0.673824130879346	0.0503907812314737	FALSE
1.23088859260911	0.684262058730081	0.250158174194966	1.0929073829369	-3.72578027782032	rs115126815	1.23091603053435	0.546653971804271	FALSE
0.0398027146493184	-0.775484324882234	0.306322981289029	1.47306105733337	0.26468700797865	rs115234884	0.0398009950248756	0.815285319907109	FALSE
-0.488477632602517	-0.144056701316934	0.152308139650704	-0.882526957097232	-1.25342878315382	rs115252330	-0.488461538461538	0.344404837144604	FALSE
0.907275113971865	0.82454945582029	0.230606885667392	0.172267795322731	-4.37058416683623	rs115256655	0.907268170426065	0.0827187146057755	FALSE
0.981234822662601	1.01715162529054	0.145068486591336	-0.0942998773637957	-6.28554210284415	rs115270542	0.981233243967828	0.0359183813227137	FALSE
1.00265934338258	1.01658797297545	0.145068486591336	-0.0365697380153396	-6.35312129144621	rs115290463	1.00265957446809	0.0139283985073599	FALSE
0.580969035829478	0.686944909659513	0.16818056825749	-0.258415820708965	-3.81044756282332	rs115323291	0.580952380952381	0.105992528707132	FALSE
0.981234822662601	1.01715162529054	0.145068486591336	-0.0942998773637959	-6.28554210284417	rs115328932	0.981233243967828	0.0359183813227137	FALSE
0.132455962239699	-0.687285017510808	0.223525423560406	1.73385662907887	1.02736375169196	rs115328938	0.132450331125828	0.819735348636636	FALSE
1.12845012470378	0.672199558261994	0.234097398163867	0.942985735494298	-3.83185085369769	rs115360994	1.12846347607053	0.456263917808535	FALSE
1.51228325747422	1.43202366404861	0.161733856778473	0.199570563623871	-8.07899458559473	rs115400436	1.51236749116608	0.0803438271174648	FALSE
-0.414254331909889	-0.348914157496292	0.242310367380171	-0.132737700979929	-1.71060725072488	rs115432412	-0.414239482200647	0.0653253247043554	FALSE
0.0613053248419592	0.103220290235667	0.154819772927237	-0.106526068453343	-0.129316268785013	rs115441377	0.0613026819923372	0.0419176082433298	FALSE
2.78706217309793	2.9827382724637	0.310188634015248	-0.351337771557345	-10.3047162689839	rs115482428	2.78787878787879	0.19485948458491	FALSE
-0.138034028257218	0.164411214494191	0.177466007277477	-0.717941682596484	0.400552381704615	rs115543587	-0.138028169014085	0.302439383508276	FALSE
-0.0153263335472063	0.110522956569355	0.154819772927237	-0.31984352051437	0.0346416114330869	rs115554784	-0.0153256704980843	0.12584862706744	FALSE
1.04799554210581	1.01539523435121	0.145068486591336	0.0855923912583769	-6.47656783951268	rs115605907	1.048	0.0326047656487851	FALSE
0.115196905327316	-0.677251221321267	0.223525423560406	1.67612876692947	0.893332677939435	rs115664052	0.115191986644407	0.792443207965674	FALSE
-0.283030134246174	-1.37634394138257	0.377581247339693	1.77926085594834	-1.31332969897436	rs115664697	-0.283018867924528	1.09332507345805	FALSE
-0.00381695905912015	0.109426162850372	0.154819772927237	-0.287805189461321	0.00854314973990283	rs115672474	-0.00381679389312977	0.113242956743502	FALSE
-1.04065891401984	-0.452867998284672	0.201355725312701	-1.30990825305709	-2.82271325850208	rs115695251	-1.04066265060241	0.587794652317737	FALSE
-1.03652634367179	-0.934919875215151	0.257408219273628	-0.200267350269644	-4.66974169434069	rs115742659	-1.0365296803653	0.101609805150145	FALSE
0.0477836329502203	-0.38869038896027	0.173525541223749	1.04779590457037	0.320092670062753	rs115747566	0.0477815699658703	0.43647195892614	FALSE
1.42800595156277	1.30517845587761	0.143110853052756	0.324682821941536	-7.95990916344613	rs11576446	1.4280701754386	0.122891719560988	FALSE
-4.41506712420799	-4.02617810157833	0.147660588300887	-1.01203000098107	-25.2903209216608	rs11576522	-4.41860465116279	0.392426549584461	FALSE
1.05614445637811	1.01518084661974	0.145068486591336	0.107550313334086	-6.49591889561764	rs11576732	1.05614973262032	0.0409688860005855	FALSE
0.622612652196224	1.31521299281922	0.143110853052756	-1.83082323560155	-3.90087305756918	rs11577114	0.622596153846154	0.692616838973064	FALSE
1.30452890724858	1.03577420165453	0.144599741187679	0.706760581156191	-6.82322331204126	rs11577168	1.30456852791878	0.268794326264252	FALSE
1.43852991579494	1.30504733595405	0.143110853052756	0.352848525169543	-7.9640431151583	rs11577173	1.43859649122807	0.133549155274019	FALSE
1.61960453594265	1.30279129537551	0.143110853052756	0.83746571890914	-7.8432694967047	rs11577935	1.61971830985915	0.316927014483648	FALSE
1.11374502557728	1.01366544776417	0.145068486591336	0.262759801092507	-6.60786289267113	rs11578101	1.11375661375661	0.100091165992447	FALSE
1.1159301827753	1.4956447146531	0.144545485525779	-0.998745767847618	-7.02086611712355	rs11578311	1.11594202898551	0.379702685667594	FALSE
0.622612652196224	1.31521299281921	0.143110853052756	-1.83082323560153	-3.90087305756918	rs11578338	0.622596153846154	0.692616838973058	FALSE
1.54216153163785	1.30375617140338	0.143110853052756	0.63020193235339	-7.93785458466402	rs11578426	1.54225352112676	0.238497349723382	FALSE
1.54216153163785	1.30375617140338	0.143110853052756	0.630201932353399	-7.937854584664	rs11578427	1.54225352112676	0.238497349723385	FALSE
1.43151394421836	1.30513474917939	0.143110853052757	0.334071401937016	-7.9614298205054	rs11578598	1.43157894736842	0.126444198189034	FALSE
0.386105344150486	1.31815967901763	0.143110853052757	-2.46379713238804	-2.2165505550917	rs11578682	0.386091127098321	0.932068551919309	FALSE
1.5984839616695	1.30305444032957	0.143110853052756	0.780939887591251	-7.87505950587792	rs11578756	1.59859154929577	0.295537108966204	FALSE
-4.25610356619118	-4.10467099701688	0.148237182960096	-0.393315185088429	-25.4961516272172	rs11579070	-4.25925925925926	0.154588262242383	FALSE
1.41349827258464	1.30535920960471	0.143110853052756	0.285855344803537	-7.95209790425219	rs11580299	1.4135593220339	0.108200112429184	FALSE
2.33997220325914	2.16043266100157	0.143933713604653	0.473237169654355	-11.6205771745602	rs11580382	2.34042553191489	0.179992870913328	FALSE
2.33997220325914	2.16043266100156	0.143933713604652	0.47323716965436	-11.6205771745602	rs11580387	2.34042553191489	0.179992870913329	FALSE
2.29744686827742	2.15631084298426	0.144067181728089	0.37183935438072	-11.5614538272549	rs11580394	2.29787234042553	0.141561497441276	FALSE
1.08729301391744	1.01436136707111	0.145068486591336	0.191482672463689	-6.56186751944063	rs11580627	1.08730158730159	0.0729402202304765	FALSE
0.57934357863741	1.3157520898261	0.143110853052756	-1.94662597475228	-3.56458956483919	rs11581651	0.579326923076923	0.736425166749178	FALSE
1.10816848359001	1.01381215960162	0.145068486591336	0.247733348449072	-6.59893201468912	rs11581832	1.10817941952507	0.0943672599234473	FALSE
2.33997220325914	2.16043266100155	0.143933713604653	0.473237169654391	-11.6205771745602	rs11582249	2.34042553191489	0.179992870913341	FALSE
1.61960453594265	1.3027912953755	0.143110853052756	0.837465718909163	-7.84326949670466	rs11583249	1.61971830985915	0.316927014483657	FALSE
1.5984839616695	1.30305444032957	0.143110853052756	0.780939887591245	-7.87505950587794	rs11583381	1.59859154929577	0.295537108966201	FALSE
1.57384305782136	1.30336144568972	0.143110853052756	0.714992458490741	-7.90654706290777	rs11583383	1.57394366197183	0.270582216282108	FALSE
1.54216153163785	1.30375617140337	0.143110853052756	0.630201932353411	-7.93785458466398	rs11584215	1.54225352112676	0.23849734972339	FALSE
2.3824964391032	2.15070078413014	0.144429591950132	0.609926072722278	-11.5703769661721	rs11584921	2.38297872340426	0.232277939274118	FALSE
3.33187588631033	3.37499247213412	0.144253084102795	-0.11352246442232	-18.9355641934464	rs115852	3.33333333333333	0.0416591388007861	FALSE
1.42800595156277	1.30517845587762	0.143110853052756	0.324682821941514	-7.95990916344616	rs11585607	1.4280701754386	0.12289171956098	FALSE
-1.15320934278365	-1.19203370012365	0.150907579582368	0.0999421640135273	-7.10052195022815	rs11585761	-1.15322580645161	0.0388078936720329	FALSE
0.269730924511818	0.418476157442747	0.21226771060134	-0.322850221108956	-1.53515881025142	rs11585781	0.26972010178117	0.148756055661576	FALSE
0.522683105536273	-0.157752279176922	0.179884202308176	1.60431771056624	1.25136437020435	rs11586684	0.522666666666667	0.680418945843588	FALSE
-0.417925373820279	0.0798477505362634	0.471125300133131	-0.725209076607013	0.22016321119925	rs11587070	-0.417910447761194	0.497758198297457	FALSE
1.54920190581796	1.30366845414169	0.143110853052756	0.649044365242459	-7.9318072590414	rs11587253	1.54929577464789	0.245627320506196	FALSE
1.42800595156277	1.30517845587762	0.143110853052756	0.324682821941517	-7.95990916344614	rs11587761	1.4280701754386	0.122891719560981	FALSE
0.494372823568638	-0.285647636675381	0.254581805458281	1.54593885783999	1.58081971487172	rs11587944	0.494356659142212	0.780004295817593	FALSE
0.645100231309536	1.3149328161111	0.143110853052756	-1.770638834966	-4.07861276395101	rs11588445	0.645083932853717	0.669848883257386	FALSE
1.20809780378879	1.03799139749654	0.144599741187678	0.44733915376016	-6.82749439664157	rs11589472	1.20812182741117	0.170130429914631	FALSE
1.43151394421836	1.30513474917938	0.143110853052756	0.334071401937041	-7.96142982050537	rs11589830	1.43157894736842	0.126444198189043	FALSE
1.42366554755553	1.30523253373546	0.143110853052756	0.313066426402649	-7.9578296267053	rs11590205	1.42372881355932	0.118496279823858	FALSE
-0.237745555380778	0.323270009506261	0.253693610784382	-1.11383316644448	0.922898557479286	rs115906510	-0.237735849056604	0.561005858562864	FALSE
0.622612652196224	1.31521299281921	0.143110853052756	-1.83082323560152	-3.90087305756919	rs11590898	0.622596153846154	0.692616838973054	FALSE
1.42800595156277	1.3051784558776	0.143110853052756	0.324682821941556	-7.9599091634461	rs11591007	1.4280701754386	0.122891719560996	FALSE
1.40760572301566	1.06445684126575	0.148353462016654	0.890909818390664	-6.82396871165658	rs115922103	1.40766550522648	0.34320866396073	FALSE
1.02659335038796	1.01595829921823	0.145068486591337	0.0279224192490564	-6.42161782107591	rs115924259	1.02659574468085	0.0106374454626204	FALSE
1.03780372355709	0.600229173644193	0.16818056825749	1.0669993306066	-3.95291011939372	rs115973822	1.03780718336484	0.437578009720646	FALSE
1.38670419269761	1.06549248698715	0.148353462016654	0.833954815589421	-6.85568356528413	rs115987778	1.38675958188153	0.321267094894386	FALSE
-2.3977371549065	-2.74792938737387	0.219543563171128	0.747388058602847	-10.5205253898827	rs116059019	-2.39823008849558	0.34969929887829	FALSE
1.02659335038796	1.01595829921822	0.145068486591336	0.0279224192490781	-6.4216178210759	rs116092481	1.02659574468085	0.0106374454626286	FALSE
0.131584542745588	-0.496655719671268	0.198351630777719	1.41061298768388	0.939250172452205	rs116125277	0.131578947368421	0.628234667039689	FALSE
0.895450038337132	0.642496853582524	0.154755592234199	0.643008887799861	-4.40348263848721	rs116145400	0.89544235924933	0.252945505666805	FALSE
1.21114057857464	-0.013207705879412	0.305453106546434	2.21530079751564	0.06993385599305	rs116146912	1.21116504854369	1.2243727544231	FALSE
-0.558225583945546	-1.049251847914	0.178443283069164	1.16239737293239	-3.58656924432511	rs116211115	-0.558208955223881	0.491042892690123	FALSE
-0.118603442797422	0.0113727456330329	0.18411644156181	-0.302912720008148	0.0231997503313089	rs116308267	-0.118598382749326	0.129971128382359	FALSE
1.16664843705083	-0.0768869623437544	0.349082616367244	2.10471861211172	0.440698809269374	rs116371446	1.16666666666667	1.24355362901042	FALSE
-1.04065891401984	-0.452867998284648	0.201355725312701	-1.30990825305714	-2.82271325850193	rs116395010	-1.04066265060241	0.587794652317762	FALSE
0.0613053248419592	0.103220290235659	0.154819772927238	-0.106526068453323	-0.129316268785002	rs116455739	0.0613026819923372	0.041917608243322	FALSE
-0.953408772934637	-0.996843959209339	0.218749274535371	0.0928684886069009	-5.02019917241259	rs116546011	-0.953405017921147	0.0434389412881921	FALSE
0.794457124852252	1.02206551266072	0.145068486591336	-0.597587799772932	-5.45565652087785	rs116578240	0.794444444444445	0.227621068216275	FALSE
-0.536858641055599	-0.480734144087904	0.363805500158101	-0.0930503114770981	-1.97643131777604	rs116703053	-0.536842105263158	0.0561079611752536	FALSE
1.66653847016688	1.28524202202008	0.207363165627251	0.83733058067601	-6.94603887703769	rs116740900	1.66666666666667	0.381424644646588	FALSE
1.10665590610114	1.01385195362152	0.145068486591337	0.24365758356497	-6.59643906408225	rs116751824	1.10666666666667	0.0928147130451482	FALSE
0.868038999573994	1.02012966566665	0.145068486591336	-0.399315365270239	-5.83264391881514	rs116772674	0.868029739776952	0.152099925889696	FALSE
1.08729301391744	1.01436136707113	0.145068486591336	0.191482672463649	-6.56186751944069	rs116785364	1.08730158730159	0.072940220230461	FALSE
1.42800595156277	1.30517845587761	0.143110853052756	0.324682821941532	-7.95990916344613	rs116806443	1.4280701754386	0.122891719560987	FALSE
-0.746640984712899	-0.862141559252616	0.243503136765912	0.23406251354783	-3.98933207572701	rs116992638	-0.746626686656672	0.115514872595944	FALSE
0.34812134662297	0.376948994122176	0.172064906516288	-0.0694965189459258	-2.09353606238293	rs117409241	0.348108108108108	0.0288408860140675	FALSE
-1.13156521438684	-0.376534991470675	0.207740553720063	-1.65654673869039	-2.15664879898943	rs11799614	-1.13157894736842	0.755043955897746	FALSE
-0.776329137135043	-1.04482740423039	0.175097633031834	0.641654655194937	-4.91754744146624	rs11799737	-0.776315789473684	0.268511614756706	FALSE
-4.8142706256604	-4.47950489232297	0.149495670384881	-0.865818158028185	-29.4723421573319	rs11803366	-4.81889763779528	0.339392745472307	FALSE
-4.6650939798206	-4.44836707203525	0.148519082308152	-0.562369431755528	-29.03116293967	rs11803956	-4.66929133858268	0.220924266547429	FALSE
-0.781724070532765	-0.766857736904331	0.153695256547989	-0.0379204640063892	-4.7731165799526	rs11806810	-0.781710914454277	0.0148531775499459	FALSE
-1.47653928396493	-1.17306210919107	0.159918545417506	-0.758886132629766	-7.15505257425548	rs11807805	-1.47661469933185	0.30355259014078	FALSE
2.4697345064806	1.68627162635742	0.165998337361643	1.92294364033644	-7.85165389665417	rs11808746	2.47027972027972	0.784008093922301	FALSE
0.340438556192052	0.406070564562808	0.156110073984898	-0.16611170246523	-2.33315247421945	rs11811460	0.340425531914894	0.0656450326479143	FALSE
0.832032077087061	0.724218350610218	0.165672124784153	0.264880102719328	-4.57618329118822	rs12021671	0.832020997375328	0.10780264676511	FALSE
-2.37362456794875	-2.39308501462812	0.144320729074381	0.0512257643612748	-12.4940317763718	rs12021745	-2.37410071942446	0.0189842952036638	FALSE
-1.92660313528466	-2.02506568671897	0.145058213235884	0.258523438410672	-10.3631663594641	rs12022909	-1.92682926829268	0.0982364184262852	FALSE
-1.99974042267731	-2.07052946009775	0.14440227227219	0.186285474895763	-10.6843495693567	rs12025522	-2	0.0705294600977533	FALSE
-0.886707709338487	-2.35243763132658	0.155139351593389	3.7212853037273	-4.21665389103708	rs12031281	-0.886699507389163	1.46573812393742	FALSE
1.50421579431442	0.226980890405154	0.255743311377479	2.52562365340444	-0.922588813844084	rs12031629	1.50429799426934	1.27731710386419	FALSE
-0.962028418067395	-0.952476606055815	0.147308738232158	-0.0248869406305634	-5.99441402192093	rs12032275	-0.962025316455696	0.00954871039988092	FALSE
-3.6314166034572	-3.23659382101645	0.165528554767386	-0.970433417165478	-17.0969302477857	rs12032512	-3.63333333333333	0.396739512316881	FALSE
-2.08912665776725	-2.05854827815945	0.144398343169173	-0.080469881673435	-10.890937335953	rs12032970	-2.08943089430894	0.0308826161494933	FALSE
-1.16967833440463	-1.2407564907816	0.187577646110381	0.164113993552878	-6.62015555117308	rs12033963	-1.16969696969697	0.0710595210846292	FALSE
-4.84567271324014	-4.43920802758823	0.148519082308152	-1.05470666579691	-29.3143800576243	rs12034383	-4.8503937007874	0.411185673199174	FALSE
-0.955699785679282	-0.955676858901991	0.144679630819183	-6.02752910820992e-05	-6.03797243100208	rs12034598	-0.955696202531646	1.93436296548333e-05	FALSE
-4.41506712420799	-4.02617810157834	0.147660588300887	-1.01203000098105	-25.2903209216609	rs12036785	-4.41860465116279	0.392426549584456	FALSE
-0.330721407270724	-0.0537596499302605	0.151540050520797	-0.711469181000302	-0.355143164981576	rs12037840	-0.330708661417323	0.276949011487062	FALSE
-5.54591707762083	-5.65087480198472	0.160677879647625	0.261840221682227	-37.406527459401	rs12037841	-5.55307262569832	0.0978021762863985	FALSE
-0.451628460262787	-0.503059685687223	0.143387590234896	0.135822302696358	-3.25813612156129	rs12037968	-0.451612903225806	0.0514467824614165	FALSE
-3.06363580626234	-2.40697727962764	0.157017580682094	-1.65716383583963	-11.9546619593322	rs12038371	-3.06474820143885	0.657770921811211	FALSE
-1.22056236473543	-2.13676151377524	0.162566068970197	2.27234846882087	-5.8473360948965	rs12038575	-1.22058823529412	0.916173278481126	FALSE
-0.891727649101834	-0.920764235376912	0.147994283800489	0.0754784696209317	-5.66342788107981	rs12039306	-0.89171974522293	0.0290444901539815	FALSE
-0.331871186304995	0.0868985749156575	0.189799855671219	-0.961230130011256	0.46422806873666	rs12040406	-0.331858407079646	0.418756981995304	FALSE
-2.14600656193318	-2.00298713942911	0.143686882209099	-0.377299699586336	-10.8111756232679	rs12041397	-2.14634146341463	0.14335432398552	FALSE
-4.80641991047524	-4.44119894954444	0.148519082308152	-0.947686221164967	-29.2787792660548	rs12041437	-4.81102362204724	0.369824672502809	FALSE
-0.510083443901841	-0.414542655727139	0.147276587037227	-0.248955636872488	-3.09051271079335	rs12043913	-0.51006711409396	0.0955244583668205	FALSE
-1	-1.00242519979212	0.147075070928438	0.00632379800289103	-6.2638432399673	rs12044246	-1	0.00242519979212186	FALSE
-0.891125418455123	-0.936603404528114	0.158734709857666	0.114147202695173	-5.51005807484663	rs12045707	-0.891117478510029	0.0454859260180855	FALSE
-2.03198286660535	-2.02633503825667	0.145016289205917	-0.0148310908432271	-10.6634516409429	rs12045913	-2.03225806451613	0.00592302625946362	FALSE
-0.888896961561701	-0.901449446580164	0.158121271702725	0.0315670910159039	-5.41832554343162	rs12057769	-0.888888888888889	0.0125605576912752	FALSE
-2.72473238763436	-2.56663280568193	0.147578772741369	-0.411546369006244	-13.7106669820381	rs12059417	-2.72549019607843	0.1588573903965	FALSE
0.139764965954249	0.0369459436464452	0.14385015363865	0.271093000768682	-0.113239933574929	rs12061578	0.139759036144578	0.102813092498133	FALSE
-0.553451728113733	-0.774163796100407	0.161515454542797	0.549185469427095	-3.83907779838264	rs12062235	-0.553435114503817	0.22072868159659	FALSE
-0.927044266689496	-0.896923168413495	0.158121271702725	-0.0757487819646058	-5.51517422784904	rs12063500	-0.927038626609442	0.0301154581959471	FALSE
-1.09676456362612	-0.884196122907307	0.161879811774343	-0.52832655681443	-5.69891902515108	rs12063780	-1.09677419354839	0.21257807064108	FALSE
-0.291609568692205	-0.644556247890057	0.270361252619617	0.678792249869758	-1.83296014745188	rs12064010	-0.29159802306425	0.352958224825806	FALSE
-0.222781439049862	0.0257261148899064	0.150199100095239	-0.64121833089438	0.118998090764663	rs12064433	-0.222772277227723	0.248498392117629	FALSE
-1.11109983343767	-0.875084490938511	0.158121271702725	-0.593533295348476	-5.72543419002438	rs12065624	-1.11111111111111	0.2360266201726	FALSE
-0.34147646816129	-0.28197048147448	0.144745246051841	-0.156407835638468	-1.87246732615755	rs12066318	-0.341463414634146	0.059492933159666	FALSE
1.20106395359321	1.16971564255533	0.162630633416825	0.077734349822812	-6.95405729334855	rs12067460	1.20108695652174	0.0313713139664058	FALSE
-0.935349892090703	-0.753440038481795	0.153695256547989	-0.464008559783087	-5.01841467745764	rs12073356	-0.935344827586207	0.181904789104412	FALSE
0.528016478575292	0.326658240083552	0.14908713262224	0.521494007436924	-2.66385957408951	rs12073783	0.528	0.201341759916448	FALSE
-0.463173637792614	0.884200926354002	0.149965599070635	-3.47930515934322	3.35572298502855	rs12075041	-0.463157894736842	1.34735882109084	TRUE
-1.33477627749545	-1.05768882253939	0.173096534877193	-0.665997619187949	-6.48405140318641	rs12075573	-1.33482142857143	0.277132606032042	FALSE
-2.85625765760086	-3.40684694765934	0.151100150098359	1.41643063571322	-15.2907256799139	rs12075933	-2.85714285714286	0.549704090516482	FALSE
-1.20398995228101	-1.21583222108401	0.163160072032988	0.0293175699851602	-7.06462740333176	rs12078329	-1.20401337792642	0.0118188431575881	FALSE
0.160982395309528	0.0845712146211503	0.148545401096923	0.19825644067727	-0.287774895858636	rs12078508	0.160975609756098	0.0764043951349472	FALSE
1.64526852712429	1.26564808195035	0.145965832185141	0.99362838684775	-7.55580368670918	rs12080578	1.64539007092199	0.379741988971637	FALSE
0.0670687574253781	1.34044404829094	0.162630633416825	-3.1575863910585	-0.341245173761885	rs12081450	0.0670658682634731	1.27337818002747	FALSE
-0.273595858608485	-0.388621914979342	0.239543887266033	0.23501938417909	-1.31344365779705	rs12086137	-0.273584905660377	0.115037009318964	FALSE
-0.0143891117289262	0.230193332247258	0.164735600650615	-0.602603359427771	0.0627530800272474	rs12087872	-0.0143884892086331	0.244581821455891	FALSE
0.183886781342816	-0.00330018908344541	0.152971207575225	0.47859787706141	0.0124597598023842	rs12087970	0.183879093198992	0.187179282282438	FALSE
-1.55284632697828	-1.3361784806215	0.44134189502061	-0.326142119189975	-5.15265948464778	rs12088135	-1.55294117647059	0.216762695849086	FALSE
0.156256596493119	0.0366542154612807	0.14385015363865	0.31534406421349	-0.125356409989568	rs12091603	0.15625	0.119595784538719	FALSE
0.183886781342816	-0.00330018908344088	0.152971207575224	0.478597877061399	0.0124597598023668	rs12092509	0.183879093198992	0.187179282282433	FALSE
-0.776936403313207	-0.498369722776917	0.143387590234896	-0.735653636340222	-3.71954786727476	rs12092662	-0.776923076923077	0.27855335414616	FALSE
1.64951218091084	1.69782763215097	0.142971833692343	-0.127779385818374	-9.17768492651552	rs12095015	1.64963503649635	0.0481925956546154	FALSE
-1.17230477058611	-0.954934380376275	0.234499400179021	-0.448879236396124	-5.12982252120393	rs12096181	-1.17232375979112	0.217389379414848	FALSE
-2.10759966830944	-2.07553232896959	0.168786076171878	-0.0780539020382594	-10.245138021233	rs12116783	-2.10791366906475	0.0323813400951591	FALSE
2.63312645833447	3.18083471707018	0.162330121858643	-1.35940772099446	-13.2491515814204	rs12117380	2.63380281690141	0.547031900168769	FALSE
0.504870647440252	0.287395690772031	0.211158644045857	0.473265471886318	-1.87587016404572	rs12117873	0.504854368932039	0.217458678160008	FALSE
-1.75984027375833	-2.02246879192665	0.146836114223797	0.685370554121944	-9.62052774377896	rs12117916	-1.76	0.262468791926647	FALSE
-2.05616433999203	-2.05925920012929	0.144398343169173	0.0081444155064877	-10.8189281883071	rs12119104	-2.05645161290323	0.00280758722606711	FALSE
-0.395175720186429	-0.43849490196081	0.144250101851996	0.114057062085137	-2.84130153643168	rs12119639	-0.395161290322581	0.0433336116382294	FALSE
2.4589223068259	2.36857037010444	0.146122344568153	0.236362813159282	-12.5374023918207	rs12119823	2.45945945945946	0.0908890893550236	FALSE
1.33199420568237	0.764879939413817	0.228846094427474	1.18549252518894	-4.2141056876268	rs12121195	1.33203883495146	0.567158895537639	FALSE
-0.38711101525109	-0.438660381338534	0.144250101851997	0.135726692136236	-2.80641169113061	rs12122455	-0.387096774193548	0.0515636071449852	FALSE
-1.3144747244328	-1.14226801489813	0.149968962168411	-0.444681821000364	-7.22181945102562	rs12123107	-1.31451612903226	0.172248114134133	FALSE
0.192315706470314	0.249760980604601	0.145069811477174	-0.150822377638428	-1.00422085297851	rs12123251	0.192307692307692	0.0574532882969083	FALSE
1.02950552886979	-0.0736769354883888	0.46421681711382	1.61914936974294	0.406424865225371	rs12123967	1.02950819672131	1.1031851322097	FALSE
-0.403240418448724	-0.51692276859684	0.143167647003885	0.300448886991841	-3.09576169277828	rs12124694	-0.403225806451613	0.113696962145227	FALSE
-1.2742272122413	-0.902783795846495	0.147994283800489	-0.965539831530208	-6.01953596452536	rs12130494	-1.27426160337553	0.371477807529032	FALSE
-1.94678477767273	-2.05686633377009	0.146128973360581	0.287969434462376	-10.4357082638396	rs12132034	-1.94701986754967	0.10984646622042	FALSE
-1.55270831681611	-1.25106189176729	0.250454316992014	-0.602745423714154	-6.39451409077219	rs12132087	-1.55280312907432	0.301741237307023	FALSE
-1.91467268287318	-1.97397626831732	0.146327851284133	0.155030609178113	-10.2169819912134	rs12132176	-1.91489361702128	0.0590826512960476	FALSE
0.328256948750597	0.198488329524514	0.147972804918414	0.337348458915552	-1.29675798487625	rs12132780	0.32824427480916	0.129755945284646	FALSE
-1.73584875294616	-1.98027414530524	0.146327851284133	0.638973464963939	-9.54045044185313	rs12132968	-1.736	0.244274145305242	FALSE
1.78815109714385	1.69623665869792	0.142971833692343	0.243085186850285	-9.41863617452184	rs12133548	1.78832116788321	0.0920845091852915	FALSE
1.08686406073636	0.862831061161559	0.247933249424152	0.449929643530966	-4.57520972749742	rs12133621	1.08687258687259	0.224041525711028	FALSE
2.34990497060232	2.21507372401762	0.146976562168732	0.351695253734622	-11.7442061649942	rs12134133	2.35036496350365	0.135291239486028	FALSE
-1.19352646081996	-1.1500592408202	0.152793187465309	-0.111201301373445	-7.0600276189917	rs12134333	-1.19354838709677	0.0434891462765714	FALSE
-0.70969266233993	-0.699801333309831	0.150252629393205	-0.0255178222705374	-4.42585401017541	rs12135236	-0.709677419354839	0.009876086045008	FALSE
0.933913211237008	0.581620146989526	0.252967995651163	0.700440586909777	-3.40071044837147	rs12135588	0.933908045977012	0.352287898987486	FALSE
-1.07893970580896	-0.408195918610975	0.211287524230216	-1.45921649924703	-2.45450642527037	rs12135736	-1.07894736842105	0.670751449810077	FALSE
-2.21191780744728	-2.31021695544003	0.160632306537071	0.245263717056871	-11.1896706991492	rs12135901	-2.2122905027933	0.0979264526467341	FALSE
-3.68220770030675	-3.36826714900018	0.149350217333327	-0.812352436015391	-19.309107225963	rs12137433	-3.68421052631579	0.315943377315607	FALSE
-0.776936403313207	-0.498369722776907	0.143387590234896	-0.735653636340249	-3.7195478672747	rs12137680	-0.776923076923077	0.27855335414617	FALSE
-2.16029968134496	-1.8985383192454	0.172332909761984	-0.630552760630711	-9.59979585919797	rs12138764	-2.16064257028112	0.262104251035721	FALSE
-1.88720798411875	-2.12468169154681	0.146415030586451	0.620615618935037	-10.2085014497785	rs12139795	-1.88741721854305	0.237264473003762	FALSE
-1.88720798411875	-1.95046689790038	0.146738901755029	0.165138790032015	-10.0901465624916	rs12139925	-1.88741721854305	0.0630496793573319	FALSE
-2.28592550058187	-2.00204927021502	0.146836114223797	-0.740819811441345	-10.7208382251453	rs12140602	-2.2863436123348	0.284294342119777	FALSE
-0.758078468647014	-0.165680163432255	0.14552297682482	-1.55291620644816	-1.42529440085986	rs12140999	-0.758064516129032	0.592384352696778	FALSE
-0.89874165484215	-0.97386888211372	0.146495386292114	0.196284220200733	-5.85199157478093	rs12141045	-0.89873417721519	0.07513470489853	FALSE
2.26770930687729	1.98126934127686	0.144929347719427	0.752411533497875	-10.6804102291378	rs12142286	2.26811594202899	0.286846600752127	FALSE
-1.1300677516339	-1.266135524888	0.144914573779889	0.357436785463771	-7.23527423191139	rs12143527	-1.13008130081301	0.136054224074993	FALSE
-1.97218442205751	-0.674851500103663	0.320872721566982	-2.29026132966081	-2.63659549850613	rs12144461	-1.97243107769424	1.29757957759057	FALSE
-1.98361899769574	-2.07087761057098	0.144402272272191	0.229626121932771	-10.6329748450065	rs12144801	-1.98387096774194	0.0870066428290479	FALSE
1.18451360865697	1.36146416162188	0.186576996739195	-0.409659353297734	-6.84091593636843	rs12145542	1.18453427065026	0.176929890971613	FALSE
0.261549005170892	0.247938890270031	0.145069811477174	0.0357333117513145	-1.32845178794598	rs12184327	0.261538461538462	0.013599571268431	FALSE
0.221783318581359	-0.0551407177818228	0.145278224371715	0.726541442026815	0.262062856529424	rs1237	0.221774193548387	0.27691491133021	FALSE
0.434797866663642	0.211029023369505	0.144737377247362	0.588178665433876	-1.7306480160175	rs12401619	0.434782608695652	0.223753585326147	FALSE
-0.94304249115289	-0.937073365553687	0.145535699620026	-0.0156468150173872	-5.9245217551373	rs12403552	-0.943037974683544	0.00596460912985697	FALSE
1.28725621562933	1.42459459954734	0.171153242939617	-0.331970403623658	-7.46251460627757	rs12403925	1.28729281767956	0.137301781867784	FALSE
-1.42922843437044	-1.13884403781199	0.149963121098056	-0.749861473805338	-7.17004084257036	rs12404817	-1.42929292929293	0.29044889148094	FALSE
-1.20420189574406	-0.207170955875184	0.144839642079829	-2.61978055355692	-1.12223972447532	rs12405364	-1.20422535211268	0.997054396237493	FALSE
0.795193374777493	0.680362207368891	0.23881962210247	0.234976687186089	-3.74755224584165	rs12407259	0.795180722891566	0.114818515522675	FALSE
-2.38499084296555	-1.942436958578	0.152987698645009	-1.13145660272168	-10.0583338539282	rs12409159	-2.3854748603352	0.443037901757196	FALSE
-1.76299703330614	-0.936658768720466	0.144679630819183	-2.1724719002941	-5.13521466941667	rs12409410	-1.76315789473684	0.826499126016376	FALSE
0.612582005999688	0.238700361268279	0.145069811477174	0.981625024226327	-2.16629878889978	rs12410786	0.612565445026178	0.373865083757899	FALSE
-2.08840581812306	-2.05856382502552	0.144398343169173	-0.0785320113184404	-10.8894896350254	rs12411037	-2.08870967741936	0.03014585239384	FALSE
-0.204090096259277	0.207552493025879	0.146605582724753	-1.07509055645142	0.884212312879742	rs12562739	-0.204081632653061	0.41163412567894	FALSE
0.227282054261106	0.191512711233489	0.146605582724753	0.0934191065269579	-0.906801031389745	rs12563415	0.227272727272727	0.0357600160392384	FALSE
-2.03198286660535	-2.02633503825667	0.145016289205916	-0.0148310908432201	-10.6634516409429	rs12563520	-2.03225806451613	0.00592302625946095	FALSE
-1.49991887287373	-1.13453640472868	0.149963121098056	-0.943529470980821	-7.05168268697281	rs12565089	-1.5	0.36546359527132	FALSE
0.36399833854425	0.300445809916629	0.146363960635372	0.166117642242347	-2.0545637453815	rs12567945	0.363984674329502	0.0635388644128724	FALSE
-0.910834741176795	-0.919866054184651	0.147994283800489	0.023476233674401	-5.72377689916396	rs12567990	-0.910828025477707	0.00903802870694403	FALSE
-1.21131571043775	-0.828510364799917	0.147473507096462	-0.996829747088232	-5.60040605197248	rs12568382	-1.21134020618557	0.38282984138565	FALSE
3.27269793815582	3.45811273041817	0.144279020252417	-0.488138190196645	-18.8484303936722	rs1257572	3.27407407407407	0.1840386563441	FALSE
3.30455062149324	3.37555373473565	0.144253084102795	-0.18694542350538	-18.8142888686115	rs1257573	3.30597014925373	0.0695835854819169	FALSE
3.25050543681407	3.4585726378295	0.144279020252418	-0.547774779475186	-18.7154933376769	rs1257574	3.25185185185185	0.206720785977644	FALSE
1.791706776442	1.94296981713551	0.156439417806107	-0.382436848610608	-9.52725713629366	rs1257575	1.79187817258883	0.151091644546682	FALSE
2.81475919090785	3.31189078596285	0.14840927957164	-1.29044897511849	-15.2399251157974	rs1257576	2.81560283687943	0.496287949083413	FALSE
3.27269793815582	3.45811273041819	0.144279020252417	-0.488138190196675	-18.8484303936722	rs1257577	3.27407407407407	0.184038656344112	FALSE
-1.81599586247753	-1.70982977168311	0.14329964957379	-0.28045504840445	-9.47992328603637	rs1257728	-1.81617647058824	0.106346698905127	FALSE
-0.990196914452978	-1.72122154048143	0.143299649573789	1.93112080649788	-5.57137597034173	rs1257729	-0.990196078431372	0.731025462050053	FALSE
3.37625736049124	3.43679054137789	0.144827604202364	-0.159062506772905	-19.2881091170415	rs1270549	3.37777777777778	0.0590127636001148	FALSE
-1.13708235833049	-1.29323879638794	0.153626891985069	0.398406368437493	-7.12965458989014	rs12711513	-1.13709677419355	0.156142022194388	FALSE
-2.35149424247664	-2.08744432809124	0.152520095648841	-0.676117997517696	-10.9574147411182	rs12726522	-2.35195530726257	0.264510979171327	FALSE
-0.820011624306023	-0.586016059414662	0.178222059094129	-0.554277050734756	-3.8624284078995	rs12727031	-0.82	0.233983940585338	FALSE
0.97066909465384	1.01742959636536	0.145068486591336	-0.122770103523525	-6.2500515250762	rs12729446	0.970666666666667	0.0467629296986973	FALSE
-1.10161583530428	-0.322252227853028	0.190045537244382	-1.78776851541099	-1.86778112510652	rs12729557	-1.10162601626016	0.779373788407135	FALSE
-0.289866561793304	-0.507888145690779	0.147699241321909	0.567296831806397	-2.41611341457124	rs12729569	-0.289855072463768	0.218033073227011	FALSE
-1.74384595555777	-1.75199376502422	0.144424043739159	0.0214398189838958	-9.45258357984722	rs12733108	-1.744	0.00799376502422322	FALSE
-1.16361853691605	-1.35821063334072	0.163277765656513	0.481572493148522	-7.10729140475063	rs12734030	-1.16363636363636	0.194574269704354	FALSE
-0.271977425744744	-0.435683961213044	0.162284952414382	0.406374914702623	-1.98283480759409	rs12734973	-0.271966527196653	0.163717434016391	FALSE
-0.663430707134774	-0.503398460186148	0.147049932619578	-0.417325659254014	-3.67688575420135	rs12738067	-0.663414634146341	0.160016173960194	FALSE
-1.16258393623439	-1.26185783107189	0.144051671611549	0.261562759078948	-7.36043707790192	rs12743911	-1.16260162601626	0.0992562050556263	FALSE
-0.926476267069098	-0.916766558580939	0.151425107147113	-0.0249521082917157	-5.69759597472217	rs12744104	-0.926470588235294	0.00970402965435513	FALSE
-0.992647688165654	-0.912049885317738	0.151425107147112	-0.20712105900893	-5.85106904545177	rs12745818	-0.992647058823529	0.0805971735057911	FALSE
-0.479690777963081	-0.327956176054847	0.159435034918926	-0.380008008242265	-2.46924950562118	rs12748097	-0.479674796747968	0.151718620693121	FALSE
-0.289866561793304	-0.507888145690779	0.147699241321909	0.567296831806395	-2.41611341457124	rs12748243	-0.289855072463768	0.218033073227011	FALSE
0.312989316288266	0.199203706400591	0.147972804918415	0.295798786881582	-1.24897847276513	rs12749612	0.312977099236641	0.11377339283605	FALSE
-1.0316426995692	-1.07280744353442	0.145339889869945	0.107977434640348	-6.58404907644745	rs12757487	-1.03164556962025	0.0411618739141624	FALSE
0.0838359376027662	0.523804237607122	0.166377449067525	-1.07863412428783	-0.720349183384358	rs12760972	0.0838323353293413	0.439971902277781	FALSE
1.41993755115573	1.18936245668358	0.149794882802472	0.595749801738484	-7.4146711000351	rs1318653	1.42	0.23063754331642	FALSE
-2.14600656193318	-2.00298713942913	0.143686882209099	-0.37729969958629	-10.811175623268	rs1323720	-2.14634146341463	0.143354323985503	FALSE
-1.42616569129496	-1.45678080815075	0.147970385921185	0.0795881698676064	-8.2255131689477	rs1323721	-1.42622950819672	0.0305512999540318	FALSE
-2.12975534266264	-2.04958406486438	0.147872711607827	-0.208484987141287	-10.8191192122357	rs1323722	-2.13008130081301	0.0804972359486267	FALSE
1.23855005737147	1.17656877921302	0.148264005193944	0.160969154872316	-7.29679614506429	rs13375038	1.23857868020305	0.0620099009900268	FALSE
1.78341377556343	1.58896602510907	0.14522041424056	0.510257136584421	-8.98285485708349	rs1346720	1.78358208955224	0.19461606444317	FALSE
-1.92570018887596	-1.70831641746356	0.143299649573789	-0.574254695426827	-9.50880816508311	rs1354942	-1.92592592592593	0.217609508462368	FALSE
-1.73584875294616	-1.75216770050548	0.144424043739159	0.0429410239795018	-9.43562698847161	rs1359147	-1.736	0.0161677005054823	FALSE
-2.33048823027194	-2.32194706788062	0.145193914813321	-0.0224152079126585	-12.1464712222638	rs1367067	-2.33093525179856	0.00898818391793999	FALSE
0.544234262265682	1.11968011017251	0.162843167982427	-1.4260005383322	-3.48179867423706	rs1367068	0.54421768707483	0.575462423097683	FALSE
0.0477836329502203	-0.388690388960292	0.173525541223748	1.04779590457042	0.320092670062769	rs137988265	0.0477815699658703	0.436471958926162	FALSE
0.271265935303077	-0.0565159668355034	0.145278224371714	0.859972788847161	0.324707703943563	rs138056217	0.271255060728745	0.327771027564248	FALSE
1.61548633276598	0.742079770691198	0.349249077009345	1.47791282212268	-3.23083929586215	rs138155833	1.61559888579387	0.873519115102674	FALSE
-0.296406892979188	-1.24006147754594	0.217272098085862	2.02446873970025	-1.48298912355623	rs138383268	-0.296395193591455	0.943666283954482	FALSE
-0.643757715763797	-0.744472918998662	0.250906040420248	0.201066387439054	-3.51020868325379	rs1385611	-0.643741403026135	0.100731515972528	FALSE
-1.02492444767482	-1.07202000844032	0.170047499155719	0.114207558597168	-6.0973302134601	rs138621610	-1.02492668621701	0.0470933222233139	FALSE
-0.521616430463991	-0.674231113121224	0.487404915177701	0.218600608099009	-1.99387131801482	rs139286467	-0.5216	0.152631113121224	FALSE
-0.469481486798794	-0.20054368253493	0.146429474794863	-0.702809466229549	-1.71584801971261	rs139307965	-0.469465648854962	0.268921966320032	FALSE
0.446243394276025	-0.459199506968708	0.23927591643441	1.85102197239525	2.28590540013157	rs139489968	0.446227929373997	0.905427436342705	TRUE
1.13600586921672	1.70372045742731	0.142971833692343	-1.50142903646189	-6.60904655249226	rs1395969	1.1360201511335	0.56770030629381	FALSE
-0.705981232872691	-1.13677393801456	0.170047499155718	1.04467984489448	-4.54196157696768	rs139932139	-0.705965909090909	0.43080802892365	FALSE
-0.393203238785623	0.12236351962955	0.23927591643441	-1.05398738755492	0.609821426123746	rs139934838	-0.393188854489164	0.515552374118714	FALSE
-0.78174215603945	-0.394230893120078	0.203285211255489	-0.859471414683847	-2.79592521681055	rs140556966	-0.781729000613121	0.387498107493043	FALSE
-6.1494150412668	-6.18787342779843	0.151735456254865	0.0987296329918625	-38.6819287623781	rs1408077	-6.15923566878981	0.0286377590086193	FALSE
-6.1494150412668	-6.18787342779841	0.151735456254865	0.0987296329918192	-38.6819287623781	rs1408078	-6.15923566878981	0.0286377590086024	FALSE
-1.4892831995566	-1.25345593183028	0.147242983240655	-0.614577583325322	-7.69214779161806	rs1408079	-1.48936170212766	0.235905770297382	FALSE
0.446350545302239	-1.67076806081497	0.389079731930732	3.39410977838467	1.68687709348365	rs140865840	0.446335078534031	2.117103139349	FALSE
-0.775850336723817	-0.534836564226108	0.189938234314902	-0.553013409716727	-3.53838969208413	rs140940107	-0.775836972343523	0.241000408117415	FALSE
-0.363294895850467	-0.480986844578123	0.19761196366157	0.264752541013829	-2.31690804232881	rs1410408	-0.36328125	0.117705594578123	FALSE
1.1721864648483	0.809076731459029	0.191645962311136	0.829445878961514	-4.91122590020753	rs141334189	1.17220543806647	0.363128706607437	FALSE
0.280011166743272	1.31948152505647	0.143110853052756	-2.74774119083892	-1.57717449889653	rs141427184	0.28	1.03948152505647	FALSE
1.42800595156277	1.30517845587761	0.143110853052756	0.32468282194154	-7.95990916344612	rs141503126	1.4280701754386	0.12289171956099	FALSE
0.337952652326381	-0.317509372877594	0.181964398748475	1.53657697834491	1.69670743557371	rs141772389	0.337939698492462	0.655449071370056	FALSE
-1.38255415991337	-0.663810189578052	0.299833691072874	-1.31260483235138	-3.25190907472144	rs142079089	-1.38260869565217	0.718798506074122	FALSE
0.654510571860429	0.647357328867476	0.27693487684665	0.0135929635165331	-3.21756963212515	rs142478061	0.654494382022472	0.00713705315499558	FALSE
-0.634199314295997	-1.16568168814249	0.329914911947874	0.925311358235306	-3.24254135393542	rs142585037	-0.634182908545727	0.531498779596767	FALSE
0.831989401483325	0.748830499930351	0.256687434033227	0.164136980506901	-3.87045193041536	rs142764189	0.831978319783198	0.0831478198528464	FALSE
-0.819962964647268	-0.762008519038944	0.227161913842253	-0.121595918117718	-4.08120058785729	rs142894167	-0.819951338199514	0.0579428191605691	FALSE
2.41555282846538	2.12806931763509	0.143751395980171	0.758240372168759	-11.4691798966683	rs1429904	2.41605839416058	0.287989076525491	FALSE
-0.419369794409479	-0.516715329121464	0.143167647003886	0.257272633084514	-3.16529056223587	rs1429905	-0.419354838709677	0.0973604904117869	FALSE
1.50737969205965	1.55252409215415	0.143815954185754	-0.119042037812141	-8.61567030605287	rs1429906	1.50746268656716	0.0450614055869849	FALSE
1.85251819349131	1.74812889596239	0.159459395046373	0.261415249933265	-9.25971246435684	rs1429907	1.85271317829457	0.104584282332188	FALSE
-0.451628460262787	-0.457076994879068	0.145185375434762	0.0142994152622697	-3.10897006967328	rs1429909	-0.451612903225806	0.00546409165326106	FALSE
0.522098453208974	0.0301826673225816	0.14385015363865	1.29698691475795	-0.290689433706101	rs143009081	0.522082018927445	0.491899351604863	FALSE
-0.087095497618164	-0.954828941058601	0.277866173924851	1.64614654731587	-0.600482076173294	rs143107933	-0.0870917573872473	0.867737183671354	FALSE
-0.924056475974789	-0.972947332410311	0.146495386292113	0.127736693858048	-5.94458063207583	rs143616521	-0.924050632911392	0.0488966994989186	FALSE
-0.112285499343724	-0.403063769220147	0.151717557979753	0.746524432970056	-0.867356873194991	rs14374	-0.112280701754386	0.290783067465761	FALSE
-3.04549266714637	-2.29242723335684	0.259062916219256	-1.47955150696057	-8.92264066795924	rs143765758	-3.04658385093168	0.754156617574842	FALSE
0.970590669479666	1.01743165963351	0.145068486591336	-0.122981426628167	-6.24978277479301	rs143923368	0.970588235294118	0.0468434243393949	FALSE
1.34610654219292	-0.62143403411683	0.239728233186945	4.01850122641797	3.26017115428054	rs143934170	1.34615384615385	1.96758788027068	TRUE
-0.514696855800757	-0.563152876102083	0.183054058616694	0.113255176551878	-3.26035568645006	rs144047769	-0.514680483592401	0.0484723925096826	FALSE
-1.34403911371687	0.188647123226255	0.28889048355259	-2.85158708876172	0.839465207911461	rs144283757	-1.34408602150538	1.53273314473163	FALSE
-2.07841853965227	-1.22219186130832	0.213337525382232	-1.85376692372656	-5.69657923028173	rs144559806	-2.07871720116618	0.85652533985786	FALSE
-0.503480467457433	0.469071130929902	0.260060109632431	-1.90711016646996	2.38277149050383	rs144749971	-0.503464203233256	0.972535334163159	TRUE
-0.245232903570455	-0.226343272763711	0.167969279539271	-0.0460901944221766	-1.00402395384237	rs144864106	-0.245222929936306	0.018879657172595	FALSE
1.35965340048603	1.06035493659826	0.346471279082512	0.508476478974678	-4.75508088534135	rs145099278	1.35970333745365	0.299348400855388	FALSE
0.920594310890092	0.737236593602503	0.168051364157038	0.44727865414611	-4.72342734351026	rs145222622	0.920588235294118	0.183351641691615	FALSE
0.172501414912175	-0.273990857013396	0.280640410413422	0.842827782356323	0.523561412448746	rs145300866	0.172494172494173	0.446485029507569	FALSE
-1.57587056210835	-1.30489024627216	0.229081593532448	-0.56616451616887	-6.83896861234386	rs145638772	-1.57597173144876	0.271081485176606	FALSE
1.2866191910528	-0.411955061306074	0.563330309452121	2.26309600129116	1.91833076595961	rs145834945	1.28665568369028	1.69861074499635	FALSE
-2.12637271753086	-0.6990403077645	0.264322954094701	-2.77624434886038	-3.01984349825367	rs145876102	-2.12669683257919	1.42765652481469	FALSE
0.473298335757191	0.231064801847989	0.153562363734652	0.618147149444761	-1.88840903709553	rs145944507	0.473282442748092	0.242217640900103	FALSE
0.0223890280394428	0.981435792482677	0.257454451754521	-1.89012088799288	-0.153110744097969	rs146066196	0.0223880597014925	0.959047732781184	FALSE
-0.551197707697107	-0.640548795607914	0.209682458566802	0.195127641207233	-3.33369671433987	rs146215050	-0.551181102362205	0.0893676932457096	FALSE
-0.700824057199827	-1.3341714432125	0.181696960808886	1.48582667485917	-4.13948135018913	rs146519801	-0.700808625336927	0.633362817875571	FALSE
-0.416332884749332	0.0467830192696843	0.14385015363865	-1.22105304355425	0.391793927080417	rs146537242	-0.416317991631799	0.463101010901483	FALSE
0.521293023629704	1.0318952538419	0.192396922015208	-1.16408219724092	-3.29634098623719	rs146559116	0.521276595744681	0.510618658097214	FALSE
-0.414254331909889	-0.348914157496288	0.242310367380171	-0.132737700979937	-1.71060725072486	rs147091927	-0.414239482200647	0.0653253247043595	FALSE
-2.10212793521691	-0.729199541193974	0.233946256641844	-2.83850613145363	-3.32395086187102	rs147164201	-2.10243902439024	1.37323948319627	FALSE
0.464015756001809	0.0780538337676367	0.144725895395266	1.01454505428867	-0.697676011460139	rs1474742	0.464	0.385946166232363	FALSE
-1.13331938420228	-0.933307636844869	0.186379863954234	-0.463293288438692	-5.58807686793486	rs147680188	-1.13333333333333	0.200025696488464	FALSE
1.45348192490596	0.725457585560311	0.161269244595343	1.81288444686977	-4.27437167721158	rs147683764	1.45355191256831	0.728094327007995	FALSE
-0.881975690725491	-1.25116856954776	0.159918545417506	0.923217227828258	-5.73079378247147	rs147742969	-0.881967213114754	0.369201356433004	FALSE
0.284547398589272	-1.32067992684417	0.361594605154383	2.66947324734799	1.3851517992865	rs147774007	0.284536082474227	1.6052160093184	FALSE
-1.13296481803596	-1.11970989405455	0.215859208044566	-0.0285293549047839	-5.82999893591791	rs147835631	-1.13297872340426	0.0132688293497003	FALSE
-0.606854196376218	-1.57270846322937	0.243625356583473	1.9568176585893	-2.8435536035889	rs147993430	-0.606837606837607	0.965870856391766	FALSE
0.16745987335813	0.03645603544385	0.14385015363865	0.345405186076164	-0.133420037896591	rs148006790	0.167452830188679	0.130996794744829	FALSE
-1.75312351388938	-1.01440961259374	0.178278067319754	-1.74955384514846	-5.44919129226402	rs148281575	-1.75328083989501	0.738871227301275	FALSE
0.362193104172492	-0.35784900675792	0.218819634809929	1.53926981155625	1.70355399473406	rs148362733	0.362179487179487	0.720028493937407	FALSE
-0.0783538851982607	0.739534298754769	0.250769438680765	-1.63326490445175	0.583332639739728	rs148838761	-0.0783505154639175	0.817884814218686	FALSE
0.21789888957219	0.0176848899708796	0.249990138381003	0.400435897173009	-0.0484991187978285	rs148855767	0.217889908256881	0.200205018286001	FALSE
-1.27362299903099	-0.825530077325141	0.254591493260117	-0.888067832678144	-4.40399643733454	rs149014808	-1.27365728900256	0.448127211677416	FALSE
0.347735050411193	1.31863774126409	0.143110853052756	-2.56648907264852	-1.97936595834819	rs149150945	0.347721822541966	0.970915918722126	FALSE
1.111988618222	1.01371165664255	0.145068486591336	0.258027016508959	-6.60509413513414	rs149257151	1.112	0.0982883433574504	FALSE
1.05614445637811	1.01518084661974	0.145068486591336	0.107550313334075	-6.49591889561764	rs149291790	1.05614973262032	0.0409688860005815	FALSE
-0.0811553211061627	-0.0791215391788851	0.164569219103261	-0.00501337371352436	-0.123549347744696	rs149306469	-0.081151832460733	0.00203029328184794	FALSE
2.81966432894859	1.71838880192349	0.396710791705613	1.74847320373028	-5.93119478352576	rs149342796	2.82051282051282	1.10212401858933	FALSE
0.192437040912158	0.0155653482918879	0.171230825351493	0.427432318987633	-0.0549518213919759	rs149686634	0.192429022082019	0.176863673790131	FALSE
-0.00381695905912015	0.325485262560884	0.162303168561285	-0.817393465415517	0.0233417502664215	rs149704351	-0.00381679389312977	0.329302056454014	FALSE
0.427199578419716	-0.488235070539223	0.178732049942156	2.1653401469438	2.79129236032223	rs149706932	0.427184466019417	0.915419536558641	TRUE
-0.490670326408505	-0.726887069771158	0.17221457837399	0.569214194275504	-3.45102606184454	rs149793081	-0.490654205607477	0.236232864163681	FALSE
-0.548133747732787	0.0491145065335328	0.14385015363865	-1.57470687640088	0.480657556228834	rs150295060	-0.548117154811716	0.597231661345248	FALSE
-0.557663685937455	-0.512906643912048	0.257315182869778	-0.0882325173528614	-2.71809734587696	rs150344795	-0.557647058823529	0.0447404149114814	FALSE
-0.233489729046646	0.43376360506044	0.295196348413447	-1.22810432850378	1.0285665574468	rs150580247	-0.233480176211454	0.667243781271893	FALSE
0.461847783569107	0.232054129037709	0.153562363734652	0.58640226320738	-1.86892589121946	rs150758032	0.461832061068702	0.229777932030993	FALSE
-2.65423496730903	-2.38719521340109	0.15205884662557	-0.68480996777046	-12.5338685734705	rs1507756	-2.65492957746479	0.267734364063702	FALSE
1.78815109714385	1.5771510643207	0.145420510674242	0.553311491693031	-8.9287053676903	rs1507757	1.78832116788321	0.211170103562515	FALSE
1.13600586921672	1.70372045742734	0.142971833692343	-1.50142903646196	-6.60904655249217	rs1507758	1.1360201511335	0.567700306293839	FALSE
1.78815109714385	1.69623665869793	0.142971833692343	0.243085186850262	-9.41863617452185	rs1507759	1.78832116788321	0.0920845091852829	FALSE
1.79544764101968	1.69615292602083	0.142971833692343	0.262603729695207	-9.42556340328205	rs1507760	1.7956204379562	0.0994675119353781	FALSE
-1.92570018887596	-1.70831641746355	0.143299649573789	-0.574254695426844	-9.5088081650831	rs1507761	-1.92592592592593	0.217609508462374	FALSE
2.28425448206132	1.98085034482231	0.144929347719427	0.796972488427276	-10.6671436981658	rs1507762	2.28467153284672	0.303821188024402	FALSE
-1.880588231999	-2.12491891086188	0.146415030586451	0.638535680979497	-10.1763772363721	rs1507764	-1.88079470198676	0.244124208875123	FALSE
-1.20420189574406	-0.215944566487907	0.145290722470654	-2.59269304238946	-1.17075466568197	rs1507765	-1.20422535211268	0.988280785624769	FALSE
0.592264701074723	-1.07537584081416	0.234724204373094	3.44210018667346	3.4544212988829	rs150892449	0.592248062015504	1.66762390282967	TRUE
-0.739049601092706	-0.957519415904575	0.177895366891968	0.517975384917967	-4.64506899349991	rs150897705	-0.739035087719298	0.218484328185277	FALSE
-0.307455412417707	-0.597335700867129	0.331649557066581	0.503360316469435	-1.56386756187242	rs151105668	-0.307443365695793	0.289892335171336	FALSE
1.12927414690774	1.01325689602557	0.145068486591336	0.304604300210241	-6.63057684061073	rs151109033	1.12928759894459	0.11603070291902	FALSE
0.926887371222662	-0.341901791381329	0.209909438732857	2.76932213352415	2.31915991140761	rs151310724	0.926881720430108	1.26878351181144	TRUE
2.23572415507425	1.98207934570741	0.144929347719427	0.666266243886146	-10.6985183872977	rs1546431	2.23611111111111	0.254031765403697	FALSE
0.910575838063083	0.906814944789153	0.157605851660701	0.00947337742469082	-5.50886215941037	rs1560	0.910569105691057	0.00375416090190428	FALSE
0.959352899900711	0.882309360903453	0.159354421177848	0.192998602952109	-5.52176098553465	rs1564879	0.959349593495935	0.0770402325924824	FALSE
0.861798213709493	0.81225434416437	0.158967912247407	0.124261098380214	-5.04844790367726	rs1565	0.861788617886179	0.0495342737218091	FALSE
1.47147051064331	1.39085774857812	0.152000575337672	0.206766980633551	-8.09090710124055	rs1567190	1.47154471544715	0.0806869668690389	FALSE
-1.33506117831523	-1.27920376101664	0.144729450042791	-0.146825806569993	-7.77371365271628	rs1570563	-1.33510638297872	0.0559026219620855	FALSE
-1.93576982409967	-1.96306020856339	0.147675318008366	0.0710159165643586	-10.2150993123592	rs1570565	-1.936	0.0270602085633915	FALSE
-1.43436059063462	-1.42393219453885	0.143386853566077	-0.0275399311985516	-8.26695441890417	rs1570567	-1.4344262295082	0.010494034969349	FALSE
-2.94407756797507	-3.41383331165645	0.156660527220053	1.18684036107233	-15.6323867881151	rs1571344	-2.94505494505495	0.468778366601509	FALSE
1.70059067101622	1.68542077672666	0.146982969071485	0.0395684507594407	-9.17396877393538	rs1572275	1.7007299270073	0.0153091502806357	FALSE
1.49245803200689	1.47690340250119	0.143635301498838	0.0410420529160308	-8.46346125585105	rs1579484	1.49253731343284	0.0156339109316441	FALSE
-0.54892963975269	-0.440364372965802	0.144216646270579	-0.285879627783394	-3.30182755745955	rs1583088	-0.548913043478261	0.108548670512459	FALSE
-0.581538393673967	-0.519811357254454	0.143099594512183	-0.163175978234949	-3.66261768252599	rs1583089	-0.581521739130435	0.0617103818759807	FALSE
2.39667093668598	2.15039193894995	0.144429591950132	0.648036227860159	-11.5695649793988	rs1583090	2.39716312056738	0.246771181617423	FALSE
2.33997220325914	2.16043266100156	0.143933713604652	0.473237169654364	-11.6205771745602	rs1583091	2.34042553191489	0.179992870913331	FALSE
1.13600586921672	1.64020241618975	0.143396576486375	-1.33146721013672	-6.79934812646757	rs1588143	1.1360201511335	0.504182265056253	FALSE
-1.38883305950223	-1.98597824014332	0.156439417806107	1.50975624977753	-7.30790420372327	rs1594283	-1.38888888888889	0.597089351254429	FALSE
-0.379046303778882	-0.522318113318026	0.143099594512183	0.378740322411635	-2.99290675341389	rs1594284	-0.379032258064516	0.14328585525351	FALSE
1.69329381359453	1.69732520889763	0.142971833692343	-0.0106617904334974	-9.27629871177459	rs1652333	1.69343065693431	0.003894551963326	FALSE
-1.02962695032306	-0.66286028721619	0.160702033138293	-0.914911672454943	-4.43954785687105	rs17006738	-1.02962962962963	0.36676934241344	FALSE
-0.34422678042427	0.626465027113342	0.235269527661633	-2.0012370010079	2.28135385315727	rs17007184	-0.344213649851632	0.970678676964974	TRUE
-0.884623708600812	-0.875676038394801	0.154277867352451	-0.0227802326461686	-5.39402845324608	rs17020634	-0.884615384615385	0.00893934622058379	FALSE
-1.31692243691315	-1.06169874828084	0.173096534877193	-0.613446642744766	-6.50261337095998	rs17020983	-1.31696428571429	0.255265537433446	FALSE
0.393077965204038	0.139052640688396	0.184780624713981	0.59094736339618	-0.878190304265127	rs17020993	0.393063583815029	0.254010943126633	FALSE
1.64693676496936	0.625379308604408	0.192396922015208	2.32896916239274	-3.1800644743037	rs17021100	1.64705882352941	1.021679514925	FALSE
0.280470952066835	0.253149211850693	0.154897502948977	0.0694202461501897	-1.35856360535145	rs17021201	0.280459770114943	0.0273105582642494	FALSE
0.198075867776749	0.130659332782768	0.176258260017379	0.160580086699552	-0.45814526047036	rs17021206	0.198067632850242	0.0674083000674733	FALSE
0.183886781342816	-0.0033001890834345	0.152971207575224	0.478597877061383	0.0124597598023428	rs17021508	0.183879093198992	0.187179282282427	FALSE
-0.394111627553334	-0.220001678292365	0.155748387500111	-0.441175929591341	-1.58153902459372	rs17021887	-0.394097222222222	0.174095543929857	FALSE
-0.0411640058438449	0.0401464810622346	0.14385015363865	-0.214383519650126	0.0364866327796818	rs17022385	-0.0411622276029056	0.0813087086651401	FALSE
-0.403240418448724	-0.516922768596826	0.143167647003885	0.300448886991803	-3.09576169277825	rs17023429	-0.403225806451613	0.113696962145213	FALSE
-0.395175720186429	-0.517026488466754	0.143167647003885	0.322037041468841	-3.05933498169465	rs17023455	-0.395161290322581	0.121865198144174	FALSE
-0.965756237946861	-1.22094921950078	0.159336689067438	0.639309019765607	-6.22711787989984	rs17024177	-0.965753424657534	0.255195794843248	FALSE
-0.857829710177897	-0.177901930876901	0.26468318386622	-1.32159872234446	-1.26730602336688	rs17024239	-0.85781990521327	0.679917974336369	FALSE
-0.700824057199827	-1.33417144321251	0.181696960808886	1.48582667485919	-4.13948135018912	rs17024888	-0.700808625336927	0.63336281787558	FALSE
-0.810080700890749	-0.961011800058756	0.185124147471484	0.350789995698114	-4.86743098500932	rs17026687	-0.810068649885583	0.150943150173173	FALSE
3.27269793815582	3.45811273041818	0.144279020252417	-0.488138190196672	-18.8484303936722	rs1702749	3.27407407407407	0.18403865634411	FALSE
0.268959451869177	0.0346605618086419	0.14385015363865	0.617753288813963	-0.199687880638275	rs17042124	0.268948655256724	0.234288093448082	FALSE
-2.74116244389122	-2.56401710159384	0.147200718074007	-0.461715839476585	-13.7381053400588	rs17042493	-2.74193548387097	0.177918382277127	FALSE
-2.51883470545692	-2.5732200335237	0.147200718074007	0.141751214442932	-13.2617570806451	rs17042520	-2.51941747572816	0.0538025577955397	FALSE
-2.51883470545692	-2.57322003352369	0.147200718074007	0.141751214442915	-13.2617570806451	rs17043515	-2.51941747572816	0.053802557795533	FALSE
-2.61397408395902	-2.57151371849993	0.147578772741369	-0.110527864878385	-13.5209858266273	rs17044032	-2.61463414634146	0.0431204278415316	FALSE
-0.666682693656119	-0.353997343735992	0.247099114367262	-0.629030841534825	-2.32256360831647	rs17044219	-0.666666666666667	0.312669322930674	FALSE
-2.69044982934324	-2.40056650134912	0.150769502195974	-0.7465630444071	-12.6647072432107	rs17044525	-2.69117647058824	0.29060996923912	FALSE
0.558939189620075	0.776570562245818	0.170329466089716	-0.527322871902623	-3.78887639114076	rs17044576	0.558922558922559	0.217648003323259	FALSE
1.80741761361534	2.00504769192131	0.181810439696593	-0.463493485218798	-9.08710832686334	rs17045328	1.80759493670886	0.197452755212449	FALSE
-0.524839150423348	-0.519445865419455	0.20243031495856	-0.0119871404932391	-3.02666112155076	rs17045761	-0.524822695035461	0.00537682961600616	FALSE
0.36399833854425	0.300445809916607	0.146363960635373	0.166117642242405	-2.05456374538138	rs17045979	0.363984674329502	0.0635388644128946	FALSE
-0.949371143352516	-0.955825947345968	0.144679630819183	0.0169699031240078	-6.0187995531354	rs17046851	-0.949367088607595	0.00645885873837282	FALSE
-0.402955782154588	-1.305253247271	0.24885463245043	1.80874303795745	-1.99183782093661	rs17048254	-0.402941176470588	0.902312070800415	FALSE
-0.115389542070958	-0.331782893658357	0.148240173329723	0.562031887486544	-0.77463526809928	rs17049196	-0.115384615384615	0.216398278273741	FALSE
-3.17732008909529	-2.40587434291028	0.15841197401193	-1.93825710989767	-11.6988257797745	rs17049197	-3.17857142857143	0.772697085661153	FALSE
-1.41306645697565	0.0730600795857853	0.358757308341514	-2.48116365374678	0.314092985714449	rs17186575	-1.41312741312741	1.4861874927132	FALSE
1.87949323334282	2.36280461228107	0.286825769659925	-0.902439167758608	-7.89313699898568	rs17186582	1.8796992481203	0.483105364160765	FALSE
0.805627786336873	-0.0215422115724237	0.21134716345793	1.79927092507288	0.174241357479233	rs17186694	0.80561555075594	0.827157762328363	FALSE
4.22861478038299	3.8629235314749	0.162228899703136	0.907926006935899	-22.1401628257221	rs17186701	4.23170731707317	0.368783785598269	FALSE
-2.42202500723455	-2.2980015699079	0.162328860465835	-0.307826421550681	-11.5773772256443	rs17186722	-2.42253521126761	0.124533641359706	FALSE
-1.26143561475042	-1.22553433795043	0.15753169959576	-0.0904536122223939	-7.30550365281523	rs17186771	-1.26146788990826	0.0359335519578248	FALSE
-0.702454422609722	-0.406197446975933	0.14709697860337	-0.772443474773997	-3.19691177498653	rs17186897	-0.702439024390244	0.296241577414311	FALSE
-1.33866379270351	-1.14079301639019	0.14996896216841	-0.510953013221872	-7.22087108678597	rs17258711	-1.33870967741936	0.197916661029168	FALSE
0.68062417395084	1.72678561096632	0.217313117326766	-2.24416991719166	-3.27673150593286	rs17258746	0.680608365019011	1.04617724594731	FALSE
-0.487820964086827	-0.341030089968554	0.159951430180666	-0.367032898028894	-2.55764683884947	rs17258815	-0.487804878048781	0.146774788080226	FALSE
2.29035920698648	2.14791368569845	0.144501761735321	0.374724620038618	-11.5026492745864	rs17258843	2.29078014184397	0.142866456145526	FALSE
0.423091954109732	0.910630536103207	0.195560459226721	-1.10247427791742	-2.86035866893975	rs17258906	0.423076923076923	0.487553613026284	FALSE
0.453962964345697	0.36182321310657	0.198803014362278	0.206650068148122	-2.21384092551781	rs17258955	0.453947368421053	0.0921241553144825	FALSE
-2.21988688457699	-2.00461249929762	0.146836114223796	-0.561792473095496	-10.7477474987975	rs17258996	-2.22026431718062	0.215651817882994	FALSE
-0.0562725237913051	-0.260519747554699	0.526766917293357	0.281414788478563	-0.087846850121474	rs17259031	-0.0562700964630225	0.204249651091676	FALSE
-1.65139171246895	-1.76486843331659	0.156587130622034	0.286766717031791	-8.96370667373528	rs17259038	-1.65151515151515	0.113353281801436	FALSE
-0.855731307167038	-0.925324518491307	0.182091395650579	0.16308805932112	-5.01056961079676	rs17259045	-0.855721393034826	0.0696031254564812	FALSE
-0.963966916079673	-0.721351541717663	0.145482040183604	-0.636082762999589	-5.00158218227499	rs1746659	-0.963963963963964	0.242612422246301	FALSE
-5.98455289509967	-5.97880320611473	0.153996258578091	-0.0146517421968003	-38.4286733935388	rs1752684	-5.99358974358974	0.0147865374750156	FALSE
-0.724847101359782	-0.728342088695321	0.145482040183604	0.00916306811505255	-4.61675129468736	rs1752688	-0.724832214765101	0.0035098739302204	FALSE
-3.39694587952983	-3.51741211080613	0.144720565817329	0.316665097093669	-19.6400579735516	rs17615	-3.3984962406015	0.11891587020463	FALSE
-3.54709301834869	-3.59638644682831	0.147172846238687	0.128491731337893	-20.3907650617959	rs17616	-3.54887218045113	0.047514266377179	FALSE
-4.66852035263698	-3.53651220875917	0.171147034323203	-2.7363072571397	-18.8457878294505	rs17617	-4.67272727272727	1.1362150639681	FALSE
3.91602333525549	3.82605872746675	0.186704764691083	0.20820635938063	-19.2962681539915	rs17618	3.91845493562232	0.0923962081555652	FALSE
2.35719930828317	2.07709983346833	0.143929906295571	0.738306638145876	-11.1997635006946	rs1762349	2.35766423357664	0.28056440010831	FALSE
2.35719930828317	2.07709983346833	0.143929906295571	0.738306638145882	-11.1997635006946	rs1762350	2.35766423357664	0.280564400108311	FALSE
3.28749270652746	3.37590410534662	0.144253084102795	-0.232780023863525	-18.7344694927163	rs178128	3.28888888888889	0.0870152164577336	FALSE
1.13600586921672	1.71921012849628	0.143299649573789	-1.54062919282438	-6.55735100724466	rs1782467	1.1360201511335	0.58318997736278	FALSE
2.43014087669288	2.12868211909714	0.144250758664023	0.793722793094049	-11.4463399933308	rs1782468	2.43065693430657	0.301974815209426	FALSE
-1.79490937223636	-1.79744617923217	0.147895247744857	0.00659645064046243	-9.56349305903393	rs1819221	-1.79508196721311	0.00236421201905257	FALSE
-1.87076533459531	-1.76528661313608	0.145794693223966	-0.276244728169177	-9.64628303288703	rs1819222	-1.87096774193548	0.105681128799408	FALSE
-0.115389542070958	-0.331782893658346	0.148240173329723	0.562031887486516	-0.774635268099257	rs1830762	-0.115384615384615	0.21639827827373	FALSE
0.533624197872969	0.0680174597405935	0.14426329873072	1.22586127926878	-0.655995232903034	rs1830764	0.53360768175583	0.465590222015236	FALSE
-0.931823492738372	-1.07445677269971	0.169534111417249	0.346411516755135	-5.76398687519169	rs1831150	-0.931818181818182	0.142638590881527	FALSE
0.558908085578292	-0.101172079811606	0.188166341669498	1.52168833781191	0.817049320651014	rs183247700	0.558891454965358	0.660063534776964	FALSE
1.11453143366122	1.48301427348807	0.143635301498839	-0.972269523056479	-7.04832494995041	rs1835307	1.11454311454311	0.368471158944958	FALSE
-2.68677664918954	1.14676182925674	0.434312762561587	-5.8169928633492	3.85094994873592	rs183975875	-2.6875	3.83426182925674	TRUE
-1.20965316793843	-1.18821706539322	0.150907579582367	-0.0551810930860394	-7.22831520863183	rs1843349	-1.20967741935484	0.0214603539616149	FALSE
0.532435461139737	0.0427005469460688	0.230180055711086	1.02076841018783	-0.285289192069151	rs184637870	0.532418952618454	0.489718405672385	FALSE
-1.09755125678677	-1.28488266671847	0.144729450042791	0.492415988589016	-7.11750333801447	rs1853526	-1.09756097560976	0.187321691108719	FALSE
-1.09755125678677	-1.21014448534883	0.146283956980337	0.294383810685023	-7.03649432283375	rs1853527	-1.09756097560976	0.112583509739076	FALSE
-1.11626718363992	-1.20949115397895	0.146283956980338	0.243741368695734	-7.10133669671877	rs1853528	-1.11627906976744	0.0932120842115036	FALSE
1.09696767711647	1.70416844655602	0.142971833692343	-1.60585774107386	-6.34115091269124	rs1858001	1.09697732997481	0.60719111658121	FALSE
-0.467757747976583	-0.44201072367211	0.144216646270579	-0.067798384718581	-3.11902108184476	rs1864369	-0.467741935483871	0.0257312118117615	FALSE
1.50737969205965	1.55252409215414	0.143815954185754	-0.11904203781213	-8.61567030605287	rs1864370	1.50746268656716	0.0450614055869805	FALSE
0.0381960948640822	-0.378166809458406	0.26486073357869	0.809027418666783	0.167635778317259	rs187258635	0.0381944444444444	0.41636125390285	FALSE
-2.63346968856698	-2.57065458339883	0.147578772741369	-0.16351294628013	-13.5642646615441	rs1876453	-2.63414634146341	0.0634917580645866	FALSE
-1.2513817796687	-0.206006096188041	0.144839642079829	-2.74681033178779	-1.12153457141111	rs1876455	-1.25141242937853	1.04540633319049	FALSE
-2.22677151036385	-1.2835588880107	0.228465119541251	-1.97332969728573	-5.62557138429098	rs187954297	-2.22715306506205	0.94359417705135	FALSE
3.31708168144304	3.375296346002	0.144253084102795	-0.153274478022444	-18.8709130162664	rs188714	3.31851851851852	0.0567778274834856	FALSE
-2.89907058978116	-2.90264143574796	0.156016263116715	0.0090403694905438	-14.93189662069	rs1887632	-2.9	0.00264143574795606	FALSE
-2.94407756797507	-3.40078907269373	0.15110015009836	1.17492326611996	-16.0032239869963	rs1887633	-2.94505494505495	0.455734127638783	FALSE
0.253616037915404	0.349024165734774	0.284158351831294	-0.1789802709773	-0.947348673994077	rs189047168	0.253605769230769	0.0954183965040051	FALSE
-0.610703593814727	-0.26445919142154	0.145406141220341	-0.908011578362393	-2.35318810589486	rs1891423	-0.610687022900763	0.346227831479223	FALSE
1.69451924167034	1.48256356905701	0.144545485525779	0.557497312380916	-8.58468594655127	rs1896956	1.69465648854962	0.212092919492604	FALSE
-0.0996774730305004	0.0411815532189867	0.14385015363865	-0.37138941077472	0.0903454761974805	rs190169923	-0.0996732026143791	0.140854755833366	FALSE
-1	-0.954509595497897	0.156522752810133	-0.11498231808435	-5.92821977422159	rs1905831	-1	0.0454904045021034	FALSE
0.500016227531634	0.702311261082961	0.16818056825749	-0.493284322470934	-3.51197475578837	rs191987769	0.5	0.202311261082961	FALSE
0.185491621450662	-0.0828401092566613	0.14426329873072	0.706470615078954	0.333123488639004	rs1962149	0.185483870967742	0.268323980224403	FALSE
1.11453143366122	1.48301427348807	0.143635301498839	-0.97226952305646	-7.04832494995042	rs1966592	1.11454311454311	0.368471158944951	FALSE
0.533624197872969	0.0680174597405879	0.14426329873072	1.22586127926879	-0.655995232902983	rs1970530	0.53360768175583	0.465590222015242	FALSE
-1.95176266927862	-2.20428113957866	0.148285803864578	0.655757644190467	-10.4474985416961	rs1977265	-1.952	0.252281139578658	FALSE
-1.92777335322334	-2.20545829870274	0.148285803864578	0.721111709010317	-10.3247206544741	rs1977266	-1.928	0.277458298702742	FALSE
-1.93576982409967	-1.9630602085634	0.147675318008366	0.071015916564369	-10.2150993123592	rs1977267	-1.936	0.0270602085633955	FALSE
-1.959759043316	-2.20388875637624	0.148285803864578	0.633973132036894	-10.4871112948476	rs1977268	-1.96	0.243888756376242	FALSE
0.832032077087061	0.635781650967826	0.163947015923475	0.484684186248894	-4.2287881808096	rs1977465	0.832020997375328	0.196239346407502	FALSE
-2.95505464559151	-3.40003186668651	0.151100150098359	1.14473597567895	-16.0890970548679	rs1986158	-2.95604395604396	0.443987910642551	FALSE
-1	-0.266151472463464	0.144745246051841	-1.92887583702413	-1.6775114895991	rs1995717	-1	0.733848527536536	FALSE
-1.73584875294616	-1.75216770050548	0.144424043739159	0.0429410239794983	-9.43562698847159	rs1998538	-1.736	0.016167700505481	FALSE
-1.73584875294616	-1.7521677005055	0.144424043739159	0.0429410239795386	-9.43562698847162	rs1998539	-1.736	0.0161677005054963	FALSE
1.02173718728568	1.54532709362046	0.145011156096678	-1.3749615648535	-6.29632722618544	rs200114063	1.02173913043478	0.523587963185682	FALSE
-0.419369794409479	-0.516715329121435	0.143167647003885	0.257272633084437	-3.16529056223582	rs2011822	-0.419354838709677	0.0973604904117578	FALSE
-1.07285730985838	-2.04264737279426	0.160401724595593	2.42143721652303	-5.2716804327703	rs2012296	-1.07286432160804	0.969783051186216	FALSE
-1.16933624935901	-1.08827686159087	0.155378250759611	-0.205640288890191	-6.77535432669609	rs2016939	-1.16935483870968	0.0810779771188031	FALSE
1.66410615078171	1.69766015667387	0.142971833692343	-0.0887399404248027	-9.21286932340268	rs2017760	1.66423357664234	0.0334265800315308	FALSE
1.59070265065665	1.70639999322813	0.226047263400576	-0.243345745094311	-7.78987244623059	rs201814462	1.59080800593032	0.115591987297813	FALSE
-0.990385435562673	-0.638053242683608	0.158235275973664	-0.885728608636851	-4.32998665795147	rs2025371	-0.990384615384615	0.352331372701007	FALSE
-2.2028846628348	-2.00204669525633	0.1436868822091	-0.529830868466344	-10.838340958034	rs2025372	-2.20325203252033	0.201205337263994	FALSE
-1.72785152150392	-1.7523416366138	0.144424043739159	0.0644423064888925	-9.41796859430941	rs2025374	-1.728	0.0243416366137958	FALSE
1.71530296234237	1.7526145620082	0.144424043739159	-0.0981802466206552	-9.38884657559798	rs2025375	1.71544715447154	0.0371674075366557	FALSE
-1.01515017395063	-1.00754018220163	0.173923888038901	-0.0182475502457046	-5.83218472224801	rs2025935	-1.01515151515152	0.00761133294988214	FALSE
2.34990497060232	2.07723298205441	0.14392990629557	0.718728727765161	-11.2032904650248	rs2039543	2.35036496350365	0.273131981449243	FALSE
-0.500016227531634	-0.520820563018478	0.143099594512183	0.0549964487444695	-3.46437331468055	rs2039544	-0.5	0.0208205630184779	FALSE
1.11109983343767	1.37187201810685	0.16837953141723	-0.635501554334317	-6.80379849795653	rs2054780	1.11111111111111	0.260760906995735	FALSE
-1.83424937210696	-2.01958067015134	0.146836114223796	0.483651262714026	-9.95963261436171	rs2063143	-1.83443708609272	0.185143584058627	FALSE
-1.14514586022376	-1.19257893899613	0.150907579582367	0.122102846334845	-7.07871782799074	rs2075863	-1.14516129032258	0.0474176486735454	FALSE
-0.386754564052377	-1.16594552661959	0.15537825075961	1.97673655149327	-2.25505876056221	rs2075864	-0.386740331491713	0.779205195127879	FALSE
-1.18546307696802	-1.1898527578906	0.150907579582367	0.0112999735421325	-7.1788649047141	rs2075865	-1.18548387096774	0.00436888692285975	FALSE
-1.59560752622091	-0.212164420885864	0.145127013609604	-3.63150941157369	-1.28702177166229	rs2089493	-1.59571428571429	1.38354986482842	FALSE
-6.24133634779401	-5.83970582446932	0.152060502015194	-1.02995559502008	-37.7229376158496	rs2093760	-6.25161290322581	0.411907078756489	FALSE
-6.09939609731688	-6.08236124500946	0.150798414928334	-0.0438672070273981	-38.6215121408059	rs2093761	-6.10897435897436	0.0266131139648973	FALSE
-1.75184312920605	-1.98922677755113	0.145313177569635	0.622727866469422	-9.63744788968085	rs2104303	-1.752	0.237226777551132	FALSE
-1.85165721330493	-1.70933782886263	0.143299649573789	-0.375959871499322	-9.50320499547115	rs2135923	-1.85185185185185	0.142514022989225	FALSE
-1.89382771476083	-2.06446435778496	0.148968967804449	0.442103949089741	-10.1582545560187	rs2135924	-1.89403973509934	0.170424622685623	FALSE
-0.23189355295495	-0.520800966130842	0.147049932619578	0.753401136120435	-2.0392997428174	rs2147021	-0.231884057971015	0.288916908159827	FALSE
1.28422787626655	1.03624097388742	0.144599741187679	0.65214622701094	-6.83386620475434	rs2147022	1.28426395939086	0.248022985503445	FALSE
1.28422787626655	1.03624097388741	0.144599741187679	0.652146227010949	-6.83386620475432	rs2147023	1.28426395939086	0.248022985503448	FALSE
1.28422787626655	1.03624097388742	0.144599741187679	0.652146227010938	-6.83386620475434	rs2147024	1.28426395939086	0.248022985503444	FALSE
-2.08100081274941	-2.01403777053359	0.14347740881138	-0.17678418617836	-10.7768745131863	rs2181694	-2.08130081300813	0.0672630424745364	FALSE
-3.30684798567651	-3.47209986278088	0.152491120063433	0.423179015794309	-18.366686458847	rs2182909	-3.30827067669173	0.163829186089154	FALSE
-4.19697911692771	-3.37672334280993	0.150681296502294	-2.11309791781768	-19.0936923167481	rs2182911	-4.2	0.823276657190071	FALSE
-2.67310855286704	-3.47732533483338	0.150681296502294	2.07177914629724	-13.7433160552876	rs2182912	-2.67381974248927	0.803505592344112	FALSE
1.67882961864225	-0.951517071077861	0.150464887529487	6.78102603040491	5.39400976176852	rs2182913	1.67896174863388	2.63047881971174	TRUE
-0.805417649593956	-0.492900870538532	0.143356581793264	-0.825400107444628	-3.67582406688847	rs2217406	-0.805405405405405	0.312504534866874	FALSE
-1.28186342970473	-0.931527639542472	0.154415012211836	-0.891537770175296	-6.09526669817676	rs2235768	-1.28189910979229	0.350371470249813	FALSE
1.57531797927847	1.44690417638185	0.166495046303025	0.314710366883395	-8.09135571925369	rs2243816	1.57541899441341	0.12851481803156	FALSE
1.54089195385088	1.53396279445335	0.177333975962785	0.0164544956887196	-8.09690090606427	rs2243821	1.54098360655738	0.00702081210403205	FALSE
-4.42949725350267	-4.17476949160422	0.148675064844822	-0.660628356950365	-26.3786291287911	rs2274566	-4.43307086614173	0.258301374537513	FALSE
-1.0189856514654	-1.04037410112606	0.149606843167765	0.0552972554185447	-6.37706676165664	rs2274567	-1.01898734177215	0.021386759353905	FALSE
0.504016269759479	0.0770984200896636	0.144725895395265	1.12220239360109	-0.722134026244091	rs2281289	0.504	0.426901579910336	FALSE
-0.0650712970099275	-0.886644654584161	0.151774525035174	2.10885590497869	-0.458972987759719	rs2294911	-0.0650684931506849	0.821576161433476	FALSE
-2.05616433999203	-2.00279508717884	0.144913282394173	-0.140196452911957	-10.6528837275388	rs2296156	-2.05645161290323	0.0536565257243833	FALSE
-1.1300677516339	-1.266135524888	0.144914573779889	0.357436785463776	-7.23527423191139	rs2296157	-1.13008130081301	0.136054224074995	FALSE
-1.05690521553756	-1.22724537504326	0.144954151670471	0.447405913781879	-6.91520615174011	rs2296158	-1.05691056910569	0.170334805937568	FALSE
-2.04004339220437	-2.00320150808238	0.144913282394172	-0.0967804719053226	-10.624348656569	rs2296159	-2.04032258064516	0.037121072562778	FALSE
-6.2716214990524	-6.1492902054381	0.151014572443961	-0.314795227522662	-38.6754511148856	rs2296160	-6.28205128205128	0.132761076613182	FALSE
-1.28222232337249	-1.11897454206357	0.151217639976799	-0.419803504372732	-7.09326636512298	rs2306714	-1.28225806451613	0.163283522452556	FALSE
-1.09916365213495	-1.05350106447614	0.152233982264843	-0.117032023701049	-6.57936745841502	rs2353545	-1.09917355371901	0.0456724892428639	FALSE
-0.483887004095983	-0.502594614429819	0.143387590234896	0.0494040476873545	-3.36481824556429	rs2404554	-0.483870967741936	0.018723646687884	FALSE
-0.395175720186429	-0.498725329926565	0.143356581793264	0.273488864385739	-3.01936989860751	rs2404556	-0.395161290322581	0.103564039603984	FALSE
-0.891899785446522	-0.351545858863888	0.146371183171513	-1.41237662066975	-2.55658021787745	rs2404557	-0.891891891891892	0.540346033028004	FALSE
1.93342015352216	2.07685026054143	0.145294711964621	-0.376283710829535	-10.430925670909	rs2404781	1.93364928909953	0.143200971441905	FALSE
1.70059067101622	1.6972414726224	0.142971833692343	0.00885759115894862	-9.29070990884908	rs2435297	1.7007299270073	0.00348845438489476	FALSE
0.699875198765925	0.646941459255673	0.151720101161107	0.135897358133182	-4.22172014128376	rs2466571	0.699859747545582	0.052918288289909	FALSE
-1.23023582005685	-1.03656041224164	0.147419571273325	-0.504425353700328	-6.78212937730197	rs2466572	-1.23026315789474	0.193702745653096	FALSE
-1.03184424457546	-1.25441463599165	0.145827004755098	0.582838741488103	-6.79433264085274	rs2476542	-1.03184713375796	0.22256750223369	FALSE
2.02298503009258	1.75403819217859	0.15174712919744	0.690408613019323	-9.47233312502063	rs2476543	2.02325581395349	0.269217621774897	FALSE
1.68279341673011	1.75332162968373	0.144424043739159	-0.185585110354927	-9.30537613211457	rs2488248	1.68292682926829	0.0703948004154411	FALSE
0.547635638395546	0.844515429298063	0.171816937876853	-0.716221985301698	-3.73163345057604	rs2488249	0.547619047619048	0.296896381679016	FALSE
0.672215114647459	0.0497813232071407	0.145212144727881	1.6333967691093	-0.482562403420436	rs2488252	0.672199170124481	0.622417846917341	FALSE
0.672215114647459	0.0497813232071359	0.14521214472788	1.63339676910932	-0.482562403420391	rs2488253	0.672199170124481	0.622417846917345	FALSE
0.672215114647459	0.0863960586318675	0.146129120622485	1.53248103711404	-0.82906331364333	rs2488254	0.672199170124481	0.585803111492614	FALSE
0.672215114647459	0.049781323207144	0.14521214472788	1.6333967691093	-0.482562403420469	rs2488255	0.672199170124481	0.622417846917337	FALSE
-1.2520017713317	-0.849663935882901	0.155474966718851	-1.0203769485462	-5.58576313611968	rs2488259	-1.2520325203252	0.402368584442303	FALSE
2.62228371759495	2.35497691426978	0.158076574932923	0.672320344986631	-12.1112582144699	rs2490255	2.62295081967213	0.267973905402353	FALSE
-0.990196914452978	-1.72122154048144	0.143299649573789	1.93112080649791	-5.5713759703417	rs2490256	-0.990196078431372	0.731025462050064	FALSE
1.70275857340507	1.71139186257649	0.143299649573789	-0.0228062417514232	-9.31517090588498	rs2490260	1.70289855072464	0.00849331185185087	FALSE
2.38637633221903	2.06653435917308	0.14432535701588	0.841907029401481	-11.1069555231194	rs2490261	2.38686131386861	0.320326954695536	FALSE
-0.354344116795837	-0.267101447100557	0.162730104761285	-0.216269359902899	-1.66886146464932	rs2491393	-0.354330708661417	0.08722926156086	FALSE
-0.565870304566207	-0.348649167568941	0.158293448811324	-0.545972303324595	-2.7618232742885	rs2491394	-0.565853658536585	0.217204490967645	FALSE
-0.853783599490084	-0.548526042769358	0.156466202223405	-0.771713598509399	-3.86352147355473	rs2491395	-0.85377358490566	0.305247542136302	FALSE
-0.464301474660525	-0.469418926933492	0.155763549829427	0.0129664438262108	-3.08487044049142	rs2491396	-0.464285714285714	0.00513321264777805	FALSE
-0.600016616873746	-0.58701470061034	0.159592804366647	-0.0325462316775698	-3.74271894900451	rs2495254	-0.6	0.0129852993896603	FALSE
2.34990497060232	2.12918472680046	0.143751395980171	0.582151648705508	-11.4824888448084	rs2564970	2.35036496350365	0.221180236703191	FALSE
2.39367050600303	2.1284411156469	0.143751395980171	0.699544927195654	-11.4783298869054	rs2564971	2.39416058394161	0.26571946829471	FALSE
2.37178788580984	2.07683353808202	0.143929906295571	0.777462196319333	-11.1911762129572	rs2564973	2.37226277372263	0.295429235640604	FALSE
1.70788750492371	1.69715773661704	0.142971833692343	0.0283769098499319	-9.30454276979661	rs2564974	1.70802919708029	0.0108714604632516	FALSE
1.70788750492371	1.69715773661705	0.142971833692343	0.0283769098499154	-9.30454276979663	rs2564975	1.70802919708029	0.0108714604632454	FALSE
1.65205026920388	1.71209137579214	0.143299649573789	-0.158608377952557	-9.19622757638397	rs2564978	1.65217391304348	0.0599174627486652	FALSE
-1.3144747244328	-1.07278080016589	0.154232502239917	-0.615428750410102	-6.84862178748898	rs2629665	-1.31451612903226	0.241735328866371	FALSE
2.0923769857505	2.13561425318442	0.144250758664024	-0.113841126882866	-11.0857005390464	rs2661357	2.09268292682927	0.0429313263551538	FALSE
-1.05881798072222	-1.72027492348283	0.143299649573789	1.74734642211325	-6.02845036898503	rs2661358	-1.05882352941176	0.661451394071065	FALSE
3.76883696934187	3.94074968470959	0.150265262994999	-0.443484761970799	-22.2879047310253	rs2661361	3.77099236641221	0.16975731829738	FALSE
3.28749270652746	3.45780613029599	0.144279020252417	-0.448381088855779	-18.934199843505	rs2661364	3.28888888888889	0.168917241407096	FALSE
3.55473038997129	3.37041502707295	0.144253084102794	0.485287362794099	-19.6215073376008	rs2661365	3.55652173913043	0.186106712057488	FALSE
0.672215114647459	0.0651607786187672	0.14426329873072	1.59826811771401	-0.630841568233618	rs2724359	0.672199170124481	0.607038391505714	FALSE
-1.3986349331289	-1.06847132443238	0.152688896251069	-0.84493923056623	-6.79729326347833	rs2724360	-1.39869281045752	0.330221486025139	FALSE
0.672215114647459	0.0497813232071394	0.14521214472788	1.63339676910931	-0.482562403420424	rs2724361	0.672199170124481	0.622417846917342	FALSE
0.650809885129763	0.732272235383376	0.167743408961938	-0.198899734457176	-4.12096587799252	rs2724373	0.650793650793651	0.0814785845897249	FALSE
-1.41170404364328	-1.02854728508624	0.149653131225406	-0.990452349378902	-6.59211083224497	rs2724374	-1.41176470588235	0.383217420796113	FALSE
0.512016347917166	0.0212127914491811	0.147979075519154	1.27587329131677	-0.198422506071607	rs2724375	0.512	0.490787208550819	FALSE
-0.363650018763613	-0.539983007068762	0.150018212222969	0.455262181112908	-2.87872624496914	rs2724377	-0.363636363636364	0.176346643432399	FALSE
0.672215114647459	0.0497813232071269	0.145212144727881	1.63339676910934	-0.482562403420304	rs2724380	0.672199170124481	0.622417846917354	FALSE
0.672215114647459	0.0497813232071316	0.14521214472788	1.63339676910933	-0.482562403420349	rs2724381	0.672199170124481	0.62241784691735	FALSE
-0.67896320512051	0.0867023774607062	0.14521214472788	-2.00926701924773	0.829473157420936	rs2724382	-0.678947368421053	0.765649745881759	FALSE
0.672215114647459	0.0651607786187617	0.14426329873072	1.59826811771402	-0.630841568233565	rs2724383	0.672199170124481	0.60703839150572	FALSE
-1.30917007736933	-1.03317082929607	0.147419571273325	-0.718836840985068	-6.76171060300841	rs2724384	-1.30921052631579	0.276039697019723	FALSE
0.805297367331144	0.602195283406572	0.149181203406236	0.525844488590779	-4.21672012491969	rs2724385	0.80528511821975	0.203089834813178	FALSE
0.805297367331144	0.602195283406573	0.149181203406236	0.525844488590776	-4.21672012491969	rs2724386	0.80528511821975	0.203089834813177	FALSE
0.672215114647459	0.0497813232071327	0.14521214472788	1.63339676910933	-0.48256240342036	rs2724387	0.672199170124481	0.622417846917349	FALSE
0.672215114647459	0.0651607786187554	0.14426329873072	1.59826811771404	-0.630841568233505	rs2724388	0.672199170124481	0.607038391505726	FALSE
0.672215114647459	0.0651607786187535	0.14426329873072	1.59826811771404	-0.630841568233487	rs2724389	0.672199170124481	0.607038391505728	FALSE
-1.21426078358746	-1.20245189327571	0.151683573797438	-0.0303207411188009	-7.25863860755927	rs2724392	-1.21428571428571	0.0118338210100002	FALSE
0.315229676607537	0.0304421149601414	0.147979075519154	0.740322352633241	-0.197342146017208	rs2724394	0.315217391304348	0.284775276344206	FALSE
0.384014166811461	0.0799646745391865	0.144725895395266	0.79922886397239	-0.623405078810485	rs2724398	0.384	0.304035325460814	FALSE
-0.305797119169733	-0.381223968875711	0.148609298691595	0.195660417962447	-2.13037069758185	rs2745972	-0.305785123966942	0.075438844908769	FALSE
0.48001598556702	0.0227136130985039	0.147979075519154	1.1887849535712	-0.204979119085961	rs2745975	0.48	0.457286386901496	FALSE
0.338474507128393	0.0559822699566487	0.148727934310368	0.732504412186714	-0.384014955098647	rs2745977	0.338461538461539	0.28247926850489	FALSE
0.336646579972464	0.969855831025303	0.149720856950388	-1.63646265565642	-2.26424860972269	rs2745979	0.336633663366337	0.633222167658967	FALSE
0.552016608425519	0.0193367734125135	0.147979075519154	1.38473318980615	-0.186741171323389	rs2745980	0.552	0.532663226587486	FALSE
1.65028340925128	1.99207449695838	0.145313177569636	-0.896619612639443	-9.10916248515085	rs2761420	1.65040650406504	0.341667992893342	FALSE
2.33537063386815	2.35088068989343	0.155128505802426	-0.0393792610059554	-11.8318473705317	rs2761421	2.33582089552239	0.0150597943710431	FALSE
1.87824754104093	1.74907059231153	0.144424043739159	0.339911041004568	-9.63288795642577	rs2761422	1.87845303867403	0.129382446362505	FALSE
2.22957137529272	1.57216770863712	0.524398479980705	0.907823477414284	-5.6574798446274	rs2761423	2.22995461422088	0.657786905583762	FALSE
2.35774366053637	2.18466928374551	0.156566128826098	0.437405127421548	-11.2732785221085	rs2761424	2.35820895522388	0.173539671478369	FALSE
1.70717561972678	1.75279132797471	0.144424043739159	-0.120031344827584	-9.36906394249059	rs2761425	1.70731707317073	0.0454742548039733	FALSE
1.78277765754578	1.58668778404637	0.164157610133531	0.483976925031731	-8.61602848745504	rs2761426	1.78294573643411	0.196257952387741	FALSE
0.212214039908175	0.116235638135103	0.145709108257623	0.251437565849745	-0.525286729109936	rs2761430	0.212205270457698	0.0959696323225951	FALSE
0.533624197872969	0.0680174597405621	0.14426329873072	1.22586127926886	-0.655995232902735	rs2761433	0.53360768175583	0.465590222015268	FALSE
-1.25654746661886	-1.03543054149234	0.147419571273325	-0.57589646731245	-6.78414424465721	rs2761434	-1.25657894736842	0.221148405876082	FALSE
0.585552116725468	0.603770204927004	0.149976446429406	-0.0470425950181311	-3.841065054973	rs2761435	0.585535465924896	0.0182347390021081	FALSE
0.585552116725468	0.46709607216045	0.149221316534995	0.306649169700187	-3.41980863962605	rs2761436	0.585535465924896	0.118439393764446	FALSE
-1.16445574644146	-1.0989277661699	0.149833822638983	-0.169286315364369	-6.90541606099519	rs2761437	-1.16447368421053	0.0655459180406277	FALSE
1.66653847016688	1.71189151330012	0.143299649573789	-0.119807462175937	-9.23306539884799	rs2782828	1.66666666666667	0.0452248466334486	FALSE
1.92579462971842	1.92865538839163	0.156439417806106	-0.00723282783820068	-9.88608316262156	rs2782829	1.92602040816327	0.00263498022836584	FALSE
3.58277881418887	3.5951721344005	0.149896108879874	-0.0320105024658764	-20.2775016450839	rs2782832	3.58461538461539	0.0105567497851102	FALSE
2.40825875422681	2.1291312192263	0.144250758664023	0.734926025957993	-11.4587513885047	rs2782839	2.40875912408759	0.279627904861296	FALSE
2.40096464670582	2.07630095450422	0.143929906295571	0.855772254752895	-11.1680032345396	rs2782840	2.4014598540146	0.325158899510382	FALSE
1.69551459877127	1.71149179208648	0.143299649573789	-0.0422063626065025	-9.29989220334899	rs2782841	1.69565217391304	0.0158396181734339	FALSE
2.37908212545443	2.07670039128546	0.143929906295571	0.797039843571965	-11.1861251828658	rs2782842	2.37956204379562	0.302861652510158	FALSE
2.13389996284193	2.08117587072075	0.143929906295571	0.138974009962052	-11.060543343141	rs2782846	2.13422818791946	0.053052317198715	FALSE
2.33531619790867	2.07749928100325	0.143929906295571	0.679572645765949	-11.2087894354252	rs2782847	2.33576642335766	0.258267142354411	FALSE
2.39367050600303	2.07643409949473	0.143929906295571	0.836194873058766	-11.1745333285259	rs2782848	2.39416058394161	0.317726484446879	FALSE
1.97536163053897	2.13554851516988	0.143751395980171	-0.422494363827345	-10.6890262749556	rs2782850	1.97560975609756	0.159938759072323	FALSE
2.32802176309712	2.12955653984988	0.143751395980171	0.523453829762021	-11.4773108875542	rs2782851	2.32846715328467	0.198910613434793	FALSE
0.152751085736448	0.0849902434334664	0.148545401096923	0.175812273691595	-0.274695056721384	rs2782852	0.152744630071599	0.0677543866381327	FALSE
2.41555282846538	2.12806931763506	0.143751395980172	0.758240372168832	-11.4691798966682	rs2782853	2.41605839416058	0.287989076525519	FALSE
2.41555282846538	2.12806931763507	0.143751395980172	0.758240372168831	-11.4691798966682	rs2782854	2.41605839416058	0.287989076525519	FALSE
1.70233950112378	2.17979584016076	0.195270075721378	-1.08047772107332	-8.24785391277811	rs2796231	1.70247933884298	0.477316501317789	FALSE
1.86167976164063	1.74943093389884	0.144424043739159	0.295367062502601	-9.6212742621893	rs2796234	1.86187845303867	0.112447519139834	FALSE
1.78844770510124	1.7510236974708	0.144424043739159	0.0984760324295396	-9.53428525469231	rs2796250	1.78861788617886	0.0375941887080606	FALSE
1.96108440603799	1.74726892857	0.144424043739159	0.562625470286306	-9.64716628424652	rs2796251	1.96132596685083	0.214057038280827	FALSE
2.34282834330604	2.35015371341105	0.155128505802426	-0.0185987504403571	-11.8498055091096	rs2796255	2.34328358208955	0.0068701313214965	FALSE
1.66653847016688	1.99161870747358	0.145313177569635	-0.852782085121115	-9.2003048623531	rs2796257	1.66666666666667	0.324952040806918	FALSE
0.212214039908175	0.116235638135119	0.145709108257624	0.251437565849701	-0.525286729110008	rs2796258	0.212205270457698	0.0959696323225785	FALSE
0.585552116725468	0.614370220530562	0.149181203406236	-0.0746119427468462	-3.87393348917367	rs2796259	0.585535465924896	0.0288347546056663	FALSE
0.554704117892399	0.920231628990962	0.165749061843965	-0.897830862200976	-3.78681204480037	rs2796260	0.5546875	0.365544128990962	FALSE
1.60964526398341	1.75491256838672	0.144424043739159	-0.382250557466667	-9.07547037143749	rs2796261	1.60975609756098	0.145156470825748	FALSE
0.212214039908175	0.11623563813511	0.145709108257623	0.251437565849726	-0.525286729109967	rs2796262	0.212205270457698	0.095969632322588	FALSE
0.533624197872969	0.0680174597405534	0.14426329873072	1.22586127926888	-0.655995232902654	rs2796263	0.53360768175583	0.465590222015276	FALSE
0.533624197872969	0.0680174597405594	0.14426329873072	1.22586127926887	-0.65599523290271	rs2796264	0.53360768175583	0.46559022201527	FALSE
-1.31574783830032	-1.03418408876422	0.149653131225406	-0.727836508164961	-6.72802865674833	rs2796265	-1.31578947368421	0.281605384919989	FALSE
0.533624197872969	0.0680174597405607	0.14426329873072	1.22586127926886	-0.655995232902724	rs2796266	0.53360768175583	0.465590222015269	FALSE
0.851650637178413	0.638766111730396	0.152076277459448	0.545900330365434	-4.39515969385438	rs2796267	0.851640513552069	0.212874401821673	FALSE
0.533624197872969	0.0535683309487661	0.14521214472788	1.25976724401722	-0.515660240691304	rs2796268	0.53360768175583	0.480039350807064	FALSE
0.125989617288548	0.705230125630398	0.167856722360585	-1.41380514143258	-1.12506785353351	rs2796269	0.125984251968504	0.579245873661895	FALSE
0.725258948834387	0.595243778869974	0.149976446429406	0.335724084722236	-4.09707998246451	rs2796270	0.725244072524407	0.130000293654433	FALSE
0.672215114647459	0.0497813232071429	0.14521214472788	1.6333967691093	-0.482562403420458	rs2796271	0.672199170124481	0.622417846917338	FALSE
1.01118782656924	0.423517724411967	0.148584849769435	1.52456635647621	-2.84386746817403	rs2796273	1.01118881118881	0.587671086776845	FALSE
-0.598501470427115	-0.273434896331369	0.14653646830097	-0.84917940753617	-2.40774256867666	rs2796275	-0.598484848484849	0.32504995215348	FALSE
0.672215114647459	0.0497813232071489	0.14521214472788	1.63339676910928	-0.482562403420516	rs2796276	0.672199170124481	0.622417846917332	FALSE
-1.12289235036517	-0.760536804911105	0.155102286463866	-0.920080469526713	-5.09670279023424	rs2796278	-1.12290502793296	0.362368223021856	FALSE
1.62590060590475	1.75455902217096	0.144424043739159	-0.338546595481635	-9.13156594655074	rs2796280	1.6260162601626	0.128542762008355	FALSE
0.528016478575292	0.0765251742579338	0.144725895395266	1.18679652955921	-0.732058629661221	rs2796283	0.528	0.451474825742066	FALSE
1.70275857340507	1.7113918625765	0.143299649573789	-0.0228062417514432	-9.315170905885	rs2802217	1.70289855072464	0.00849331185185842	FALSE
3.79981871559974	3.58204936256032	0.149896108879874	0.562472871952362	-20.8564624212568	rs2802218	3.80203045685279	0.21998109429247	FALSE
3.79169625178766	3.81119945269431	0.150667297282722	-0.0502454101424679	-21.9443485719194	rs2802221	3.79389312977099	0.0173063229233188	FALSE
-0.965689093023129	-1.72155962208853	0.143299649573789	1.99675531264517	-5.41414367890353	rs2802227	-0.965686274509804	0.755873347578722	FALSE
2.04362146815332	2.12571990069532	0.144237635478808	-0.216170072555436	-10.9167207446392	rs2802230	2.04390243902439	0.0818174616709255	FALSE
1.72449035768704	1.71109207597261	0.143299649573789	0.0353937468982747	-9.35757936004518	rs2802231	1.72463768115942	0.0135456051868084	FALSE
2.34990497060232	2.07723298205442	0.143929906295571	0.718728727765138	-11.2032904650248	rs2802232	2.35036496350365	0.273131981449235	FALSE
1.70059067101622	1.69724147262243	0.142971833692343	0.00885759115888519	-9.29070990884912	rs2802233	1.7007299270073	0.00348845438487078	FALSE
1.13600586921672	1.70372045742736	0.142971833692343	-1.50142903646202	-6.6090465524921	rs2802234	1.1360201511335	0.567700306293861	FALSE
2.41555282846538	2.06592015406084	0.14432535701588	0.920323882092038	-11.076529814785	rs2802235	2.41605839416058	0.350138240099745	FALSE
1.63491811980556	1.69799510867504	0.142971833692343	-0.166819075267624	-9.14018986680971	rs2802236	1.63503649635037	0.0629586123246775	FALSE
1.7841451409671	2.16169724217629	0.146351033146434	-0.986913285401109	-9.61275308184429	rs2802237	1.7843137254902	0.377383516686098	FALSE
1.68102658028567	1.73590544785774	0.146435029224983	-0.143411062033918	-9.23154664416605	rs2802238	1.68115942028986	0.0547460275678862	FALSE
0.234052126373276	-0.156486427354471	0.162663906446921	0.968318690479097	0.694188728548727	rs2808454	0.234042553191489	0.39052898054596	FALSE
0.3693319837467	0.446953411870561	0.161822538102214	-0.192957704783177	-2.56472737518433	rs2808466	0.369318181818182	0.0776352300523794	FALSE
0.229308764034213	0.420439933278069	0.164620386224271	-0.471074622171167	-1.64594893854909	rs2808467	0.229299363057325	0.191140570220744	FALSE
0.397741761272937	0.436799303783075	0.160642097840429	-0.0974485161789141	-2.6722954599136	rs2808468	0.397727272727273	0.0390720310558018	FALSE
0.462515732882335	0.234560693794543	0.164348126336819	0.562298361976443	-1.79501588195212	rs2808470	0.4625	0.227939306205457	FALSE
-0.345005203130772	-0.300195946735968	0.231271717969244	-0.0931765173110719	-1.32974473757091	rs2808472	-0.344992050874404	0.0447961041384358	FALSE
2.33531619790867	1.96000618471115	0.146313324677517	0.981178926585594	-10.4446770379569	rs28371583	2.33576642335766	0.375760238646519	FALSE
2.24783261487739	2.0680752561145	0.145294711964621	0.471586945097462	-11.0990554892892	rs28371597	2.24822695035461	0.180151694240112	FALSE
0.235440858772617	0.0352534879180374	0.14385015363865	0.527814735667274	-0.179238225188267	rs28371601	0.235431235431235	0.200177747513198	FALSE
2.26237041396496	1.98140454547846	0.144929347719427	0.738032346587342	-10.6841296930891	rs28371614	2.26277372262774	0.281369177149274	FALSE
-1.35784515506402	-0.823735001397848	0.190085011814153	-1.22505869498581	-4.8821674466077	rs28371626	-1.35789473684211	0.534159735444258	FALSE
2.03855650171808	1.98707249608435	0.144929347719427	0.135236574087298	-10.5757623468186	rs28371645	2.03883495145631	0.0517624553719622	FALSE
0.492929533455885	0.0306986500207536	0.14385015363865	1.21871959512766	-0.287457529146134	rs28371652	0.492913385826772	0.462214735806018	FALSE
-1.30847031470127	-0.128501422022119	0.205076815175013	-2.60562718161281	-0.577643769201291	rs28371660	-1.30851063829787	1.18000921627575	FALSE
-0.347929899907283	0.0455730067981289	0.14385015363865	-1.03751116666544	0.330445126080552	rs28371662	-0.347916666666667	0.393489673464796	FALSE
1.39487044954553	1.29415693044509	0.186576996739196	0.233162510157331	-7.23381396312232	rs28371666	1.39492753623188	0.100770605786791	FALSE
1.65205026920388	1.4595185963394	0.216890277820914	0.413411108226278	-7.51278050462351	rs28371667	1.65217391304348	0.192655316704082	FALSE
-0.179805508855648	0.0425989756149742	0.14385015363865	-0.586392456631797	0.167059184880633	rs28371668	-0.17979797979798	0.222396955412954	FALSE
-1.16664843705083	-1.35090771889347	0.205654710498447	0.406312369071356	-6.49606787393454	rs28371670	-1.16666666666667	0.184241052226808	FALSE
1.58081030967076	1.55813939219154	0.179882115958311	0.0534533714273106	-8.16365829162751	rs2842700	1.58091286307054	0.0227734708790002	FALSE
0.843033809736383	1.77456587121865	0.270931046768886	-1.78965129728048	-3.86785664785549	rs2842704	0.843023255813954	0.931542615404695	FALSE
-0.362175778700476	-0.842550744905122	0.347613606332071	0.814764284460536	-2.10008999593511	rs2842707	-0.362162162162162	0.480388582742959	FALSE
-1.17817170199467	-0.330263397184674	0.250906040420248	-1.69275198035542	-1.7894736027499	rs2842726	-1.1781914893617	0.847928092177028	FALSE
2.042272893213	2.01382313094659	0.26445290297803	0.0553228407332552	-8.49864054242337	rs2842754	2.04255319148936	0.0287300605427738	FALSE
0.205248682113331	0.220424921504115	0.243826624151874	-0.030734319779098	-0.576806082437079	rs28738992	0.205240174672489	0.0151847468316264	FALSE
2.27618379484054	2.06728399698752	0.145294711964621	0.548041082595827	-11.1066149225447	rs28738993	2.27659574468085	0.209311747693331	FALSE
0.515939950026872	0.0302916079729571	0.14385015363865	1.28046215000567	-0.29020067873345	rs28738998	0.515923566878981	0.485631958906024	FALSE
-2.07804254693887	-0.987162200693933	0.158129097096623	-2.74328685073626	-4.86420745666099	rs28739000	-2.07834101382488	1.09117881313095	FALSE
0.249421886343166	0.0350061709659453	0.14385015363865	0.56532923956001	-0.187951226861407	rs28739002	0.249411764705882	0.214405593739937	FALSE
-0.0544488101177362	-0.685699374905284	0.199085457655077	1.41475751909436	-0.459559012375971	rs28739007	-0.0544464609800363	0.631252913925248	FALSE
0.492929533455885	0.0306986500207631	0.14385015363865	1.21871959512764	-0.287457529146223	rs28739009	0.492913385826772	0.462214735806009	FALSE
-0.242867032406567	0.265441102775434	0.184777745471017	-1.18250293807651	1.05650662533149	rs28739015	-0.242857142857143	0.508298245632577	FALSE
0.796760558281047	0.935487227639364	0.157299375307516	-0.349781197800278	-5.16236267573367	rs2883211	0.796747967479675	0.138739260159689	FALSE
-0.702305477649016	-0.494364818065229	0.143356581793264	-0.549200088652282	-3.69452301972829	rs28868349	-0.702290076335878	0.207925258270649	FALSE
1.64480613490237	1.69788163714807	0.142971833692343	-0.140368244627409	-9.16584641180075	rs2914937	1.64492753623188	0.0529541009161876	FALSE
3.63587109296968	3.09718331396429	0.157964502838192	1.35536844534011	-16.5466249177443	rs2940252	3.63779527559055	0.540611961626265	FALSE
-3.89659600289551	-3.50549678929295	0.144720565817329	-1.0280679418339	-20.9233307599655	rs2940253	-3.8989898989899	0.393493109696954	FALSE
1.65028340925128	1.99207449695839	0.145313177569636	-0.896619612639475	-9.10916248515083	rs2985104	1.65040650406504	0.341667992893354	FALSE
1.83702049573104	1.50268794991597	0.164138475118191	0.82522705551846	-8.21901308659528	rs2985105	1.83720930232558	0.334521352409607	FALSE
1.82927160382099	1.50393724362362	0.164138475118192	0.803016994561929	-8.23524672342315	rs2985106	1.82945736434109	0.325520120717462	FALSE
1.29945366250627	1.03589089441378	0.144599741187679	0.693107027601389	-6.82635948644637	rs3085	1.2994923857868	0.263601491373025	FALSE
0.672215114647459	0.0497813232071462	0.14521214472788	1.63339676910929	-0.48256240342049	rs3109808	0.672199170124481	0.622417846917335	FALSE
3.24310784377692	3.37681577312739	0.144253084102794	-0.352042105437189	-18.512054825317	rs311285	3.24444444444444	0.132371328682949	FALSE
3.27269793815582	3.45811273041815	0.144279020252417	-0.488138190196589	-18.8484303936722	rs311286	3.27407407407407	0.184038656344079	FALSE
1.82239756292367	1.9221369097208	0.149588326745085	-0.257880003540803	-9.78174443930432	rs311287	1.82258064516129	0.0995562645595141	FALSE
3.30455062149324	3.36329378985957	0.145426538457064	-0.154040717718679	-18.6719098832932	rs311288	3.30597014925373	0.0573236406058371	FALSE
3.32690770427643	3.37509451889529	0.144253084102794	-0.126871964550937	-18.9141189333442	rs311289	3.32835820895522	0.0467363099400608	FALSE
3.82127808760993	3.44674420225866	0.144279020252417	0.986028626583339	-20.464815029191	rs311290	3.82352941176471	0.376785209506043	FALSE
3.32690770427643	3.37509451889529	0.144253084102794	-0.126871964550961	-18.9141189333442	rs311292	3.32835820895522	0.0467363099400697	FALSE
3.80659933034033	3.44704839821896	0.144279020252417	0.946583274978957	-20.4611303649094	rs311293	3.80882352941176	0.361775131192805	FALSE
3.28749270652746	3.37590410534662	0.144253084102794	-0.232780023863515	-18.7344694927163	rs311294	3.28888888888889	0.0870152164577296	FALSE
3.38652447112957	3.37386998687771	0.144253084102794	0.0333182280279596	-19.1536795755051	rs311296	3.38805970149254	0.0141897146148278	FALSE
3.3540668380155	3.37453666863624	0.144253084102794	-0.0538953995075279	-19.0280655419086	rs311297	3.35555555555556	0.0189811130806854	FALSE
3.16799122861923	2.87281970007641	0.148101740024856	0.766998268942457	-15.7526770214098	rs311298	3.16923076923077	0.296411069154362	FALSE
3.36886056753276	3.37423280453208	0.144253084102795	-0.0141446631724419	-19.0867457729058	rs311299	3.37037037037037	0.00386243416170995	FALSE
3.32690770427643	3.37509451889531	0.144253084102794	-0.12687196455099	-18.9141189333443	rs311300	3.32835820895522	0.0467363099400808	FALSE
3.42378336551471	3.43562118353994	0.144827604202362	-0.031106130261685	-19.4902611631924	rs311302	3.42537313432836	0.0102480492115835	FALSE
3.32690770427643	3.43800476940455	0.144827604202362	-0.291928780472988	-19.0520892230475	rs311303	3.32835820895522	0.109646560449327	FALSE
3.3540668380155	3.51843466147092	0.144720565817329	-0.43206757796053	-19.4053278182782	rs311304	3.35555555555556	0.162879105915364	FALSE
3.87509836020417	3.50600945067831	0.144720565817329	0.97021027497016	-20.9193392619122	rs311306	3.87745098039216	0.371441529713844	FALSE
3.3540668380155	3.51511023271972	0.147500774920539	-0.419320182054465	-19.1439491527888	rs311307	3.35555555555556	0.159554677164162	FALSE
3.34666990166624	3.51861105865505	0.144720565817329	-0.451975317857968	-19.3628545195873	rs311310	3.34814814814815	0.170462910506903	FALSE
3.84574220702575	3.31057915903547	0.14683402899077	1.39660232523915	-19.0526364207246	rs311311	3.84803921568627	0.537460056650806	FALSE
3.3540668380155	3.37431693986519	0.144776404668322	-0.0532204225339698	-18.9798767426888	rs311313	3.35555555555556	0.0187613843096321	FALSE
1.55366836942783	1.13841756409425	0.155196215085863	1.05407113498068	-6.91104414641734	rs311314	1.55376344086022	0.415345876765964	FALSE
1.55366836942783	1.13841756409426	0.155196215085863	1.05407113498066	-6.91104414641738	rs311315	1.55376344086022	0.415345876765957	FALSE
0.769244359579393	1.21525886222963	0.155196215085863	-1.13216159243498	-5.07692063291466	rs311316	0.769230769230769	0.446028092998857	FALSE
3.32690770427643	3.29329262113407	0.144776312554178	0.0883457036789229	-18.5592380200008	rs311317	3.32835820895522	0.0350655878211494	FALSE
0.892094212820399	0.402624645998143	0.195588989674873	1.10676009686491	-2.76542275637881	rs311318	0.892086330935252	0.489461684937109	FALSE
3.3540668380155	3.3743169398652	0.144776404668322	-0.0532204225340071	-18.9798767426889	rs311319	3.35555555555556	0.0187613843096464	FALSE
3.45358959230784	3.25688914734664	0.147532081038426	0.512108645958756	-18.4630141606273	rs311320	3.45522388059702	0.198334733250376	FALSE
3.32447880751322	3.37503422386573	0.144776404668322	-0.132867510476411	-18.8562372460703	rs311321	3.32592592592593	0.0491082979398074	FALSE
-0.89874165484215	-0.957018663140705	0.144679630819183	0.153212272004972	-5.8477845890187	rs34011300	-0.89873417721519	0.0582844859255149	FALSE
-1.68925842026242	-1.77192058495678	0.153928677412639	0.21069149518764	-9.13255764504419	rs34070762	-1.68939393939394	0.0825266455628386	FALSE
-0.268126710402351	-0.379031386652073	0.149189014570329	0.287131894018869	-1.89604431092102	rs34168498	-0.268115942028986	0.110915444623088	FALSE
0.911771361132193	0.405147036481713	0.389397999656149	0.811875021116834	-2.21036808307783	rs34185174	0.911764705882353	0.50661766940064	FALSE
-2.08366807879592	-1.95644158900345	0.147675318008366	-0.331072865458892	-10.4495877493674	rs34277355	-2.08396946564885	0.127527876645408	FALSE
-0.530116827592011	-0.0543260825930088	0.248366150267824	-0.954706297087771	-0.338278183899289	rs34349246	-0.530100334448161	0.475774251855152	FALSE
-1.71985426136373	-2.0406846234312	0.146818953659399	0.837306377453307	-9.3969875660594	rs34355011	-1.72	0.3206846234312	FALSE
0.184623101376469	0.249963435516473	0.145069811477174	-0.171550831625379	-0.966526653736065	rs34385765	0.184615384615385	0.0653480509010884	FALSE
-1.68168512857435	-1.77259454351113	0.153928677412639	0.231712303089163	-9.11213756332081	rs34386700	-1.68181818181818	0.0907763616929504	FALSE
-2.04810388337853	-2.00299829719495	0.144913282394173	-0.118488508947036	-10.6389722520693	rs34451130	-2.04838709677419	0.0453887995792397	FALSE
-0.195660316466027	-0.522262136060912	0.147049932619578	0.851699093619246	-1.76031347428424	rs34509370	-0.195652173913043	0.326609962147869	FALSE
0.0759526347710462	-0.14859052910074	0.219368284383294	0.479416435194675	0.162459533658512	rs34550158	0.0759493670886076	0.224539896189348	FALSE
0.0778476596068987	0.524864535260897	0.166377449067525	-1.0959145379523	-0.67036658855144	rs34574699	0.0778443113772455	0.447020223883651	FALSE
-0.989605875239035	-0.797994752161781	0.288269650537386	-0.356879215514842	-4.00255980368955	rs34655875	-0.98960498960499	0.191610237443209	FALSE
-0.0641053266851972	-0.549435999300575	0.214984440403535	1.04672892366063	-0.463234022963126	rs34720009	-0.0641025641025641	0.485333435198011	FALSE
1.02764727655205	-0.991404482713251	0.205351787550982	4.45551806210143	5.35835597343039	rs34775017	1.02764976958525	2.0190542522985	TRUE
-0.463481301031338	0.0476170497121347	0.14385015363865	-1.34756373364636	0.429348360332056	rs34787256	-0.463465553235908	0.511082602948043	FALSE
-0.37434547969185	0.278147862997387	0.14767229198279	-1.69795656795335	1.95402041753979	rs34828104	-0.374331550802139	0.652479413799526	FALSE
0.38134321593196	0.0326725527118219	0.14385015363865	0.919306313664295	-0.255869561465617	rs34858744	0.381329113924051	0.348656561212229	FALSE
1.32482979862523	1.03530743263153	0.144599741187679	0.761374559731419	-6.80755213636518	rs34860402	1.3248730964467	0.289565663815166	FALSE
-1.83144604065977	-1.89460650441909	0.158270489123902	0.158761552784829	-9.56284987011127	rs34883952	-1.83163265306122	0.062973851357867	FALSE
1.46766863222693	1.14684200210591	0.155196215085863	0.814385151816919	-7.09682053647972	rs34981345	1.46774193548387	0.320899933377957	FALSE
-0.538478083557861	-0.277238121614157	0.144745246051841	-0.686653214321843	-2.40606730315813	rs35028790	-0.538461538461539	0.261223416847382	FALSE
0.294129273665288	-0.792579717094138	0.162692775927229	2.69419561838619	2.31276118266406	rs35029161	0.294117647058824	1.08669736415296	TRUE
0.244837545814461	-0.891595912497008	0.147473507096462	2.95928646174909	1.75373400345442	rs35118522	0.244827586206897	1.1364234987039	FALSE
-1.47467250636303	-1.13607483179063	0.149963121098056	-0.874362928211989	-7.10026839220946	rs35232605	-1.47474747474747	0.338672642956843	FALSE
-1.95422740449266	-1.29578414979291	0.258963204955663	-1.29389585714996	-6.16251582846464	rs35366573	-1.95446584938704	0.658681699594135	FALSE
-2.08366807879592	-1.95644158900345	0.147675318008366	-0.331072865458884	-10.4495877493674	rs35438924	-2.08396946564885	0.127527876645405	FALSE
-1.25938228543668	-0.948522788720304	0.144679630819183	-0.817260376892384	-6.36583578148333	rs35561139	-1.25941422594142	0.310891437221119	FALSE
-0.138175122339509	0.990390060465008	0.295388196078312	-2.07649112607017	0.912776412786381	rs35675400	-0.138169257340242	1.12855931780525	FALSE
-0.55967572356844	0.817913886474959	0.270641789806543	-2.6480271293347	3.21860612025534	rs35677203	-0.559659090909091	1.37757297738405	TRUE
-2.38499084296555	-1.94243695857802	0.15298769864501	-1.13145660272163	-10.0583338539283	rs35707912	-2.3854748603352	0.443037901757177	FALSE
-1.42922843437044	-1.13884403781199	0.149963121098056	-0.749861473805331	-7.17004084257036	rs35720264	-1.42929292929293	0.290448891480938	FALSE
-0.333346155202318	-0.421205248369534	0.147096978603371	0.229078768766166	-2.44914493821219	rs35728110	-0.333333333333333	0.0878719150362002	FALSE
-0.168074294402754	-0.451072972473931	0.162284952414382	0.702498304867	-1.31244481963129	rs35749143	-0.168067226890756	0.283005745583175	FALSE
-0.770745247093254	-0.486286874858091	0.147699241321909	-0.740166778284201	-3.61501092945964	rs35823863	-0.770731707317073	0.284444832458982	FALSE
1.87582856228536	0.206510087791832	0.166377449067525	4.0925309184207	-1.19335774114325	rs35850268	1.87603305785124	1.66952297005941	FALSE
1.42800595156277	1.3051784558776	0.143110853052756	0.324682821941547	-7.95990916344611	rs35931500	1.4280701754386	0.122891719560993	FALSE
-0.64379313639906	-0.9690424494271	0.208914718648871	0.711593330190074	-3.91448407208346	rs35936670	-0.643776824034335	0.325265625392765	FALSE
-0.0274925977020537	-0.879797637703883	0.147473507096462	2.21941262615189	-0.19395025553607	rs35970730	-0.0274914089347079	0.852306228769175	FALSE
-0.673186661198197	-0.407387462993677	0.147096978603371	-0.69302960989866	-3.21263120254655	rs36001492	-0.673170731707317	0.26578326871364	FALSE
-0.682942598625862	-0.502611608337159	0.147049932619578	-0.47025990599458	-3.68860684690095	rs36019152	-0.682926829268293	0.180315220931134	FALSE
-1.47467250636303	-1.13607483179064	0.149963121098056	-0.87436292821198	-7.10026839220947	rs36092684	-1.47474747474747	0.338672642956839	FALSE
-3.09374233819438	-2.34429365847559	0.153686204274995	-1.91172076107404	-11.5630064093352	rs3737002	-3.09489051094891	0.750596852473312	FALSE
-0.924056475974789	-0.956422303432242	0.144679630819183	0.08509088068957	-5.93719037627252	rs3738468	-0.924050632911392	0.0323716705208501	FALSE
0.389327270699611	0.29954729712222	0.146363960635373	0.234672606319783	-2.15104041995486	rs3738469	0.389312977099237	0.0897656799770166	FALSE
1.15141233978005	0.720361804731594	0.250495053924173	0.861248762667076	-3.9628176169554	rs3748671	1.15142857142857	0.431066766696977	FALSE
1.42525644061516	1.18782302077796	0.253889576989824	0.471215331063004	-6.04812633764128	rs3748672	1.425320056899	0.237497036121044	FALSE
1.47147051064331	1.39085774857806	0.152000575337672	0.206766980633705	-8.09090710124039	rs3767933	1.47154471544715	0.080686966869099	FALSE
-1.83424937210696	-2.01958067015135	0.146836114223797	0.483651262714036	-9.9596326143617	rs3767934	-1.83443708609272	0.185143584058631	FALSE
-1.32253776956162	-1.17771798270712	0.151223847767117	-0.372406936734747	-7.33913862546182	rs3790619	-1.32258064516129	0.144862662454171	FALSE
-1.36661535138462	-0.924529629518448	0.145535699620026	-1.15883530961253	-6.06012086224838	rs3811381	-1.36666666666667	0.442137037148219	FALSE
-1.7879094893073	-1.99415467121593	0.15373856222721	0.526008066430516	-9.58725578999844	rs3813946	-1.78807947019868	0.206075201017253	FALSE
-1.08582849758522	-0.900539653968202	0.179562903054911	-0.437261219645816	-5.48839857848578	rs3813948	-1.08583690987124	0.185297255903043	FALSE
-6.24133634779401	-5.8397058244693	0.152060502015194	-1.02995559502012	-37.7229376158495	rs3818361	-6.25161290322581	0.411907078756503	FALSE
-3.08645179861964	-2.08960324094968	0.154573160523897	-2.53549139726043	-9.87073663302038	rs3849266	-3.08759124087591	0.997987999926229	FALSE
-1.83587721839533	-1.76221294747806	0.146039688526632	-0.192762009834102	-9.59225442360881	rs3849267	-1.83606557377049	0.0738526262924271	FALSE
-1.83587721839533	-1.76221294747807	0.146039688526631	-0.192762009834101	-9.59225442360881	rs3849268	-1.83606557377049	0.0738526262924266	FALSE
-0.828778353473813	-0.677993921707828	0.150078102351591	-0.389222411299456	-4.58583136160476	rs3860292	-0.828767123287671	0.150773201579843	FALSE
-0.411779503301723	-0.445150896128955	0.179724113266251	0.0787174756500975	-2.57646912103426	rs3860294	-0.411764705882353	0.0333861902466021	FALSE
-4.37451535681384	-4.12378517097825	0.153785075414868	-0.639365984992548	-25.2165571608686	rs3886100	-4.37795275590551	0.254167584927259	FALSE
-0.443563804898418	-0.503175953781322	0.143387590234896	0.157426918435961	-3.2288773717787	rs3922175	-0.443548387096774	0.0596275666845473	FALSE
-1.76783738908193	-2.04335480225943	0.147655248433209	0.717009001424616	-9.62579676819691	rs3927459	-1.768	0.275354802259434	FALSE
-2.17019415024105	-2.05922673894327	0.144062417797357	-0.292361448612106	-11.0384788783191	rs4076514	-2.17054263565891	0.11131589671564	FALSE
-1.73584875294616	-1.75216770050546	0.144424043739159	0.0429410239794469	-9.43562698847156	rs4081159	-1.736	0.0161677005054615	FALSE
-1.98361899769574	-2.070877610571	0.144402272272191	0.229626121932819	-10.6329748450065	rs4097398	-1.98387096774194	0.0870066428290661	FALSE
-0.23352603766584	-0.20902327554954	0.146429474794863	-0.0640325491287587	-1.0121401426786	rs41258244	-0.233516483516484	0.0244932079669433	FALSE
1.91775880039563	1.13253099561515	0.162648509532193	1.94702095443067	-5.82199382602543	rs41258534	1.91798107255521	0.785450076940055	FALSE
-0.282978297584515	-0.207246096682485	0.146429474794863	-0.197909356172641	-1.19740417575399	rs41266397	-0.282967032967033	0.0757209362845478	FALSE
-0.249325186726629	-0.208455497375712	0.146429474794863	-0.106803893325103	-1.07289053589274	rs41268335	-0.249315068493151	0.0408595711174384	FALSE
1.12465554466153	1.01337840566782	0.145068486591336	0.29215909526248	-6.62415279577327	rs41274768	1.12466843501326	0.111290029345439	FALSE
-0.622658007464129	-0.624297600085478	0.182826991659701	0.00383456230415382	-3.68861924375375	rs41274770	-0.622641509433962	0.00165609065151595	FALSE
0.416045421493098	0.586913602495986	0.155238707237205	-0.433671804809935	-3.15178288822013	rs41274776	0.416030534351145	0.170883068144841	FALSE
1.38670419269761	1.06549248698718	0.148353462016654	0.833954815589331	-6.85568356528431	rs41274778	1.38675958188153	0.321267094894351	FALSE
1.38670419269761	1.06549248698718	0.148353462016654	0.83395481558933	-6.85568356528432	rs41274780	1.38675958188153	0.321267094894351	FALSE
-0.153350688596926	0.276015038699664	0.480467186252801	-0.619434669567999	0.276862212552295	rs41277170	-0.153344208809135	0.429359247508799	FALSE
-0.241081254419125	0.0135949666076138	0.215941539053459	-0.54805014988307	0.0475273182045766	rs41303059	-0.241071428571429	0.254666395179042	FALSE
-0.325215836522427	-0.0200629640286361	0.152028591528102	-0.78262699968516	-0.130400767679326	rs41303061	-0.32520325203252	0.305140288003884	FALSE
1.54216153163785	1.30375617140335	0.143110853052756	0.630201932353477	-7.93785458466387	rs41303261	1.54225352112676	0.238497349723415	FALSE
0.860091990699451	1.02593153558592	0.296258730864129	-0.304686013276877	-4.17050283187646	rs41304099	0.860082304526749	0.165849231059167	FALSE
-0.893011941911366	-0.586152282107294	0.201496538187342	-0.683606218475476	-3.70190148223995	rs41304111	-0.893004115226337	0.306851833119043	FALSE
0.0331506041955024	0.484182476575579	0.210369566431763	-0.983367331898705	-0.22317813456624	rs41304115	0.0331491712707182	0.451033305304861	FALSE
1.54216153163785	1.30375617140335	0.143110853052756	0.630201932353477	-7.93785458466387	rs41308427	1.54225352112676	0.238497349723415	FALSE
-1.57218901231525	-0.956902799116372	0.184739821140868	-1.43151836671657	-5.46255859754033	rs41308433	-1.57228915662651	0.615386357510134	FALSE
1.29893044090404	1.09268152370704	0.148311544370534	0.535555148328619	-7.03750457536284	rs41313728	1.29896907216495	0.206287548457905	FALSE
-0.668565905353262	-0.471225550554818	0.179189497894416	-0.466186430774865	-3.28871745191529	rs41314532	-0.668549905838041	0.197324355283223	FALSE
-0.282978297584515	-0.207246096682496	0.146429474794863	-0.197909356172611	-1.19740417575405	rs41316817	-0.282967032967033	0.0757209362845366	FALSE
-0.282978297584515	-0.207246096682499	0.146429474794862	-0.197909356172604	-1.19740417575407	rs41316821	-0.282967032967033	0.0757209362845336	FALSE
0.112412013885248	0.428168388471213	0.172064906516288	-0.761212612625268	-0.814855202498297	rs41316827	0.112407211028632	0.315761177442581	FALSE
1.57444051388025	1.18426262579334	0.162648509532193	0.967470228939593	-7.04532230792168	rs41317047	1.57454128440367	0.390278658610328	FALSE
1.03888532449234	1.03159809156561	0.174267362281732	0.0174563974933592	-5.96142110757184	rs41317049	1.03888888888889	0.00729079732328231	FALSE
-1.39730310679061	-0.996417266797776	0.170047499155718	-0.972155173811939	-6.15733168127794	rs41317067	-1.39736070381232	0.40094343701454	FALSE
-1.42247220739702	-1.56003638836428	0.173263342850146	0.330485205173804	-7.91497896969136	rs41317081	-1.42253521126761	0.13750117709667	FALSE
-0.166102879760056	-0.380998215305303	0.270865282135029	0.412905166685417	-0.712275541397499	rs41317815	-0.166095890410959	0.214902324894345	FALSE
0.597146868997272	0.322836005530158	0.172064906516288	0.66129746176968	-2.5413526117035	rs41317829	0.597130242825607	0.274294237295449	FALSE
1.61704870080062	1.58749841536405	0.249114717795149	0.0592054909745968	-7.43883640429903	rs41317831	1.61716171617162	0.0296633008075675	FALSE
-0.335981277031872	-0.205341314674166	0.146429474794863	-0.341398645921811	-1.37779799408858	rs41317835	-0.33596837944664	0.130627064772475	FALSE
-0.312265159330025	-0.206193607031629	0.146429474794863	-0.277194540414384	-1.29967908083499	rs41317949	-0.312252964426878	0.106059357395249	FALSE
-0.29269450738425	0.0568780636721825	0.19217184457787	-0.797429814851149	0.267829478948433	rs41317951	-0.292682926829268	0.349560990501451	FALSE
-0.156869366157325	-0.0446169868059893	0.145278224371714	-0.294506777511727	-0.151643446822438	rs41317975	-0.156862745098039	0.11224575829205	FALSE
-0.156869366157325	-0.0446169868059861	0.145278224371714	-0.294506777511735	-0.151643446822427	rs41317983	-0.156862745098039	0.112245758292053	FALSE
-1.4228224913787	-0.819347166448362	0.147473507096462	-1.57145704044956	-5.15520097576391	rs41317993	-1.4228855721393	0.603538405690942	FALSE
0.22581572491918	-0.0552527887143397	0.145278224371714	0.737414945576685	0.267149383466578	rs41318003	0.225806451612903	0.281059240327243	FALSE
-0.209767511148448	-1.23751848092711	0.170047499155718	2.49231407793905	-1.05173506748137	rs41318007	-0.209758833426809	1.0277596475003	FALSE
-0.196193449069761	-0.301909491602757	0.14984252782595	0.273101038462238	-1.17936381249384	rs41318019	-0.196185286103542	0.105724205499214	FALSE
-0.96748235340278	-0.889665375794801	0.157845056149822	-0.195865915543937	-5.59348315633454	rs4142863	-0.967479674796748	0.0778142990019474	FALSE
-0.910575838063083	-0.891444155857994	0.15945728578247	-0.0479105299266726	-5.42957999725416	rs4142866	-0.910569105691057	0.0191249498330632	FALSE
-2.08366807879592	-1.71873283091412	0.152483998023844	-0.934552443369876	-9.20424460576292	rs4147104	-2.08396946564885	0.365236634734731	FALSE
-2.08366807879592	-1.71873283091413	0.152483998023844	-0.93455244336987	-9.20424460576293	rs4147105	-2.08396946564885	0.365236634734729	FALSE
-2.08366807879592	-1.72950200323301	0.15383565190351	-0.902980685616858	-9.23523860004504	rs4147106	-2.08396946564885	0.354467462415842	FALSE
0.274075140145426	-0.105113694712275	0.14604857021882	0.992217508587619	0.603794240705629	rs4259650	0.274064171122995	0.37917786583527	FALSE
0.274075140145426	-0.10511369471228	0.146048570218821	0.992217508587629	0.603794240705651	rs4261118	0.274064171122995	0.379177865835274	FALSE
0.274075140145426	-0.0664475780874518	0.147093854745386	0.887868865160689	0.380585217338521	rs4261119	0.274064171122995	0.340511749210446	FALSE
-5.81639409349289	-5.7993582376007	0.166246048388614	-0.0417819102791547	-37.8539337253394	rs4266886	-5.82467532467533	0.025317087074626	FALSE
-0.236230124237295	-0.322400322351624	0.160785029749031	0.214898946408969	-1.39392366263848	rs4266889	-0.236220472440945	0.0861798499106795	FALSE
-4.16479282981547	-3.50162495297575	0.151696922767775	-1.70268808032406	-20.0920320441593	rs4274065	-4.16774193548387	0.666116982508119	FALSE
0.197994809012778	-0.0584708844967081	0.194430597535353	0.581630234244781	0.187014338853467	rs4287178	0.197986577181208	0.256457461677916	FALSE
3.3270164968124	3.59403080634329	0.171040502064295	-0.645632010888233	-17.291067802322	rs4303075	3.32846715328467	0.265563653058622	FALSE
0.576016655721277	0.235638393367722	0.14767229198279	0.885752341579102	-2.11799887176876	rs4306131	0.576	0.340361606632278	FALSE
-3.47952932516905	-3.54251945197289	0.149238478333674	0.163054232485184	-19.7007732567211	rs4308977	-3.4812030075188	0.0613164444540955	FALSE
-2.136766975412	-2.05986824532004	0.144062417797357	-0.202602042015631	-10.9935674889604	rs4308978	-2.13709677419355	0.0772285288735133	FALSE
-5.10982296313683	-3.76726302580165	0.180264770131504	-3.16211932198213	-20.2473173732778	rs4310446	-5.11538461538462	1.34812158958297	FALSE
-0.985578144415358	-0.933295341810327	0.222969776357577	-0.110722494263173	-4.89444413011483	rs4314882	-0.985576923076923	0.0522815812665958	FALSE
-2.2091527493426	-1.29508525852091	0.173073686948392	-2.19716534591825	-6.02244938569759	rs4317805	-2.20952380952381	0.914438551002902	FALSE
-1.37699577797279	-1.42475892377568	0.143386853566077	0.126135767874331	-8.15193246375825	rs4317806	-1.37704918032787	0.0477097434478115	FALSE
0.500016227531634	1.05427199027566	0.144599741187679	-1.45756006065182	-3.38152650995502	rs4335377	0.5	0.554271990275655	FALSE
-1.33506117831523	-1.27920376101664	0.144729450042791	-0.146825806569995	-7.77371365271629	rs4336852	-1.33510638297872	0.055902621962086	FALSE
-0.196481725635357	-0.208944805082919	0.156466826916403	0.0315075203789387	-0.806343206353349	rs4339867	-0.19647355163728	0.012471253445639	FALSE
2.15117737361087	1.86031074129098	0.159929375331945	0.727327121131517	-9.70825725319401	rs4348726	2.15151515151515	0.29120441022417	FALSE
-0.1456851826796	-0.0326972823896321	0.149533553277019	-0.292188158522767	-0.100471137049753	rs4364882	-0.145679012345679	0.112981729956047	FALSE
-1.49189946551115	-1.25556291929203	0.144051671611549	-0.622689773595075	-7.74838476979797	rs4385710	-1.49197860962567	0.236415690333643	FALSE
-1.2313774457091	-1.0108655073111	0.155179047064356	-0.559777665501684	-6.52606476341999	rs4403634	-1.23140495867769	0.220539451366585	FALSE
-0.691072533600473	-0.33279463306746	0.178306853145514	-0.848469045988764	-2.59865095230884	rs4425986	-0.691056910569106	0.358262277501646	FALSE
-1.43300553026134	-1.423951723375	0.143386853566077	-0.0239098339231455	-8.26467512556036	rs4427403	-1.43307086614173	0.00911914276673209	FALSE
-0.633043938905347	-0.0749587919718689	0.14604857021882	-1.46033269750122	-0.734192797983816	rs4436396	-0.63302752293578	0.558068730963911	FALSE
0.271709002715285	0.189860776684526	0.146605582724753	0.213763728920221	-1.06123280768234	rs4437879	0.271698113207547	0.0818373365230209	FALSE
0.274075140145426	-0.066447578087443	0.147093854745385	0.887868865160667	0.380585217338471	rs4446969	0.274064171122995	0.340511749210438	FALSE
0.274075140145426	-0.105113694712276	0.146048570218821	0.992217508587619	0.603794240705629	rs4446970	0.274064171122995	0.37917786583527	FALSE
-2.0214690860531	-1.53661293966543	0.156166806170472	-1.22692648426421	-8.16982789129155	rs4525038	-2.02173913043478	0.485126190769349	FALSE
-0.411305109901798	-0.42488093048421	0.144536730841976	0.035708941427488	-2.8570917614786	rs4551596	-0.411290322580645	0.0135906079035647	FALSE
2.63337430952807	2.91323436510946	0.176234538840348	-0.666646192229389	-12.8629018514227	rs45574833	2.63405088062622	0.279183484483232	FALSE
0.218876942110993	0.191825239904319	0.146605582724753	0.0706511676278096	-0.876464828440298	rs4562622	0.218867924528302	0.0270426846239827	FALSE
-6.04165198580251	-5.58308814038263	0.160677879647625	-1.14398877898598	-37.0669894249505	rs4562624	-6.05095541401274	0.467867273630107	FALSE
-0.404269953909836	-0.407207944263077	0.156657260275504	0.00742292550268732	-2.62857367857737	rs4571969	-0.404255319148936	0.00295262511414046	FALSE
-1.18341144355781	0.460286393985535	0.194430597535352	-3.7276890534391	2.63167827807815	rs4589110	-1.18343195266272	1.64371834664826	TRUE
1.49245803200689	1.53935691093871	0.143529086639892	-0.123791977590003	-8.56874931640316	rs4611012	1.49253731343284	0.0468195975058732	FALSE
-2.1780254243243	-1.55565767727324	0.154169467289797	-1.5850679777469	-7.90567224581762	rs4618970	-2.17837837837838	0.622720701105141	FALSE
-3.41222039192245	-2.72179691095433	0.150941926344324	-1.77709485284337	-14.1812706497792	rs4618971	-3.41379310344828	0.691996192493949	FALSE
-1.25803279481414	-1.08480027052465	0.149853093732098	-0.447503645044955	-6.96390230535373	rs4844372	-1.25806451612903	0.173264245604385	FALSE
2.1611950684216	2.00355071896857	0.158328976682566	0.396185162022388	-10.3713334244597	rs4844373	2.16153846153846	0.157987742569893	FALSE
-0.38711101525109	-0.522218276013813	0.143099594512183	0.357157263986717	-3.03179321185834	rs4844375	-0.387096774193548	0.135121501820265	FALSE
-0.282269305805261	-0.343525538100385	0.145317500721385	0.160690914017761	-1.87693264968317	rs4844378	-0.282258064516129	0.0612674735842562	FALSE
1.75166800892632	1.69665532631606	0.142971833692343	0.145491485968418	-9.37540991909539	rs4844379	1.75182481751825	0.0551694912021874	FALSE
-0.924056475974789	-0.972947332410279	0.146495386292114	0.127736693857963	-5.94458063207573	rs4844382	-0.924050632911392	0.0488966994988863	FALSE
-0.661851843456085	-2.16577763195726	0.166514600036291	3.68553251606182	-3.35310246480318	rs4844383	-0.661835748792271	1.50394188316499	FALSE
-2.67370688538514	-3.02196711877938	0.180394177675972	0.8199599278777	-12.9078515904357	rs4844384	-2.67441860465116	0.347548514128222	FALSE
-1.19509980166543	-1.26123628581775	0.144051671611549	0.174253677655924	-7.45931992898633	rs4844385	-1.19512195121951	0.0661143345982378	FALSE
-1.28451671304212	-1.25952706921937	0.144051671611549	-0.0658416817168242	-7.66111468786723	rs4844386	-1.28455284552846	0.0250257763090864	FALSE
-2.09646609989602	-2.06064166601037	0.144062417797357	-0.0943852187234771	-10.9233271908833	rs4844387	-2.09677419354839	0.0361325275380162	FALSE
-3.12024829626251	-2.45206736351688	0.15917798263608	-1.67476000240234	-12.1081187801257	rs4844388	-3.12142857142857	0.66936120791169	FALSE
1.14665104510665	1.04014969701262	0.147419571273325	0.277381526069371	-6.71551707644356	rs4844390	1.14666666666667	0.106516969654047	FALSE
0.721476156790586	1.02403332018302	0.146740480782786	-0.789827900411456	-4.99688969612443	rs4844392	0.721461187214612	0.302572132968411	FALSE
1.7228262194879	1.29795023969424	0.164122480500809	1.04876489769975	-7.36084343068631	rs4844393	1.72297297297297	0.425022733278736	FALSE
0.335890757589731	0.198130641432824	0.147972804918414	0.358123274815729	-1.31996301621334	rs4844394	0.33587786259542	0.137747221162596	FALSE
-0.209953436085318	-1.14785080482392	0.149853093732098	2.42282731207681	-1.13255665285939	rs4844565	-0.209944751381215	0.937906053442701	FALSE
0.317769371522716	-0.106566200042538	0.14604857021882	1.11035227021276	0.699460052674068	rs4844568	0.317757009345794	0.424323209388332	FALSE
0.317769371522716	-0.106566200042529	0.14604857021882	1.11035227021274	0.699460052674013	rs4844569	0.317757009345794	0.424323209388324	FALSE
0.317769371522716	-0.106566200042536	0.14604857021882	1.11035227021275	0.699460052674053	rs4844570	0.317757009345794	0.42432320938833	FALSE
0.317769371522716	-0.106566200042534	0.14604857021882	1.11035227021275	0.699460052674043	rs4844571	0.317757009345794	0.424323209388328	FALSE
0.317769371522716	-0.106566200042537	0.14604857021882	1.11035227021275	0.699460052674061	rs4844572	0.317757009345794	0.424323209388331	FALSE
-0.406264678548896	-0.401946820026602	0.163197838466765	-0.0106883632991846	-2.54687815288565	rs4844573	-0.40625	0.00430317997339808	FALSE
2.12637271753086	2.37809033386266	0.146701225107578	-0.657198767296518	-11.3578883874268	rs4844574	2.12669683257919	0.251393501283471	FALSE
2.51968683436286	2.36319953957519	0.146701225107578	0.408565990456773	-12.5765293055583	rs4844577	2.52027027027027	0.157070730695077	FALSE
1.13042119010699	1.51138444359445	0.145040929726922	-1.00031734550444	-7.0679866923287	rs4844578	1.1304347826087	0.380949660985751	FALSE
2.52643830041931	2.36294393041222	0.146701225107578	0.426860463698908	-12.5825724780113	rs4844579	2.52702702702703	0.164083096614805	FALSE
-0.500016227531634	-0.52082056301851	0.143099594512183	0.0549964487445552	-3.46437331468063	rs4844582	-0.5	0.0208205630185103	FALSE
-0.500016227531634	-0.520820563018508	0.143099594512183	0.0549964487445478	-3.46437331468063	rs4844584	-0.5	0.0208205630185075	FALSE
-0.500016227531634	-0.520820563018501	0.143099594512183	0.0549964487445314	-3.46437331468061	rs4844585	-0.5	0.0208205630185013	FALSE
1.52976201845422	1.55213357607285	0.143815954185755	-0.0589919414673591	-8.66468351180015	rs4844587	1.52985074626866	0.0222828298041966	FALSE
2.33997220325914	2.16043266100157	0.143933713604653	0.473237169654356	-11.6205771745602	rs4844588	2.34042553191489	0.179992870913329	FALSE
2.38958370348342	2.15952573170183	0.143933713604652	0.606395571991302	-11.6361408858129	rs4844589	2.39007092198582	0.230545190283982	FALSE
2.22656892160083	2.06866870906425	0.145294711964621	0.414245510575093	-11.0878177131144	rs4844590	2.22695035460993	0.158281645545676	FALSE
1.78815109714385	1.69623665869792	0.142971833692343	0.24308518685029	-9.41863617452184	rs4844591	1.78832116788321	0.0920845091852931	FALSE
1.13600586921672	1.71921012849631	0.143299649573789	-1.54062919282445	-6.55735100724459	rs4844592	1.1360201511335	0.583189977362805	FALSE
-1.20420189574406	-0.148700720818515	0.145087303646593	-2.77104779292222	-0.793912190800256	rs4844594	-1.20422535211268	1.05552463129416	FALSE
-4.04247478043474	-3.5097821066155	0.152552539490208	-1.36385124074507	-20.1611774573463	rs4844597	-4.04516129032258	0.535379183707082	FALSE
1.56021443552268	0.881890579705671	0.151277074075794	1.74401627306365	-5.23302546532606	rs4844598	1.56031128404669	0.678420704341022	FALSE
-0.891727649101834	-0.907247575622493	0.151035078902377	0.0399347295270938	-5.56855375695224	rs4844599	-0.89171974522293	0.015527830399563	FALSE
-5.65474224470493	-5.7537479030782	0.168909304889482	0.240898019075654	-37.2342086030828	rs4844600	-5.66233766233766	0.0914102407405419	FALSE
-0.197191299725761	-0.579713394304109	0.149127780760101	0.99055192816941	-1.8096897315228	rs4844601	-0.197183098591549	0.382530295712559	FALSE
-0.91139908436465	-0.973408106571929	0.146495386292114	0.162010405699765	-5.89926438698267	rs4844608	-0.911392405063291	0.0620157015086376	FALSE
-0.448926734015277	-0.938860539137751	0.193938189630621	1.11251464812853	-2.97933092609665	rs4844609	-0.448911222780569	0.489949316357181	FALSE
-6.27436638153354	-6.12264266453876	0.157754717442219	-0.381999061689819	-38.4728661296697	rs4844610	-6.28481012658228	0.162167462043521	FALSE
-1.74984383851655	-2.00953744471027	0.143686882209099	0.685097994984547	-9.65977337064939	rs4844611	-1.75	0.25953744471027	FALSE
-2.12975534266264	-2.06000280671037	0.144062417797357	-0.183774247023293	-10.9826142291367	rs4844612	-2.13008130081301	0.0700784941026367	FALSE
-2.9989620274752	-2.42740381063512	0.15841197401193	-1.43603977724834	-12.1743931382133	rs4844614	-3	0.572596189364877	FALSE
2.23095920813387	2.36105870120271	0.155128505802426	-0.330316143664997	-11.5111434391521	rs4844617	2.23134328358209	0.12971541762062	FALSE
1.29135341946224	1.10512851818746	0.146984031827427	0.485738664781602	-7.11266286417429	rs4844619	1.29139072847682	0.18626221028936	FALSE
1.53280521419531	1.03949781561577	0.153148764168698	1.26055233352964	-6.37161830062178	rs4844620	1.53289473684211	0.493396921226333	FALSE
-1.13087640400261	-0.0584095980317087	0.146048570218821	-2.80630716002674	-0.30575861330852	rs5003928	-1.13089005235602	1.07248045432431	FALSE
-1.05784579027874	-0.95571067251992	0.152658500284616	-0.261405426108815	-6.13223147199892	rs5016294	-1.05785123966942	0.102140567149501	FALSE
3.28009534566379	3.45795942987373	0.144279020252417	-0.468259576853883	-18.8916022211544	rs509501	3.28148148148148	0.176477948392247	FALSE
-3.89659600289551	-3.50549678929298	0.144720565817329	-1.0280679418338	-20.9233307599658	rs511678	-3.8989898989899	0.393493109696919	FALSE
3.38652447112957	3.37386998687771	0.144253084102794	0.0333182280279597	-19.1536795755051	rs517011	3.38805970149254	0.0141897146148278	FALSE
3.37625736049124	3.41842205519913	0.146431592607922	-0.110187306570843	-19.0805891591481	rs521369	3.37777777777778	0.0406442774213547	FALSE
3.28749270652746	3.3759041053466	0.144253084102794	-0.232780023863461	-18.7344694927162	rs528653	3.28888888888889	0.0870152164577092	FALSE
2.73300078405848	3.29227798233732	0.192451285696868	-1.27487235897618	-12.5820473917699	rs533565637	2.73376623376623	0.558511748571083	FALSE
0.145460706692383	0.0952006455254426	0.154819772927237	0.12773496687993	-0.2813080720583	rs542761054	0.145454545454545	0.0502538999291029	FALSE
0.227282054261106	0.191512711233503	0.146605582724753	0.0934191065269205	-0.906801031389809	rs55638397	0.227272727272727	0.0357600160392241	FALSE
2.33997220325914	2.16043266100156	0.143933713604652	0.473237169654372	-11.6205771745602	rs55638602	2.34042553191489	0.179992870913334	FALSE
-0.821533866761827	-0.584847608774599	0.221756275043683	-0.502614582266499	-3.55921933319017	rs55661118	-0.821522309711286	0.236674700936687	FALSE
-0.227050134832798	0.208406219925554	0.146605582724753	-1.13728517634787	0.981935790551552	rs55689175	-0.227040816326531	0.435447036252084	FALSE
-0.576435869766163	-0.898183392457516	0.164787506243288	0.792598180361201	-3.93227765984009	rs55704964	-0.576419213973799	0.321764178483717	FALSE
0.516666732249071	-0.294305336090086	0.212711578031652	1.75837026777862	1.93310320385317	rs55807214	0.516650342801175	0.810955678891261	FALSE
-2.93939465817156	-3.32759643940235	0.154043514711042	0.989090007297823	-15.8164437729799	rs55819427	-2.94036697247706	0.387229466925281	FALSE
0.375492884807195	0.300038054989556	0.146363960635372	0.197228634261709	-2.09951402288738	rs55821028	0.375478927203065	0.0754408722135089	FALSE
-0.379046303778882	-0.438825860850371	0.144250101851997	0.157396339751672	-2.77028959655401	rs55827039	-0.379032258064516	0.0597936027858553	FALSE
-0.423484426642724	-0.106093118378179	0.162933649108029	-0.78630246538242	-0.800762131728446	rs55855501	-0.423469387755102	0.317376269376923	FALSE
0.161399207247307	0.022126688415076	0.171230825351494	0.336569265628699	-0.0657577543138704	rs55867570	0.161392405063291	0.139265716648215	FALSE
0.375492884807195	0.300038054989564	0.146363960635373	0.19722863426169	-2.09951402288742	rs55883147	0.375478927203065	0.0754408722135013	FALSE
2.59172803120057	2.92351256894084	0.176234538840347	-0.790333934100184	-12.642052242015	rs55898603	2.59236947791165	0.331143091029189	FALSE
0.329525605008042	0.160556758588307	0.31296533361877	0.302035869080655	-0.523580544636479	rs55929150	0.329512893982808	0.168956135394501	FALSE
-0.419369794409479	-0.492351876890693	0.156578197163881	0.184438086246046	-2.97718439789621	rs55937600	-0.419354838709677	0.0729970381810153	FALSE
-0.227050134832798	0.20840621992555	0.146605582724753	-1.13728517634787	0.981935790551539	rs55952744	-0.227040816326531	0.435447036252081	FALSE
0.729266475243533	1.24074701163073	0.162630633416825	-1.26831735512136	-4.66768744123432	rs55952944	0.729251700680272	0.511495310950454	FALSE
1.58768176417114	1.53066734366442	0.145011156096678	0.149721443997842	-8.69324520896773	rs55957981	1.58778625954198	0.0571189158775642	FALSE
-3.32937312058671	-3.45693821944094	0.144279020252417	0.33583834238452	-19.1644471808196	rs55961118	-3.33082706766917	0.126111151771762	FALSE
-0.334690279920605	-0.925973990373074	0.154277867352452	1.50537292656897	-2.34192677128938	rs55987852	-0.334677419354839	0.591296571018235	FALSE
-0.0722922685277207	0.0580442144659935	0.203401299516372	-0.288994206276926	0.0654526641024759	rs55989809	-0.072289156626506	0.130333371092499	FALSE
3.33270597947995	0.869529377927413	0.441074489915908	3.70885265578384	-2.85893485627447	rs56009508	3.33416458852868	2.46463521060127	FALSE
-0.572050552055923	-0.790166621787075	0.199584472455035	0.488229804943812	-3.63276893019987	rs56051908	-0.572033898305085	0.21813272348199	FALSE
1.44659826037094	0.996378960443551	0.146740480782786	1.17530109153333	-6.35946071356401	rs56075814	1.44666666666667	0.450287706223116	FALSE
-0.586973170628306	-0.42092018449436	0.144536730841976	-0.436774802651621	-3.26557932992689	rs56080712	-0.586956521739131	0.166036337244771	FALSE
0.375492884807195	0.300038054989555	0.146363960635372	0.197228634261714	-2.09951402288737	rs56132412	0.375478927203065	0.0754408722135105	FALSE
-2.84004028152821	-2.70980106004909	0.160404894009489	-0.325186856768802	-13.8569242158063	rs56146462	-2.84090909090909	0.131108030860001	FALSE
0.438946632416293	0.297787111138937	0.146363960635372	0.368971736625152	-2.31115231762122	rs56149234	0.438931297709924	0.141144186570986	FALSE
0.985149771649486	0.795919670586638	0.149965599070635	0.48864605615292	-5.34580418159866	rs56159430	0.985148514851485	0.189228844264847	FALSE
0.492382553407282	0.295891537397599	0.146363960635372	0.513600717488146	-2.43693563239205	rs56161922	0.492366412213741	0.196474874816141	FALSE
1.11374502557728	1.01366544776415	0.145068486591336	0.262759801092553	-6.60786289267107	rs56216545	1.11375661375661	0.100091165992464	FALSE
0.0347018152747836	0.370278424892101	0.187066573156904	-0.775878266340743	-0.207995784961505	rs56218657	0.0347003154574133	0.335578109434688	FALSE
-0.0231968795296741	0.314181085262101	0.146363960635372	-0.881859986785388	0.151531420645928	rs56235509	-0.0231958762886598	0.33737696155076	FALSE
0.97029948688873	0.796824856388818	0.149965599070635	0.447960940464825	-5.33285185157722	rs56245865	0.97029702970297	0.173472173314152	FALSE
-0.46343038115812	-0.82121824026954	0.317059047051439	0.635412164014032	-2.65633144065109	rs562629634	-0.463414634146341	0.357803606123198	FALSE
1.35073714358586	1.00743048187061	0.145068486591336	0.901354623162854	-6.61740713938805	rs56307771	1.35078534031414	0.343354858443528	FALSE
-1.28066627765156	-0.654772443462491	0.190109929697183	-1.43548372381738	-3.83490362555312	rs56310041	-1.28070175438597	0.625929310923474	FALSE
-1.21695580096041	-0.709347853149307	0.17817863591357	-1.20254295533718	-4.39931091466357	rs56311085	-1.21698113207547	0.507633278926165	FALSE
0.241389147189863	0.00521696436462372	0.171230825351493	0.570739287275834	-0.022927956891743	rs56330303	0.241379310344828	0.236162345980204	FALSE
0.484748871833367	0.296162332886345	0.146363960635372	0.492939492495799	-2.4220604104952	rs56386223	0.484732824427481	0.188570491541136	FALSE
-1.36201856222322	-0.924118728785336	0.154415012211835	-1.11437156016099	-5.9525744051046	rs56390361	-1.36206896551724	0.437950236731905	FALSE
-0.964288641499162	-0.755536296751363	0.341415087464362	-0.357264618082969	-3.61453064255879	rs56394126	-0.964285714285714	0.208749417534352	FALSE
-3.3819300564048	-3.51777019809953	0.144720565817329	0.357077923026571	-19.560096839889	rs568515	-3.38345864661654	0.13431155148299	FALSE
-0.200976868469717	0.0429734857219683	0.14385015363865	-0.643200373549822	0.187716993386581	rs56940959	-0.200968523002421	0.24394200872439	FALSE
0.131040055793328	-0.886665815370393	0.147473507096462	2.65011838973148	0.924116248814201	rs56985822	0.131034482758621	1.01770029812901	FALSE
0.425302431373227	0.298271122432075	0.146363960635372	0.332042516449807	-2.27112513319299	rs57587123	0.425287356321839	0.127016233889765	FALSE
0.461847783569107	-0.00420178660407147	0.154758659938571	1.18468975161454	0.0356714717812789	rs57715085	0.461832061068702	0.466033847672774	FALSE
0.545815220034918	0.227717132050927	0.154897502948978	0.808237227682407	-1.97820785328025	rs58222271	0.545798637395912	0.318081505344985	FALSE
-0.417127209048159	0.236636223453639	0.14933622343201	-1.69175723722924	1.81970494263634	rs58817628	-0.417112299465241	0.65374852291888	FALSE
1.11453143366122	1.63384831181823	0.144976271652301	-1.36390453770399	-6.66171523260628	rs59036171	1.11454311454311	0.51930519727512	FALSE
-3.42855022344984	-3.27513931305803	0.156569939033008	-0.387705583911925	-17.7906505132822	rs59179545	-3.43014705882353	0.1550077457655	FALSE
-1.13748553388222	-0.682685828103169	0.193938189630621	-1.03273407418224	-4.16550156956609	rs593518	-1.1375	0.454814171896831	FALSE
-0.961786559688236	-1.15683126297581	0.148181940502232	0.506683220243412	-6.37312787007243	rs594955	-0.961783439490446	0.195047823485368	FALSE
-1.03184424457546	-1.27252772848693	0.147242983240654	0.627233124119831	-6.76966534502216	rs596319	-1.03184713375796	0.240680594728964	FALSE
-0.68457949923198	-0.800175887061285	0.145778003087145	0.302759838562921	-4.63227486114515	rs599948	-0.684563758389262	0.115612128672023	FALSE
-0.691290786725545	-0.741599477096586	0.14670036442647	0.131349195048226	-4.52696972094909	rs601356	-0.691275167785235	0.0503243093113507	FALSE
-0.933967425617938	-0.0197912523739629	0.240270069164327	-1.86500526039115	-0.142128314651605	rs60179719	-0.933962264150943	0.914171011776981	FALSE
-1.44685890845277	-1.0079180283517	0.18335606783677	-1.02508147877141	-6.00706564949152	rs60467252	-1.44692737430168	0.439009345949976	FALSE
1.62583856282636	1.4841163498187	0.144545485525779	0.372765455542138	-8.59475070425333	rs60673767	1.62595419847328	0.141837848654579	FALSE
-1.07691563205007	-0.727002145176492	0.14670036442647	-0.913576849216071	-5.01945486612665	rs608282	-1.07692307692308	0.349920931746585	FALSE
-1.01910657887797	-1.27305879425519	0.147242983240655	0.661812097945212	-6.70533280622618	rs609297	-1.01910828025478	0.25395051400041	FALSE
-0.994652865506561	-0.207076267819645	0.16181680397552	-1.95785711316906	-1.28500429811428	rs61203601	-0.994652406417112	0.787576138597467	FALSE
-2.60910014240383	-2.57172850405568	0.147578772741369	-0.0972814847203254	-13.5095010220399	rs61240730	-2.60975609756098	0.0380275935052907	FALSE
-0.677868203732611	-0.72971549303325	0.145482040183604	0.135931892688634	-4.47045347519957	rs614709	-0.677852348993289	0.0518631440399612	FALSE
-0.715225473808145	-0.815362257427564	0.159985267763724	0.250353485147299	-4.58567989832191	rs61522287	-0.715210355987055	0.100151901440509	FALSE
0.486354865564421	0.791330824599061	0.219446956221736	-0.651029735066549	-3.16403680150957	rs61525336	0.486338797814208	0.304992026784853	FALSE
-2.11106429247462	-1.60864008437394	0.282688416793064	-0.944966798690071	-7.19096647729678	rs61734514	-2.11138014527845	0.502740060904507	FALSE
-2.58960421547048	-2.57258765336107	0.147578772741369	-0.044295527303828	-13.4608976924884	rs61735651	-2.59024390243902	0.0176562490779557	FALSE
-1.02773472503798	-1.24193206094683	0.473124537332204	0.311405535956584	-3.99613853894882	rs61815042	-1.02773722627737	0.214194834669457	FALSE
-1.85187627930333	-0.488032214401405	0.287253865254306	-2.54467180295866	-1.95763079185219	rs61815046	-1.85207100591716	1.36403879151576	FALSE
3.8696577518238	4.14573747232036	0.207214820688793	-0.606490635331399	-18.5820712827067	rs61821016	3.872	0.273737472320359	FALSE
2.78646030837118	2.87545309957913	0.176234538840347	-0.211987042135758	-13.4824051478504	rs61821039	2.78727634194831	0.088176757630821	FALSE
2.83478002949489	2.86352790571475	0.176234538840348	-0.0684794483329705	-13.6123655237333	rs61821041	2.83564356435644	0.0278843413583121	FALSE
4.40539341261259	3.86996747731838	0.165678454948016	1.31542589224945	-21.8970258772397	rs61821042	4.40890688259109	0.538939405272715	FALSE
2.47917741426874	2.36230857816602	0.146358439623759	0.305484960126385	-12.5356182787474	rs61821050	2.47972972972973	0.117421151563708	FALSE
2.03139929780844	2.37817546764221	0.146358439623759	-0.906442709169641	-10.8323600319569	rs61821051	2.0316742081448	0.346501259497416	FALSE
3.78059486664581	3.76979063291599	0.168712581468756	0.0263039054922812	-20.0345258252803	rs61821082	3.78277153558052	0.01298090266453	FALSE
-1.99974042267731	-2.28086936693144	0.162376036874403	0.697661235925301	-10.2517497486015	rs61821085	-2	0.280869366931442	FALSE
-1.87296741769573	-2.2439112645095	0.164520839150298	0.914529488108713	-9.57477864631394	rs61821086	-1.87317073170732	0.370740532802186	FALSE
3.74169484272828	3.92209385941815	0.181663239318041	-0.42325357881871	-19.2837935055209	rs61821087	3.74380165289256	0.178292206525589	FALSE
-1.50806015657053	-2.30372953795342	0.164520839150298	1.96165300573155	-7.126774452431	rs61821088	-1.50814332247557	0.795586215477846	FALSE
-2.03932512894213	-2.27498099912958	0.162376036874403	0.584813371260016	-10.4385132204849	rs61821089	-2.03960396039604	0.23537703873354	FALSE
-2.54308741879701	-2.57221612788621	0.147200718074007	0.0759217611683664	-13.3404884730812	rs61821090	-2.54368932038835	0.0285268074978577	FALSE
-2.56397461180999	-2.34175898695945	0.153989259500566	-0.566277592928934	-12.1953164119807	rs61821106	-2.56459330143541	0.222834314475956	FALSE
-2.47517885405058	-2.57502710371503	0.147200718074007	0.260246856147627	-13.1035214260398	rs61821107	-2.47572815533981	0.0992989483752247	FALSE
-2.51883470545692	-2.57322003352368	0.147200718074007	0.141751214442903	-13.2617570806451	rs61821108	-2.51941747572816	0.0538025577955286	FALSE
-2.06460519394216	-2.19853760351536	0.179614827258061	0.316020015328428	-10.0668298973504	rs61821109	-2.06489675516224	0.133640848353119	FALSE
-2.49226071656007	-2.34817165012167	0.153989259500566	-0.367185744769291	-12.1685162154587	rs61821110	-2.49282296650718	0.14465131638551	FALSE
-2.49458160724418	-2.57422395509241	0.147200718074007	0.207581712382276	-13.1764638530526	rs61821111	-2.49514563106796	0.0790783240244495	FALSE
-2.49458160724418	-2.57422395509241	0.147200718074007	0.207581712382285	-13.1764638530526	rs61821113	-2.49514563106796	0.079078324024453	FALSE
3.11336556034442	2.77998468555967	0.279739517232802	0.630323895240088	-10.7934821969387	rs61821114	3.11453744493392	0.334552759374254	FALSE
-2.68941513166192	-2.43652218384186	0.163739813999909	-0.62497057806193	-12.3156800597916	rs61821115	-2.69014084507042	0.253618661228563	FALSE
-2.60910014240383	-2.5717285040557	0.147578772741369	-0.097281484720293	-13.5095010220399	rs61821130	-2.60975609756098	0.0380275935052783	FALSE
-2.80805184034295	-1.99727766606276	0.179614827258061	-1.91306098203123	-8.89287293162115	rs61821132	-2.80888888888889	0.811611222826133	FALSE
-2.64185007228784	-2.7553940321116	0.185673936487329	0.26350481993542	-12.4181103439138	rs61821133	-2.64253393665158	0.112860095460019	FALSE
-3.02620380838092	-3.15208122088415	0.155785937067913	0.31892141449507	-16.0744052229189	rs61821134	-3.02727272727273	0.124808493611425	FALSE
-2.93993619199988	-2.89840120314413	0.156016263116714	-0.105154814722794	-15.0373267265244	rs61821135	-2.94090909090909	0.0425078877649656	FALSE
-3.023031100768	-2.88977923938388	0.156016263116714	-0.337355930056423	-15.1902461803487	rs61821136	-3.02409638554217	0.134317146158292	FALSE
-2.9605431497278	-3.30637864495013	0.150999278630425	0.88998385702968	-16.1701880569591	rs61821138	-2.96153846153846	0.344840183411669	FALSE
1.49325385606242	1.184982075348	0.149794882802471	0.796499087044159	-7.33114712687118	rs61821293	1.49333333333333	0.308351257985332	FALSE
2.41793244830484	2.14992867629475	0.144429591950132	0.705200829393752	-11.5645811838668	rs61822669	2.41843971631206	0.268511040017307	FALSE
2.36123445981942	2.16004397363339	0.143933713604652	0.53030555300995	-11.6303516874499	rs61822673	2.36170212765957	0.20165815402618	FALSE
2.33997220325914	2.16043266100156	0.143933713604653	0.473237169654372	-11.6205771745602	rs61822674	2.34042553191489	0.179992870913334	FALSE
-0.597153640466159	-1.60008821493336	0.265665408305529	1.94583091160122	-2.68209214107202	rs61822694	-0.597137014314929	1.00295120061843	FALSE
-2.15089694637622	-2.40115515166179	0.218124556642482	0.53584112862591	-9.66087926045131	rs61822696	-2.15123456790123	0.249920583760552	FALSE
2.3824964391032	2.15630863284694	0.144631649393209	0.594754201923921	-11.5909919164054	rs61822697	2.38297872340426	0.22667009055731	FALSE
-2.94407756797507	-3.40078907269372	0.151100150098359	1.17492326611993	-16.0032239869963	rs61822962	-2.94505494505495	0.45573412763877	FALSE
-2.77545026001418	-3.09004406398538	0.155201386989468	0.798550462862334	-14.6821900657015	rs61822963	-2.77625570776256	0.313788356222824	FALSE
-2.85232979722811	-3.3354152060218	0.154043514711041	1.23084172616189	-15.1616488241147	rs61822964	-2.85321100917431	0.482204196847485	FALSE
-3.05563458006311	-2.87802153966612	0.168899009110075	-0.432176649039438	-14.4797609359163	rs61822967	-3.05673758865248	0.178716048986367	FALSE
-4.44599723392607	-4.09541820678481	0.148237182960096	-0.910557456034941	-25.8366450349976	rs61822977	-4.44961240310078	0.354194196315969	FALSE
-0.931039848028863	-2.34811273897871	0.155139351593389	3.59775183974504	-4.42251615068063	rs61822978	-0.931034482758621	1.41707825622009	FALSE
-1.2494297052707	-1.64438617006092	0.213337525382233	0.855097428354098	-6.74288916547843	rs61823003	-1.24946004319654	0.394926126864371	FALSE
2.4113967124466	3.78443554644081	0.283062440785738	-2.58072481070275	-8.2447166993934	rs61823004	2.41189931350114	1.37253623293967	FALSE
2.52966809781492	1.72466621147069	0.360674312953897	1.34041503784207	-6.60960488851827	rs61823005	2.53025936599424	0.80559315452355	FALSE
3.29709816503317	3.37570680864462	0.144253084102794	-0.206970166518678	-18.7798045707405	rs634082	3.29850746268657	0.0771993459580487	FALSE
3.28009534566379	3.45795942987374	0.144279020252418	-0.468259576853911	-18.8916022211544	rs645450	3.28148148148148	0.176477948392258	FALSE
-0.724847101359782	-0.728342088695334	0.145482040183604	0.00916306811508692	-4.61675129468741	rs646817	-0.724832214765101	0.0035098739302335	FALSE
-1.05095066144895	-1.25380944026876	0.145827004755098	0.531220503297152	-6.88426149711781	rs650877	-1.05095541401274	0.202854026256025	FALSE
-1.20420189574406	-0.215944566487908	0.145290722470653	-2.59269304238946	-1.17075466568198	rs6540429	-1.20422535211268	0.988280785624768	FALSE
-0.891727649101834	-0.920764235376928	0.147994283800489	0.0754784696209736	-5.66342788107986	rs6540435	-0.89171974522293	0.0290444901539976	FALSE
-1.1381968272182	-1.17427758225803	0.143730920069235	0.0951700975254425	-7.15827374459978	rs6540436	-1.13821138211382	0.036066200144204	FALSE
-1.42616569129496	-1.42405029765053	0.143386853566077	-0.00558645786854547	-8.25284790949946	rs6540437	-1.42622950819672	0.00217921054619019	FALSE
1.602728063643	1.26703733240919	0.14596583218514	0.878645615630013	-7.64272683451293	rs6540438	1.60283687943262	0.335799547023438	FALSE
-1.92063978383619	-2.0167930332899	0.162322870730719	0.238656962161629	-9.86354345399649	rs6540439	-1.92086330935252	0.09592972393738	FALSE
0.48439104282874	0.191172544267705	0.147972804918414	0.762255229384573	-1.65862830424406	rs6540443	0.484375	0.293202455732295	FALSE
-0.0411640058438449	0.0401464810622192	0.14385015363865	-0.214383519650085	0.0364866327796677	rs6540849	-0.0411622276029056	0.0813087086651248	FALSE
-0.435499142043961	-0.503292221983431	0.143387590234896	0.179031554241021	-3.1985509626618	rs6540872	-0.435483870967742	0.0678083510156889	FALSE
2.47917741426874	2.37030559064002	0.146482770965268	0.284460667063432	-12.561855403613	rs6540874	2.47972972972973	0.109424139089708	FALSE
2.48592905814216	2.36447760227316	0.146701225107578	0.317092415885039	-12.5388903943076	rs6540875	2.48648648648649	0.122008884213325	FALSE
1.54952436522719	1.53165574067422	0.145011156096678	0.0469235019237124	-8.64092106455851	rs6540876	1.54961832061069	0.0179625799364718	FALSE
1.51484048945687	1.44455973055971	0.14624609240642	0.18377833262509	-8.37161285586355	rs6540888	1.51492537313433	0.0703656425746142	FALSE
1.51484048945687	1.5390118174872	0.143529086639892	-0.0638014503971564	-8.61817743562462	rs6540889	1.51492537313433	0.0240864443528726	FALSE
2.33997220325914	2.16043266100157	0.143933713604653	0.473237169654357	-11.6205771745602	rs6540893	2.34042553191489	0.179992870913329	FALSE
1.55960481024338	1.53832163974426	0.143529086639892	0.056178011617314	-8.70030024780701	rs6540896	1.55970149253731	0.0213798527930487	FALSE
3.81638519226115	3.36504062151778	0.144253084102794	1.18835355340558	-19.7859500034257	rs663135	3.81862745098039	0.45358682946261	FALSE
1.4898542435334	0.994729284460207	0.146740480782787	1.2925276747087	-6.24613909058801	rs66532523	1.48993288590604	0.495203601445834	FALSE
2.03198286660535	1.90553478561614	0.14898827121247	0.327594198711574	-10.1811659263258	rs6656123	2.03225806451613	0.126723278899985	FALSE
-6.11772194117167	-5.5726863545943	0.160677879647625	-1.35971163322227	-36.7424009697562	rs6656401	-6.12738853503185	0.554702180437544	FALSE
-2.08840581812306	-1.97907949696977	0.143940052439186	-0.288160139680804	-10.6548610972526	rs6657161	-2.08870967741936	0.109630180449583	FALSE
-1.27045804124041	-1.34443246003525	0.144354615629553	0.194700122302537	-7.76849366993205	rs6657436	-1.27049180327869	0.0739406567565628	FALSE
1.29135341946224	1.10512851818746	0.146984031827427	0.485738664781604	-7.11266286417429	rs6657476	1.29139072847682	0.186262210289361	FALSE
2.34990497060232	2.12918472680047	0.143751395980171	0.582151648705489	-11.4824888448084	rs6658718	2.35036496350365	0.221180236703184	FALSE
-0.132764264440681	0.0200904958738372	0.150199100095239	-0.394407625539995	0.0561022194407774	rs6659219	-0.132758620689655	0.152849116563492	FALSE
-1.96696886086265	-1.76746331003186	0.144050319028165	-0.525651455531634	-9.74527847994424	rs6659617	-1.9672131147541	0.199749804722241	FALSE
1.10868465624273	1.5430748798768	0.145011156096678	-1.14072073280777	-6.86833118678377	rs6659629	1.10869565217391	0.434379227702892	FALSE
2.01401928639971	2.15872945618399	0.144429591950132	-0.380777221858438	-10.8405396718457	rs6660254	2.01428571428571	0.144443741898271	FALSE
0.503252507812466	0.0305160420871439	0.14385015363865	1.2464186508466	-0.288864674021996	rs6660274	0.503236245954693	0.472720203867549	FALSE
2.02411890614586	2.13472009039165	0.143751395980172	-0.291711628477839	-10.8779396292418	rs6660557	2.02439024390244	0.110329846489211	FALSE
-5.82932454649597	-5.97820293058358	0.164750119526599	0.366791089857753	-37.9832466211084	rs6661489	-5.83766233766234	0.140540592921242	FALSE
-1.03431060130927	-2.14713590409077	0.163834171149264	2.7493165580149	-4.96258366007494	rs6661764	-1.0343137254902	1.11282217860057	FALSE
1.80274416007114	1.69606919362859	0.142971833692343	0.282122206134013	-9.43192026840668	rs6662070	1.8029197080292	0.106850514400604	FALSE
-1.42616569129496	-1.42405029765053	0.143386853566077	-0.00558645786854723	-8.25284790949947	rs6662432	-1.42622950819672	0.00217921054619086	FALSE
1.61586671594505	1.11135567227361	0.152408583087093	1.29230779682613	-6.6254651445654	rs6663887	1.6159793814433	0.504623709169688	FALSE
-1.8797938603049	-2.05913138514769	0.146128973360581	0.46914058483315	-10.1805741257951	rs6664001	-1.88	0.179131385147691	FALSE
-1.2513817796687	-0.206006096188069	0.14483964207983	-2.74681033178771	-1.12153457141126	rs6664477	-1.25141242937853	1.04540633319046	FALSE
1.51484048945687	1.4765414901339	0.143635301498838	0.101054773195915	-8.49681626697804	rs6664815	1.51492537313433	0.0383838830004295	FALSE
-1.48297388113299	-1.24934238711876	0.148932177830328	-0.605392611168737	-7.65293362663473	rs6664902	-1.48305084745763	0.233708460338866	FALSE
-0.411305109901798	-0.516819048814479	0.143167647003885	0.278860750742187	-3.13107546323862	rs6664951	-0.411290322580645	0.105528726233834	FALSE
0.317769371522716	-0.106566200042526	0.146048570218821	1.11035227021273	0.69946005267399	rs6665307	0.317757009345794	0.42432320938832	FALSE
-0.698197303232206	-0.759499550177433	0.231209460099783	0.127489257989351	-3.79055788879815	rs6665668	-0.698181818181818	0.0613177319956146	FALSE
1.64118405933976	1.63828213341313	0.164215465174538	0.00716109269172284	-8.64366845145614	rs6665881	1.64130434782609	0.00302221441295392	FALSE
-1.44255546496087	-1.42381409178763	0.143386853566077	-0.0494933375197064	-8.28028940941452	rs6666431	-1.44262295081967	0.0188088590320403	FALSE
3.36791829747193	2.68395461035664	0.168366633541334	1.66688266718422	-13.061390128096	rs6666604	3.36942675159236	0.685472141235715	FALSE
-2.17850855774543	-2.00244973905743	0.143686882209099	-0.464460967870435	-10.8308408296307	rs6667118	-2.17886178861789	0.17641204956046	FALSE
-3.6464954660172	-3.51533972591557	0.150254393585675	-0.338355867787967	-20.0890917966504	rs6667140	-3.6484375	0.133097774084433	FALSE
-2.14600656193318	-2.00298713942912	0.143686882209099	-0.377299699586313	-10.811175623268	rs6667238	-2.14634146341463	0.143354323985511	FALSE
0.869927855553608	0.920112789906801	0.157888713557218	-0.12629839084225	-5.40946864336611	rs6667268	0.869918699186992	0.0501940907198086	FALSE
-1.99974042267731	-1.71841616836695	0.155757508340647	-0.712824602900365	-9.22829383877467	rs6667500	-2	0.281583831633055	FALSE
1.73794326118409	2.16706722520404	0.144067181728088	-1.13057723851177	-9.36793734533577	rs6668560	1.73809523809524	0.428971987108804	FALSE
2.34990497060232	2.12918472680047	0.143751395980172	0.582151648705485	-11.4824888448084	rs6668683	2.35036496350365	0.221180236703183	FALSE
-1.27045804124041	-1.34443246003525	0.144354615629553	0.194700122302537	-7.76849366993205	rs6669885	-1.27049180327869	0.0739406567565626	FALSE
-1.28095620959751	-1.05597326508209	0.15394525395377	-0.573411560157208	-6.77380202924029	rs6670857	-1.28099173553719	0.225018470455101	FALSE
1.42633208543804	2.05506592579918	0.157502271102042	-1.58424894208196	-7.34221791867571	rs6671439	1.42639593908629	0.628669986712888	FALSE
0.241389147189862	-0.891446516054715	0.147473507096462	2.94991775990761	1.72821970375403	rs6671947	0.241379310344828	1.13282582639954	FALSE
-2.08100081274941	-2.13674430427347	0.145874869231058	0.145949942301944	-10.996653275889	rs6671969	-2.08130081300813	0.055443491265335	FALSE
-0.346787395244892	-0.445958798089792	0.143501736013299	0.261792909133809	-2.64206978478582	rs6671998	-0.346774193548387	0.0991846045414044	FALSE
-0.993631119220433	-1.0910783171338	0.147372808497535	0.253840360303256	-6.44545899910124	rs6672474	-0.993630573248408	0.0974477438853898	FALSE
2.06172540999535	1.98245735772261	0.157502271102042	0.199735277302476	-10.2253700380682	rs6672985	2.06201550387597	0.0795581461533577	FALSE
2.45217054600337	2.37128632655251	0.146482770965268	0.211334560706551	-12.5187846240878	rs6673080	2.4527027027027	0.0814163761501958	FALSE
-0.0427604676481368	-0.715744694818759	0.455273013746461	0.997399007133011	-0.196451701874008	rs6673109	-0.0427586206896552	0.672986074129104	FALSE
1.13600586921672	1.70372045742733	0.142971833692343	-1.50142903646195	-6.60904655249219	rs6673138	1.1360201511335	0.567700306293832	FALSE
2.36123445981942	2.21002554713237	0.144491566037015	0.397792088537061	-11.8354105949066	rs6673333	2.36170212765957	0.151676580527204	FALSE
1.5199138191863	1.08665718878511	0.238778087322624	0.886641353485709	-5.78060068557927	rs6673422	1.52	0.433342811214889	FALSE
2.22656892160083	2.15767346205539	0.144067181728088	0.181513140560169	-11.4666395740753	rs6673890	2.22695035460993	0.0692768925545426	FALSE
-1.13540245968188	-0.0582591406419851	0.146048570218821	-2.81854411881783	-0.304778999420524	rs6674684	-1.13541666666667	1.07715752602468	FALSE
2.24587551977224	2.35960466121159	0.155128505802426	-0.288752634898407	-11.5648366892579	rs6677310	2.24626865671642	0.113336004495168	FALSE
-1.19006120741076	-1.045711401032	0.152422610025998	-0.369735804341338	-6.69997093253029	rs6678853	-1.1900826446281	0.144371243596103	FALSE
-0.73514975481441	-0.493898507469536	0.143356581793264	-0.637177965552674	-3.6994471236231	rs6680631	-0.735135135135135	0.241236627665599	FALSE
-1.0316426995692	-1.07280744353442	0.145339889869945	0.107977434640351	-6.58404907644746	rs6681449	-1.03164556962025	0.0411618739141635	FALSE
1.80274416007114	1.69606919362861	0.142971833692343	0.282122206133966	-9.43192026840673	rs6681853	1.8029197080292	0.106850514400586	FALSE
-1.45662219837982	-1.42361136507687	0.143386853566077	-0.087176980009302	-8.30138502368388	rs6682464	-1.45669291338583	0.0330815483089599	FALSE
2.21239298065653	2.15794599262926	0.144067181728089	0.143446953632002	-11.4411641856791	rs6682586	2.21276595744681	0.0548199648175509	FALSE
-1.07329137146405	-0.0603238682698779	0.14604857021882	-2.65061626267746	-0.322593862049719	rs6682764	-1.07329842931937	1.01297456104949	FALSE
1.98156717034303	2.38468799138504	0.146122344568154	-1.05457364570178	-10.5170497592675	rs6683677	1.98181818181818	0.40286980956686	FALSE
-1.34421535357958	-1.43793806971138	0.144965882731731	0.246156871677931	-8.05276255920286	rs6683750	-1.34426229508197	0.0936757746294108	FALSE
-1.91178031556009	-1.96413376707684	0.147675318008366	0.136235836095029	-10.1539410709412	rs6683902	-1.912	0.0521337670768405	FALSE
-1.93490534230915	-2.06374220492086	0.144062417797357	0.33944138506326	-10.4643036017212	rs6684643	-1.93513513513514	0.128607069785729	FALSE
2.4037581386186	2.15926661414898	0.143933713604653	0.644440080383426	-11.6359776593786	rs6684804	2.40425531914894	0.244988704999952	FALSE
-0.809172394336343	-0.680588310355609	0.150904123129306	-0.331006606828057	-4.55790222663799	rs6685886	-0.809160305343512	0.128571994987902	FALSE
-0.346787395244892	-0.445958798089797	0.143501736013299	0.261792909133823	-2.64206978478584	rs6686201	-0.346774193548387	0.0991846045414098	FALSE
-3.02750102152965	-2.50585195562032	0.157165563606377	-1.31582985797287	-12.7672764088211	rs6686325	-3.02857142857143	0.522719472951111	FALSE
-0.459693108000899	-0.502943417703006	0.143387590234896	0.114217707386762	-3.28634324749552	rs6686780	-0.459677419354839	0.0432659983481674	FALSE
-1.06328513093518	-1.07191421468399	0.145339889869945	0.0226345711582821	-6.6781970126789	rs6687175	-1.06329113924051	0.00862307544348195	FALSE
-1.1300677516339	-1.26613552488801	0.144914573779889	0.357436785463789	-7.2352742319114	rs6687503	-1.13008130081301	0.136054224075	FALSE
-0.254374384924827	-0.234236055463133	0.15574838750011	-0.0510283660318712	-1.15132953165641	rs6688299	-0.254364089775561	0.0201280343124277	FALSE
-1.10742716662501	-1.05286475633459	0.152233982264843	-0.139842037468589	-6.59555526342462	rs6690037	-1.10743801652893	0.0545732601943396	FALSE
-1.41929253073038	-0.797026789345925	0.162541499082246	-1.54345425123599	-4.85738664657738	rs6690215	-1.41935483870968	0.622328049363753	FALSE
-0.724847101359782	-0.72197486105852	0.147488701604972	-0.00747896318504484	-4.56958073831833	rs6691117	-0.724832214765101	0.00285735370658036	FALSE
-0.0940634402653108	0.017667590449305	0.150199100095239	-0.288297011049006	0.0350691400200489	rs6691153	-0.0940594059405941	0.111726996389899	FALSE
-0.22581572491918	-0.284748876248714	0.144745246051841	0.154902173042196	-1.31822247642658	rs6691942	-0.225806451612903	0.058942424635811	FALSE
-0.747326106032923	-0.297042521275519	0.146464086261011	-1.17657750712397	-2.44965092163876	rs6692273	-0.747311827956989	0.450269306681471	FALSE
-1.47859707614726	-1.16854322242941	0.143730920069236	-0.817828104314734	-7.35017028360549	rs6693519	-1.47867298578199	0.310129763352581	FALSE
0.950252745862049	1.5160893250095	0.145040929726922	-1.48574997630508	-5.88403788900539	rs6694004	0.950248756218905	0.565840568790595	FALSE
3.42772376298076	3.06289361379121	0.162330121858643	0.905505647851044	-16.1251931455633	rs6696130	3.42931937172775	0.366425757936541	FALSE
2.45217054600337	2.36326555881807	0.146358439623759	0.232389894269731	-12.4949463473036	rs6696142	2.4527027027027	0.0894371438846342	FALSE
1.16664843705083	1.27333284629052	0.177996646331118	-0.252868683079187	-6.81439925953576	rs6696573	1.16666666666667	0.106666179623856	FALSE
-1.7621345311501	-1.61330515313629	0.148206988982695	-0.386593301470086	-9.00945439302865	rs6696840	-1.76229508196721	0.148989928830921	FALSE
-6.1494150412668	-6.1878734277984	0.151735456254865	0.0987296329917873	-38.6819287623781	rs6697005	-6.15923566878981	0.02863775900859	FALSE
-1.09249084995471	-0.943674712009364	0.236314974347211	-0.306128954714825	-4.97460681873569	rs6699517	-1.0925	0.148825287990636	FALSE
1.78815109714385	1.65873609242994	0.145151281269608	0.339683299707458	-9.2455351932332	rs6700079	1.78832116788321	0.129585075453276	FALSE
-1.53324369585864	-0.682356930824322	0.157113831223244	-2.14666640172554	-3.88718196755859	rs6700109	-1.53333333333333	0.850976402509012	FALSE
1.78815109714385	1.69623665869792	0.142971833692343	0.243085186850286	-9.41863617452184	rs6700168	1.78832116788321	0.0920845091852918	FALSE
1.6411011109789	1.48377128346895	0.144545485525779	0.413817450189993	-8.5968980751785	rs6700746	1.6412213740458	0.157450090576856	FALSE
1.6938928102365	1.58860840522099	0.145159838563217	0.276338126534423	-8.9554585690605	rs6700846	1.69402985074627	0.105421445525278	FALSE
1.83852027795698	1.92119719672006	0.149588326745085	-0.213764424853648	-9.83008722808819	rs6701108	1.83870967741936	0.0824875193007073	FALSE
-1.15445491965786	-1.26201321834537	0.144051671611549	0.283390164278267	-7.33357747719602	rs6701416	-1.15447154471545	0.107541673629921	FALSE
-1.44942589577323	-1.13761327372593	0.149963121098056	-0.805195716748618	-7.1419187715167	rs6701558	-1.44949494949495	0.311881675769022	FALSE
-6.24133634779401	-5.8397058244693	0.152060502015195	-1.02995559502013	-37.7229376158495	rs6701713	-6.25161290322581	0.411907078756508	FALSE
-2.2631620906017	-2.00105004531907	0.143686882209099	-0.691478081868805	-10.8308437499271	rs6702222	-2.26356589147287	0.262515846153797	FALSE
1.78815109714385	1.69623665869792	0.142971833692343	0.243085186850295	-9.41863617452183	rs6702997	1.78832116788321	0.0920845091852953	FALSE
1.78815109714385	1.69623665869792	0.142971833692343	0.243085186850297	-9.41863617452183	rs6703002	1.78832116788321	0.092084509185296	FALSE
1.59531317238654	1.51564264178548	0.145099819731424	0.209153084190752	-8.66092986218676	rs6703809	1.59541984732824	0.0797772055427639	FALSE
1.52976201845422	1.56862212898601	0.145573999176404	-0.10185025602649	-8.65500292311461	rs6703857	1.52985074626866	0.0387713827173548	FALSE
1.52976201845422	1.53878175687145	0.143529086639892	-0.0238080585601375	-8.64802839043404	rs6703860	1.52985074626866	0.00893101060279533	FALSE
-1.43436059063462	-1.42393219453884	0.143386853566077	-0.0275399311985851	-8.26695441890415	rs6704151	-1.4344262295082	0.0104940349693616	FALSE
-2.04004339220437	-2.00320150808238	0.144913282394173	-0.0967804719053272	-10.624348656569	rs67422482	-2.04032258064516	0.0371210725627797	FALSE
-0.68457949923198	-0.741853524241998	0.14670036442647	0.149534742939129	-4.50439797753024	rs677066	-0.684563758389262	0.0572897658527366	FALSE
-6.11138312881053	-5.84496027208951	0.157312401372328	-0.671722662019254	-37.9990981872193	rs679515	-6.12101910828026	0.276058836190748	FALSE
3.81149227316118	3.44694699907375	0.144279020252417	0.959731789284583	-20.4625593457278	rs682947	3.81372549019608	0.36677849112233	FALSE
0.432015205408208	0.169382486699469	0.1472288833834	0.684466693904984	-1.38929748787635	rs7144	0.432	0.262617513300531	FALSE
-0.78633777387833	-0.359502453617192	0.162284952414382	-1.05954943317932	-2.75637647948143	rs71635139	-0.786324786324786	0.426822332707595	FALSE
-0.0843918114708211	-0.280282943798487	0.167771550470681	0.478250703546148	-0.434276163194553	rs71635141	-0.0843881856540085	0.195894758144478	FALSE
-0.272332339065011	-0.930047167290652	0.162694147862366	1.63061587974956	-1.87650152441338	rs71635159	-0.272321428571429	0.657725738719224	FALSE
-1.09037009490664	-0.856858084587289	0.154277867352452	-0.594507597874545	-5.6808068923235	rs72468029	-1.09037900874636	0.233520924159067	FALSE
0.484748871833367	0.296162332886338	0.146363960635372	0.492939492495817	-2.42206041049516	rs72468035	0.484732824427481	0.188570491541143	FALSE
1.56680275382973	1.3034491620769	0.143110853052756	0.69615021344994	-7.9144081041362	rs72468037	1.5669014084507	0.263452246373802	FALSE
1.59779470902611	1.30306302784962	0.143110853052756	0.779095213381596	-7.87602315154617	rs72468038	1.5979020979021	0.294839070052481	FALSE
0.622612652196224	1.3152129928192	0.143110853052756	-1.83082323560149	-3.90087305756922	rs72468039	0.622596153846154	0.692616838973041	FALSE
1.76828506388231	1.9454701810932	0.156439417806107	-0.447975378097366	-9.44270901447982	rs72644188	1.76844783715013	0.177022343943075	FALSE
1.59483017258055	1.83883754356927	0.165998337361642	-0.598895536906855	-8.59812988369639	rs72644189	1.59493670886076	0.243900834708507	FALSE
1.29437840907254	1.03600758737285	0.144599741187679	0.679453450664765	-6.82917971477362	rs72644190	1.29441624365482	0.258408656281973	FALSE
0.293526965655147	1.059019702543	0.144599741187679	-2.01306276813956	-1.77352495471063	rs72644191	0.293515358361775	0.765504344181224	FALSE
0.286700806288357	1.05917665327385	0.144599741187679	-2.03142667711736	-1.72456118936696	rs72644193	0.286689419795222	0.772487233478623	FALSE
0.482892735817271	1.05466570281514	0.144599741187679	-1.50362611717469	-3.24446581463899	rs72644194	0.482876712328767	0.571788990486375	FALSE
1.35709342268643	1.1670378361647	0.148383678657317	0.493386853094925	-7.35579562526068	rs72644195	1.35714285714286	0.190105020978162	FALSE
-1.02145731012867	-0.745919405846876	0.153695256547989	-0.702831339781728	-5.03886682304185	rs72729038	-1.02145922746781	0.275539821620935	FALSE
-0.976263109451036	-0.959774932372855	0.154415012211835	-0.0419592660508061	-5.92157284742401	rs72729040	-0.976261127596439	0.0164861952235842	FALSE
-1.48982035582617	-1.13550903582857	0.15394274095852	-0.903036741193812	-7.02346811812476	rs72729053	-1.48989898989899	0.354389954070417	FALSE
1.64549242227261	-1.12981360868203	0.184518452652027	6.46086962499788	6.38551204626478	rs72737299	1.64561403508772	2.77542764376975	TRUE
-1.16330599691613	-0.609212501751643	0.23397210318535	-1.14551561143116	-3.45963406589719	rs72741370	-1.16332378223496	0.554111280483314	FALSE
-0.594219532891409	-0.5160359699532	0.212143194806844	-0.169746530171095	-3.11824872458943	rs72741390	-0.594202898550725	0.0781669285975246	FALSE
-1.04312270744927	-0.687965090732896	0.23397210318535	-0.73424178052571	-3.9427233737863	rs72741396	-1.04312668463612	0.355161593903222	FALSE
0.192437040912158	0.0155653482918865	0.171230825351493	0.427432318987636	-0.0549518213919709	rs72742919	0.192429022082019	0.176863673790132	FALSE
0.140102561917579	0.144976737745859	0.176258260017379	-0.0116098458214137	-0.361618192554401	rs72742942	0.140096618357488	0.00488011938837066	FALSE
-0.575878724657658	-0.271936484804455	0.229206361153863	-0.634859651542881	-1.82314455738773	rs72742944	-0.575862068965517	0.303925584161062	FALSE
0.200008308609454	0.13018208661649	0.176258260017379	0.166319743109513	-0.460814806711645	rs72742945	0.2	0.0698179133835099	FALSE
0.626882138416947	0.791405389146769	0.208317363367455	-0.360466198818932	-3.77617735957538	rs72742965	0.626865671641791	0.164539717504977	FALSE
-1.0744913817425	-1.18586815973219	0.269036398360679	0.214728222901586	-5.21112471176416	rs72742970	-1.07449856733524	0.111369592396947	FALSE
-0.500016227531634	-0.630891390459036	0.153144670678126	0.334430818075068	-3.57352987601253	rs72742996	-0.5	0.130891390459036	FALSE
-1.0483826004199	-1.3790350111093	0.289037676282232	0.61502740061344	-5.13673807421005	rs72744731	-1.04838709677419	0.330647914335103	FALSE
-0.346787395244892	-0.4459587980898	0.143501736013299	0.26179290913383	-2.64206978478585	rs72744757	-0.346774193548387	0.0991846045414124	FALSE
1.50624640447019	1.19453819976331	0.162648509532193	0.772899791038248	-7.19326640915679	rs72746355	1.50632911392405	0.31179091416074	FALSE
1.51775096720546	1.19280467781543	0.162648509532193	0.805724441563487	-7.17209901215011	rs72746360	1.51783659378596	0.325031915970526	FALSE
-3.5060978368742	-3.37823505421756	0.149350217333326	-0.330857681604196	-19.0891109400101	rs72757621	-3.5078125	0.129577445782442	FALSE
-3.48269646613261	-3.37955958335503	0.149350217333326	-0.266876953673923	-19.0344778008096	rs72757625	-3.484375	0.104815416644975	FALSE
-0.909878021866531	-0.734154703189273	0.159366432669246	-0.440180673954499	-4.81393129956622	rs73079108	-0.909871244635193	0.17571654144592	FALSE
0.510554975957526	0.231096671198324	0.154897502948977	0.710059613759045	-1.95126574935282	rs73079130	0.510538641686183	0.279441970487859	FALSE
0.442411710660325	0.237627903148899	0.154897502948978	0.520323457164612	-1.84624506373144	rs73079135	0.442396313364055	0.204768410215157	FALSE
0.578840185103243	0.224551834554829	0.154897502948978	0.9001909947407	-1.98582270545019	rs73079137	0.578823529411765	0.354271694856935	FALSE
0.350118115129817	0.246473837920783	0.154897502948977	0.263343812619183	-1.60436913062609	rs73079139	0.350104821802935	0.103630983882152	FALSE
0.350118115129817	0.246473837920787	0.154897502948977	0.263343812619172	-1.60436913062612	rs73079140	0.350104821802935	0.103630983882148	FALSE
0.450854872546769	0.236818663256494	0.154897502948978	0.543832355349239	-1.86288083841296	rs73079142	0.45083932853717	0.214020665280676	FALSE
-0.324150484002957	-0.482563458406997	0.157398311785786	0.399292096101052	-2.47497962871391	rs73079147	-0.324137931034483	0.158425527372514	FALSE
-0.1456851826796	-0.0326972823896437	0.149533553277019	-0.292188158522737	-0.100471137049788	rs73079172	-0.145679012345679	0.112981729956035	FALSE
-0.237123086005612	0.0266239886418535	0.150199100095239	-0.680540515982517	0.130701799098321	rs73079174	-0.237113402061856	0.263737390703709	FALSE
-1.74700393384689	-1.20188133990068	0.17294180843416	-1.3108233977448	-6.66779670307634	rs73080604	-1.74715909090909	0.545277751008409	FALSE
0.122358156624074	0.0372538608583425	0.14385015363865	0.224386289614492	-0.100142207136822	rs73081164	0.122352941176471	0.0850990803181281	FALSE
0.162797555598541	0.0365385093687354	0.14385015363865	0.3328950514056	-0.130081028494094	rs73081166	0.162790697674419	0.126252188305683	FALSE
0.207467798659377	0.0357483164943315	0.14385015363865	0.452756198859841	-0.161056147457057	rs73085203	0.207459207459207	0.171710890964876	FALSE
0.207467798659377	0.03574831649433	0.14385015363865	0.452756198859845	-0.16105614745705	rs73085231	0.207459207459207	0.171710890964877	FALSE
1.61820725181029	1.52987663723424	0.145011156096678	0.231958635131345	-8.72338097120082	rs7411168	1.61832061068702	0.0884439734527871	FALSE
-0.411305109901798	-0.516819048814483	0.143167647003886	0.278860750742196	-3.13107546323862	rs7412062	-0.411290322580645	0.105528726233837	FALSE
0.0747061009082119	-0.0454573936332503	0.149533553277019	0.310744337239868	0.0720184810039733	rs74149300	0.0747028862478778	0.120160279881128	FALSE
1.602728063643	1.26703733240919	0.14596583218514	0.878645615630012	-7.64272683451293	rs74150881	1.60283687943262	0.335799547023438	FALSE
0.445961405930413	0.854129739440457	0.161634056793101	-1.01524970424779	-3.21346564418647	rs74151003	0.445945945945946	0.408183793494511	FALSE
-1.43300553026134	-1.423951723375	0.143386853566077	-0.0239098339231361	-8.26467512556037	rs7416027	-1.43307086614173	0.00911914276672854	FALSE
0.274075140145426	-0.0664475780874636	0.147093854745386	0.887868865160719	0.380585217338588	rs7416946	0.274064171122995	0.340511749210458	FALSE
0.238646102296679	0.191090159961836	0.146605582724753	0.124202271189002	-0.947277200611164	rs74184055	0.238636363636364	0.0475462036745273	FALSE
0.291678214507155	0.189118258190195	0.146605582724753	0.267856736344774	-1.12704982845684	rs74231794	0.291666666666667	0.102548408476472	FALSE
0.622612652196224	1.3152129928192	0.143110853052756	-1.83082323560151	-3.9008730575692	rs74231795	0.622596153846154	0.692616838973048	FALSE
0.35250377979483	0.300853565286576	0.146363960635372	0.135006616427435	-2.00774256061871	rs74401244	0.352490421455939	0.051636856169363	FALSE
0.0254383019680138	0.356495119224277	0.579513337240765	-0.434881384537341	-0.049150095991802	rs74441312	0.0254372019077901	0.331057917316487	FALSE
0.064708670718736	-0.450099098569311	0.188096758061436	1.18701016297203	0.453601014942249	rs74587156	0.0647058823529412	0.514804980922253	FALSE
0.725700650780411	0.512307336686175	0.240962440785106	0.434716506954981	-3.12428447546142	rs74638211	0.72568578553616	0.213378448849985	FALSE
0.227399512161571	0.305291485701468	0.146363960635372	-0.203598995562664	-1.39623904475397	rs74692669	0.227390180878553	0.0779013048229145	FALSE
1.54216153163785	1.30375617140336	0.143110853052756	0.630201932353443	-7.93785458466392	rs74708352	1.54225352112676	0.238497349723402	FALSE
-0.780835105860724	-1.16356092013428	0.159598486607224	0.958017343237547	-5.14377190561164	rs74807457	-0.780821917808219	0.382739002326058	FALSE
0.229601248369083	-0.316472468086748	0.195984297551111	1.23350420776449	1.11490796488436	rs74810716	0.229591836734694	0.546064304821442	FALSE
-0.335177709724745	-0.205370192683765	0.146429474794863	-0.339223234211601	-1.37522522987757	rs74856817	-0.335164835164835	0.12979464248107	FALSE
0.311762779033151	1.31908592612768	0.143110853052756	-2.662763090473	-1.76354456313869	rs74883767	0.311750599520384	1.00733532660729	FALSE
0.250010142330712	0.130882341666572	0.16065586069609	0.297210971525181	-0.627714368802592	rs74935684	0.25	0.119117658333428	FALSE
0.22581572491918	-0.0552527887143504	0.145278224371714	0.737414945576713	0.267149383466629	rs74940629	0.225806451612903	0.281059240327254	FALSE
0.597146868997272	0.322836005530156	0.172064906516288	0.661297461769685	-2.54135261170348	rs74941188	0.597130242825607	0.274294237295452	FALSE
-0.47819777924882	-0.876409716233953	0.223995635781151	0.841384478503919	-3.08350195996777	rs74948403	-0.478181818181818	0.398227898052135	FALSE
0.26721721520913	-0.056403442501766	0.145278224371714	0.849055294768926	0.319573686265465	rs74975607	0.267206477732794	0.32360992023456	FALSE
1.61960453594265	1.30279129537549	0.143110853052756	0.837465718909177	-7.84326949670463	rs74978335	1.61971830985915	0.316927014483662	FALSE
-1.31855195865182	-1.5988459801745	0.250267344579882	0.560288542883488	-6.66552575011864	rs75011079	-1.31859410430839	0.280251875866105	FALSE
0.347735050411193	1.31863774126409	0.143110853052756	-2.56648907264851	-1.97936595834819	rs75088854	0.347721822541966	0.970915918722122	FALSE
-1.2520017713317	-1.1723604317804	0.143730920069236	-0.210069718435422	-7.38540189245542	rs7512100	-1.2520325203252	0.0796720885448075	FALSE
-1.40300242341957	-0.820205839693941	0.147473507096462	-1.51760934840425	-5.20828767300083	rs7512286	-1.4030612244898	0.582855384795855	FALSE
-0.536929287883801	-0.527300847049625	0.148325206365061	-0.0250004879661181	-3.53345649576204	rs7512361	-0.536912751677852	0.00961190462822758	FALSE
1.13600586921672	1.70372045742735	0.142971833692343	-1.50142903646199	-6.60904655249213	rs7512422	1.1360201511335	0.56770030629385	FALSE
1.67925704501512	1.48290862745982	0.144545485525778	0.516446263162895	-8.59127326498231	rs7513914	1.6793893129771	0.196480685517284	FALSE
2.31870967191441	2.16082135339295	0.143933713604652	0.416168048771036	-11.606079942852	rs7514661	2.31914893617021	0.158327582777262	FALSE
1.52230126495765	1.55226374771662	0.143815954185755	-0.0790085813095802	-8.64896593505294	rs7514736	1.52238805970149	0.0298756880151236	FALSE
-2.09646609989602	-2.06064166601035	0.144062417797357	-0.0943852187235323	-10.9233271908832	rs7515149	-2.09677419354839	0.0361325275380371	FALSE
-1.14632588327266	-1.17414064072338	0.143730920069236	0.073366900895215	-7.18018812908489	rs7515238	-1.14634146341463	0.0277991773087454	FALSE
-0.346787395244892	-0.44595879808979	0.143501736013299	0.261792909133806	-2.64206978478582	rs7515373	-0.346774193548387	0.0991846045414031	FALSE
-6.05514893597019	-5.90076419680968	0.159437616310481	-0.386641949568497	-38.188959173639	rs7515905	-6.06451612903226	0.163751932222583	FALSE
1.63346984925433	1.49824793516086	0.145040929726922	0.355060035112992	-8.63528586636581	rs7516060	1.63358778625954	0.135339851098685	FALSE
0.8811966413134	1.53458845251452	0.145099819731423	-1.71530064462602	-5.34020844554139	rs7516468	0.881188118811881	0.653400333702641	FALSE
-0.192164871104331	-0.0436360340392896	0.145278224371714	-0.389682155731241	-0.180758633026589	rs75165547	-0.192156862745098	0.148520828705808	FALSE
0.990050599555573	1.48031781186301	0.146220153660607	-1.28212164429003	-6.24383113382756	rs7516640	0.990049751243781	0.49026806061923	FALSE
-1.4507503141309	-1.42369598939897	0.143386853566077	-0.071446676449367	-8.29285440221463	rs7517879	-1.45081967213115	0.0271236827321761	FALSE
0.234893324509274	0.0352631735083303	0.14385015363865	0.526345567814678	-0.178891812337052	rs75180434	0.234883720930233	0.199620547421902	FALSE
1.71530296234237	1.75261456200818	0.144424043739159	-0.0981802466206056	-9.38884657559795	rs7518047	1.71544715447154	0.0371674075366368	FALSE
2.33997220325914	2.16043266100155	0.143933713604653	0.473237169654392	-11.6205771745601	rs7518565	2.34042553191489	0.179992870913342	FALSE
-4.56301013441202	-4.3498834296869	0.147431751185039	-0.555063101551402	-28.1855990169357	rs7519119	-4.56692913385827	0.217045704171368	FALSE
-1.39062480243776	-1.62707097645886	0.154169467289797	0.602189397952328	-8.07660568596183	rs7519408	-1.39068100358423	0.236389972874635	FALSE
-0.780912061695412	-1.54255149706867	0.328667921235967	1.32852815723081	-3.57863321896725	rs75202466	-0.780898876404494	0.761652620664176	FALSE
1.6411011109789	1.55831573083304	0.144696736930306	0.217632764458402	-8.83079956699484	rs7520270	1.6412213740458	0.082905643212758	FALSE
-1.0379712075618	-1.10497940180169	0.147312948707872	0.17458521144076	-6.63609884669629	rs7521382	-1.0379746835443	0.0670047182573896	FALSE
2.34990497060232	2.12918472680048	0.143751395980172	0.582151648705462	-11.4824888448085	rs7521457	2.35036496350365	0.221180236703174	FALSE
1.602728063643	1.26703733240919	0.14596583218514	0.878645615630012	-7.64272683451294	rs7521762	1.60283687943262	0.335799547023438	FALSE
-0.603277474316355	-0.514350097339911	0.143167647003886	-0.23502444663455	-3.68217329498817	rs7522201	-0.603260869565217	0.0889107722253061	FALSE
0.216615431836014	1.02586788612537	0.190291993493597	-1.85512751685247	-1.32651538657796	rs7522307	0.216606498194946	0.809261387930424	FALSE
2.22656892160083	2.15767346205541	0.144067181728088	0.181513140560095	-11.4666395740754	rs7522618	2.22695035460993	0.0692768925545146	FALSE
1.58198666776127	1.53797655554256	0.143529086639892	0.116166930843542	-8.73302018988578	rs7522701	1.58208955223881	0.0441129966962459	FALSE
0.315396905765926	0.246521714704851	0.145069811477175	0.180831586804671	-1.55721773077497	rs7523273	0.315384615384615	0.0688629006797644	FALSE
0.183886781342816	-0.00330018908339207	0.152971207575225	0.478597877061274	0.0124597598021831	rs7524207	0.183879093198992	0.187179282282385	FALSE
1.09325501323577	-0.11866620620317	0.170149435979866	2.93804966366831	0.629376640309848	rs7525160	1.09326424870466	1.21193045490783	FALSE
-4.24203801768598	-3.37374867075995	0.150681296502294	-2.23683937248237	-19.0875616635675	rs7525170	-4.24516129032258	0.871412619562628	FALSE
-1.50385489830258	-1.44722145450704	0.145818525191556	-0.148308697400539	-8.37376216011967	rs7525478	-1.50393700787402	0.0567155533669779	FALSE
-0.338722653130992	-0.446081580047837	0.143501736013299	0.283406354985229	-2.59949712424359	rs7525530	-0.338709677419355	0.107371902628482	FALSE
2.22656892160083	2.15767346205541	0.144067181728089	0.181513140560107	-11.4666395740754	rs7526658	2.22695035460993	0.0692768925545191	FALSE
1.88074584539373	2.16163332347528	0.144429591950132	-0.73910184555899	-10.2181641120449	rs7526831	1.88095238095238	0.280680942522896	FALSE
1.99199215768379	1.93612778989607	0.150612599977562	0.143947536036658	-10.182362590027	rs7527217	1.9922480620155	0.0561202721194294	FALSE
1.98361899769574	1.83508593850208	0.149853499829004	0.383698128322845	-9.86752702084143	rs7527218	1.98387096774194	0.14878502923986	FALSE
1.90675921935167	1.74845047641236	0.144424043739159	0.416567275678139	-9.64598502045319	rs7527413	1.90697674418605	0.158526267773685	FALSE
-0.260880085828989	-0.368158046249862	0.149890962597041	0.277091232086626	-1.80461230772303	rs7527798	-0.260869565217391	0.10728848103247	FALSE
-0.968210714035433	-0.947569437383757	0.248363790299887	-0.0414183138947133	-4.65361018840088	rs75279995	-0.968208092485549	0.0206386551017923	FALSE
-1.57014835535425	-1.15972185304873	0.169727063632101	-0.996230531999478	-6.84133677838738	rs7529011	-1.5702479338843	0.410526080835571	FALSE
-0.380966473762686	-0.221340713423637	0.155748387500111	-0.404474549003223	-1.54941666459769	rs7529677	-0.380952380952381	0.159611667528744	FALSE
0.202437550757423	-0.0546030491891981	0.145278224371714	0.674375004052504	0.237743280615752	rs75311366	0.202429149797571	0.257032198986769	FALSE
-2.05616433999203	-2.10583356773319	0.146341027933089	0.129838759337378	-10.8505929696743	rs7531923	-2.05645161290323	0.049381954829963	FALSE
2.2770068865437	2.37764727480116	0.146482770965268	-0.262953545031716	-12.043097312626	rs7532422	2.27741935483871	0.100227919962451	FALSE
-0.200976868469717	0.0429734857219518	0.14385015363865	-0.643200373549779	0.187716993386509	rs7532423	-0.200968523002421	0.243942008724373	FALSE
2.36123445981942	2.16004397363339	0.143933713604653	0.53030555300997	-11.6303516874498	rs7532664	2.36170212765957	0.201658154026188	FALSE
1.53916234432461	0.883369117132143	0.151277074075794	1.68608851093855	-5.29825097977566	rs7533408	1.53925353925354	0.655884422121396	FALSE
-4.0167215922619	-3.51182319619042	0.152552539490208	-1.29268964597388	-20.1911932031149	rs7533520	-4.01935483870968	0.507531642519254	FALSE
1.11453143366122	1.48301427348801	0.143635301498838	-0.972269523056322	-7.04832494995052	rs7533825	1.11454311454311	0.368471158944897	FALSE
-0.258074939872519	-0.37290247327743	0.14434753929032	0.302232625228767	-1.86121048059874	rs7533852	-0.258064516129032	0.114837957148397	FALSE
-0.805417649593956	-0.49290087053853	0.143356581793264	-0.825400107444632	-3.67582406688846	rs7534297	-0.805405405405405	0.312504534866876	FALSE
1.57960792934206	1.64963174633851	0.146599782046856	-0.182885434371878	-8.85838695607295	rs7535029	1.57971014492754	0.0699216014109778	FALSE
2.00748865649038	1.74625965745028	0.144424043739159	0.68738750897658	-9.6241099346573	rs7535160	2.0077519379845	0.261492280534215	FALSE
2.33997220325914	2.16043266100156	0.143933713604652	0.473237169654378	-11.6205771745602	rs7535532	2.34042553191489	0.179992870913337	FALSE
1.11453143366122	1.48301427348801	0.143635301498838	-0.972269523056316	-7.04832494995053	rs7536693	1.11454311454311	0.368471158944895	FALSE
1.96749743881807	1.90901956856658	0.14898827121247	0.15150100260543	-10.1142979323896	rs7536767	1.96774193548387	0.0587223669172923	FALSE
-2.95802383922819	-2.47829029612506	0.187498614719526	-1.10790125368435	-11.5674534786674	rs7536931	-2.95901639344262	0.48072609731756	FALSE
-0.930767006314739	-1.05307105461884	0.232269904537432	0.253772385330258	-4.91382371548618	rs7536934	-0.930761622156281	0.122309432462555	FALSE
0.473974235907409	0.139648259752851	0.15038068680135	0.862132643417728	-1.20753152207318	rs7537216	0.473958333333333	0.334310073580482	FALSE
2.94274700684229	2.69616532660469	0.28586152003126	0.461193266874774	-10.3977638295384	rs7537669	2.94372294372294	0.247557617118254	FALSE
0.162969827748389	-0.453719615371579	0.1435017360133	1.62793828377096	1.4113023547861	rs7537940	0.162962962962963	0.616682578334542	FALSE
0.17778522779699	-0.453945172965568	0.143501736013299	1.6676434401412	1.53063945184738	rs7538414	0.177777777777778	0.631722950743345	FALSE
-1.99193162424109	-1.75703511510709	0.146039688526632	-0.614668721211368	-9.6420997606263	rs75385517	-1.9921875	0.235152384892911	FALSE
-1.45542694447453	-0.0626973909166763	0.147741269730267	-3.62339664439223	-0.361258101321456	rs7538648	-1.45549738219895	1.39279999128228	FALSE
-1.39261354193014	-0.0655376718241705	0.147741269730268	-3.4525886539221	-0.367635577436409	rs7538649	-1.39267015706806	1.32713248524389	FALSE
0.274075140145426	-0.105113694712272	0.146048570218821	0.99221750858761	0.60379424070561	rs7538814	0.274064171122995	0.379177865835267	FALSE
-2.22542570485537	-2.04834336674063	0.14393909699632	-0.466751648691068	-11.0480059004663	rs7539772	-2.2258064516129	0.177463084872269	FALSE
-0.905070374309547	-0.973638494171469	0.146495386292114	0.179147300206844	-5.87587170580641	rs7539922	-0.905063291139241	0.068575203032229	FALSE
0.215393503550873	0.34889874469907	0.147073001415002	-0.348122294915207	-1.47987002882557	rs7541230	0.215384615384615	0.133514129314455	FALSE
0.243516406170405	0.676065340516273	0.214086084996696	-0.934848049540988	-1.84881862287327	rs7542064	0.243506493506494	0.432558847009779	FALSE
-1.53709943214501	-1.28948537544388	0.176040660216924	-0.59015868262856	-7.41608451065094	rs7542292	-1.53719008264463	0.247704707200746	FALSE
0.791679453673941	0.807712480475133	0.149965599070635	-0.0414018450055913	-4.97951537605905	rs7542494	0.791666666666667	0.0160458138084661	FALSE
-4.57086318056081	-4.3495455286802	0.147431751185039	-0.57639544720294	-28.2047309034213	rs7542544	-4.5748031496063	0.225257620926095	FALSE
0.0646579586127033	0.231814523299164	0.201156563373644	-0.3726973746238	-0.233040405998026	rs75429723	0.0646551724137931	0.167159350885371	FALSE
1.73119365157497	1.59039599920069	0.14522041424056	0.369472039509002	-8.98163831014269	rs7543002	1.73134328358209	0.140947284381402	FALSE
-1.89578715090025	-1.88976909160216	0.147679049812617	-0.0156601896785915	-9.97245004581505	rs7543097	-1.896	0.00623090839784335	FALSE
2.33997220325914	2.16043266100157	0.143933713604653	0.473237169654355	-11.6205771745602	rs7543117	2.34042553191489	0.179992870913328	FALSE
-0.508080826652635	-0.520720727105123	0.143099594512183	0.033413690997729	-3.48790633160632	rs7543236	-0.508064516129032	0.0126562109760909	FALSE
1.53722274983883	1.53866672707411	0.143529086639893	-0.0038114513954562	-8.66202443546516	rs7543250	1.53731343283582	0.00135329423828878	FALSE
-2.88370200268042	-3.40495381875158	0.151100150098359	1.34095786920578	-15.5174712188337	rs7543742	-2.88461538461538	0.520338434136195	FALSE
-1.35007787541986	-2.00528191111483	0.160401724595593	1.63595761297545	-6.95812055916439	rs7543834	-1.35012594458438	0.655155966530448	FALSE
-0.815080331947002	-0.858318587378115	0.162374287373074	0.107302424205391	-4.99809808454159	rs7543913	-0.815068493150685	0.0432500942274302	FALSE
-0.200976868469717	0.042973485721954	0.14385015363865	-0.643200373549785	0.187716993386518	rs7544000	-0.200968523002421	0.243942008724375	FALSE
-0.22581572491918	-0.284748876248712	0.144745246051841	0.154902173042189	-1.31822247642657	rs7544288	-0.225806451612903	0.0589424246358087	FALSE
-1.0379712075618	-1.1049794018017	0.147312948707872	0.174585211440771	-6.63609884669629	rs7544578	-1.0379746835443	0.0670047182573939	FALSE
0.251000930105696	-0.154814365819146	0.148522175608597	1.05301064420157	0.800516139253482	rs7545083	0.250990752972259	0.405805118791405	FALSE
1.58685226182928	1.64936267642052	0.146599782046857	-0.163262227277082	-8.87684000183245	rs7545125	1.58695652173913	0.0624061546813874	FALSE
1.31048563073457	1.47059104548665	0.179472250105058	-0.37792651794572	-7.44439671340366	rs7545126	1.31052631578947	0.160064729697179	FALSE
1.60294455647507	1.53027198919343	0.145011156096678	0.190840170183882	-8.70961043449552	rs7546693	1.6030534351145	0.0727814459210776	FALSE
1.78815109714385	1.69623665869794	0.142971833692343	0.243085186850224	-9.41863617452191	rs7548463	1.78832116788321	0.0920845091852682	FALSE
-2.698612418125	-2.56778386424597	0.147578772741369	-0.340557613412619	-13.6781589542713	rs7548495	-2.69934640522876	0.131562540982785	FALSE
-2.58960421547048	-2.57258765336107	0.147578772741369	-0.04429552730382	-13.4608976924884	rs7549152	-2.59024390243902	0.0176562490779526	FALSE
0.573787146705372	0.130388420927712	0.152583999297591	1.13511521205255	-1.21830908719651	rs7550273	0.573770491803279	0.443382070875567	FALSE
-1.14632588327266	-1.26216860599747	0.144051671611548	0.305217622666253	-7.30586166298911	rs7550883	-1.14634146341463	0.115827142582841	FALSE
-0.857152697435538	-0.0675088573681023	0.146048570218821	-2.06624871736346	-0.49782935633537	rs7552030	-0.857142857142857	0.789633999774755	FALSE
1.41998018576266	-0.89793788219391	0.417015070270761	3.58940287052452	3.86648675939434	rs75522952	1.42004264392324	2.31798052611715	TRUE
2.09725246695768	2.13347749319681	0.143751395980171	-0.095543835881413	-11.1134607920753	rs7553157	2.09756097560976	0.0359165175870562	FALSE
-1.84407069217367	-1.7619410907911	0.146039688526631	-0.214913781569341	-9.60144732853562	rs7553211	-1.84426229508197	0.0823212042908663	FALSE
2.32802176309712	2.12955653984988	0.143751395980172	0.523453829762015	-11.4773108875542	rs7553339	2.32846715328467	0.198910613434791	FALSE
-1.2513817796687	-0.206006096188068	0.14483964207983	-2.74681033178771	-1.12153457141125	rs7554172	-1.25141242937853	1.04540633319046	FALSE
1.73119365157497	1.5903959992007	0.14522041424056	0.369472039508959	-8.98163831014274	rs7554219	1.73134328358209	0.140947284381385	FALSE
1.43151394421836	1.30513474917937	0.143110853052756	0.334071401937065	-7.96142982050535	rs75544149	1.43157894736842	0.126444198189052	FALSE
1.78815109714385	1.69623665869794	0.142971833692343	0.24308518685022	-9.41863617452191	rs7555030	1.78832116788321	0.0920845091852669	FALSE
-0.414077345991585	-0.0844238377130431	0.149701430393536	-0.852010068463393	-0.676918184292264	rs7555064	-0.4140625	0.329638662286957	FALSE
1.06284476676465	0.653383311535839	0.167087303672279	1.00170836439242	-4.28822032173641	rs75553932	1.0628507295174	0.409467417981558	FALSE
0.245999305609198	0.485977033472608	0.156345217671471	-0.606916069141179	-1.99699531524698	rs75565951	0.245989304812834	0.239987728659774	FALSE
1.55976242967107	1.30353687871535	0.143110853052756	0.6773079144353	-7.92175620379096	rs75657969	1.55985915492958	0.256322276214227	FALSE
0.227282054261106	0.191512711233514	0.146605582724753	0.0934191065268911	-0.906801031389862	rs75758158	0.227272727272727	0.0357600160392128	FALSE
-0.919216221215988	-0.912907198673101	0.239938808694343	-0.0128798803942846	-4.53966723852394	rs75777457	-0.919210053859964	0.00630285518686291	FALSE
0.736856678771565	0.657354530346015	0.16818056825749	0.193861227004027	-4.14608755846319	rs75810483	0.736842105263158	0.0794875749171428	FALSE
1.90991936627301	1.97234896150935	0.196978703632964	-0.140663325864787	-9.0968871820856	rs75895395	1.91013824884793	0.0622107126614258	FALSE
1.69574785770679	1.27160060156445	0.20736316562725	0.931431357422618	-6.84790919357252	rs75907730	1.695885509839	0.424284908274544	FALSE
-0.205970594338551	-0.0432523375197698	0.145278224371714	-0.426909698796105	-0.191589902793218	rs75920586	-0.205962059620596	0.162709722100826	FALSE
0.682756889313869	1.11338162600101	0.251815570025976	-0.858139087073517	-3.79269550600287	rs75933986	0.682741116751269	0.430640509249743	FALSE
0.0552510023216041	0.997416529564118	0.164287279594809	-2.32447693254035	-0.326612802456325	rs760418	0.0552486187845304	0.942167910779588	FALSE
0.414850027032448	-0.642902028104177	0.245774488972176	2.13361215548185	2.59267758961962	rs76049576	0.414835164835165	1.05773719293934	TRUE
0.496614829444596	0.828326949259531	0.167480034795718	-0.810550015576074	-3.49772142400432	rs76103621	0.496598639455782	0.331728309803749	FALSE
1.61960453594265	1.30279129537548	0.143110853052756	0.837465718909201	-7.84326949670459	rs76118261	1.61971830985915	0.316927014483671	FALSE
0.31201218715592	0.0903150135784356	0.146492325001242	0.579232231692504	-0.582889121289789	rs761275	0.312	0.221684986421564	FALSE
-0.385260098437062	-0.553829562504205	0.153833482106441	0.429787193693817	-2.97490064110977	rs761276	-0.385245901639344	0.16858366086486	FALSE
1.08870094859019	1.58708251946156	0.180330447382897	-1.17361984522202	-6.29819475902202	rs761277	1.08870967741935	0.498372842042208	FALSE
0.191497344364662	-0.111809994855703	0.178588746068779	0.717721366308634	0.375185156044579	rs76132584	0.191489361702128	0.30329935655783	FALSE
1.95233158233801	1.73714842794032	0.18387411370103	0.501820008451854	-8.80891175389718	rs76169194	1.95256916996047	0.215420742020159	FALSE
-0.344693994657685	-0.270489315657047	0.198528233098584	-0.166540610378951	-1.38565975565421	rs76181153	-0.34468085106383	0.0741915354067831	FALSE
1.42800595156277	1.3051784558776	0.143110853052756	0.324682821941546	-7.95990916344612	rs76236254	1.4280701754386	0.122891719560992	FALSE
2.22656892160083	2.15767346205542	0.144067181728089	0.181513140560084	-11.4666395740754	rs76258276	2.22695035460993	0.0692768925545106	FALSE
0.323899185195275	-0.0579787800798554	0.145278224371714	1.00189991166165	0.391109673238942	rs76282147	0.323886639676113	0.381865419755969	FALSE
-0.0434801387961306	0.0401874522239698	0.14385015363865	-0.220598268760278	0.0385760744449868	rs76286608	-0.0434782608695652	0.083665713093535	FALSE
0.622612652196224	1.3152129928192	0.143110853052756	-1.8308232356015	-3.90087305756921	rs76287248	0.622596153846154	0.692616838973045	FALSE
0.665288013467914	0.965669062306392	0.188071535255131	-0.692645464056423	-4.1862528498899	rs76288596	0.665271966527197	0.300397095779195	FALSE
-0.77793207307884	-0.828196231396483	0.190109929697184	0.115280543144896	-4.46724826387042	rs76417003	-0.777918781725888	0.0502774496705946	FALSE
1.43502193229949	1.30509104253813	0.143110853052756	0.343459969689748	-7.96280770541342	rs76441118	1.43508771929825	0.129996676760117	FALSE
0.429545359371546	-0.376104544585551	0.481708801575312	1.1607910979091	1.01778014206959	rs76468397	0.429530201342282	0.805634745927832	FALSE
1.55852430161996	2.11064237180309	0.196978703632964	-1.24400556703908	-7.60261135179545	rs76476209	1.55862068965517	0.552021682147922	FALSE
-0.878697190179442	-1.25159925867143	0.159918545417506	0.93249256329868	-5.70997180885098	rs76484450	-0.878688524590164	0.372910734081265	FALSE
0.27807232693205	0.303030858955119	0.184138937508666	-0.0581629226685244	-1.35670474491196	rs76584142	0.278061224489796	0.0249696344653234	FALSE
-0.389844814273435	-0.252225008331436	0.198528233098583	-0.308865785695483	-1.44349215456817	rs76603341	-0.389830508474576	0.13760550014314	FALSE
1.62312461348055	1.30274743810958	0.143110853052756	0.846886642154946	-7.83755108645239	rs76654222	1.62323943661972	0.320491998510143	FALSE
0.527935259725666	0.39371313992556	0.26776067186346	0.25938848876777	-2.1054493300315	rs76724744	0.527918781725888	0.134205641800328	FALSE
0.26721721520913	-0.0564034425017676	0.145278224371714	0.849055294768929	0.319573686265474	rs76794826	0.267206477732794	0.323609920234561	FALSE
1.61960453594265	1.30279129537548	0.143110853052756	0.837465718909215	-7.84326949670456	rs76844119	1.61971830985915	0.316927014483676	FALSE
0.342541819083257	0.0333589288137888	0.14385015363865	0.815192710727836	-0.23884585272164	rs76879340	0.342528735632184	0.309169806818395	FALSE
-0.0578537347518636	-0.356777083223634	0.19168197655765	0.682761775299875	-0.327530844245821	rs76922535	-0.0578512396694215	0.298925843554212	FALSE
0.246973598025329	-0.0558408203685914	0.145278224371714	0.794467779307878	0.293908760148947	rs76941764	0.246963562753037	0.302804383121628	FALSE
1.43502193229949	1.30509104253813	0.143110853052756	0.343459969689749	-7.96280770541342	rs77011375	1.43508771929825	0.129996676760117	FALSE
0.973311826751258	1.45560551852402	0.268991668816547	-0.92991267410139	-4.96524171983663	rs77132080	0.973309608540925	0.482295909983098	FALSE
0.269794997559837	0.511522706703241	0.157964293325406	-0.608200778593858	-2.19717416309481	rs77333453	0.269784172661871	0.24173853404137	FALSE
-1.28321532122807	-0.53136049007768	0.387430904378732	-1.20791636317541	-2.58595696780229	rs77336943	-1.28325123152709	0.751890741449414	FALSE
1.62312461348055	1.30274743810957	0.143110853052756	0.846886642154954	-7.83755108645238	rs77380139	1.62323943661972	0.320491998510145	FALSE
0.217957701446375	-0.118781051257512	0.178588746068779	0.796830694242138	0.451583704748824	rs77405994	0.217948717948718	0.33672976920623	FALSE
1.49699562201196	2.75898600004409	0.41053128356537	-1.96962212963884	-5.123511094568	rs77414073	1.49707602339181	1.26190997665227	FALSE
1.13600586921672	1.70372045742737	0.142971833692343	-1.50142903646203	-6.60904655249209	rs77542432	1.1360201511335	0.567700306293864	FALSE
-1.78469177088385	-1.44273265515752	0.161148645695759	-0.851845542827546	-8.04245008514864	rs77609980	-1.78486055776892	0.3421279026114	FALSE
0.347735050411193	1.31863774126409	0.143110853052756	-2.56648907264851	-1.97936595834819	rs77654757	0.347721822541966	0.970915918722124	FALSE
0.002762550480082	-0.126282306117948	0.202934494145403	0.286459192072455	0.00544345282705794	rs77656847	0.00276243093922652	0.129044737057175	FALSE
-1.02686325209055	-0.8234962681539	0.164787506243287	-0.500977599036113	-5.28739424041531	rs77660718	-1.02686567164179	0.203369403487891	FALSE
2.11469817203569	1.61159853352022	0.362170106438563	0.835983498373683	-6.7036914686644	rs77757597	2.11501597444089	0.503417440920677	FALSE
1.42800595156277	1.3051784558776	0.143110853052756	0.324682821941556	-7.9599091634461	rs77792203	1.4280701754386	0.122891719560996	FALSE
0.22581572491918	-0.0552527887143351	0.145278224371714	0.737414945576673	0.267149383466556	rs77890344	0.225806451612903	0.281059240327238	FALSE
1.43852991579494	1.30504733595403	0.143110853052756	0.352848525169596	-7.96404311515823	rs77923586	1.43859649122807	0.13354915527404	FALSE
0.26721721520913	-0.0564034425017494	0.145278224371714	0.849055294768881	0.31957368626537	rs77927618	0.267206477732794	0.323609920234543	FALSE
0.106498062639529	-0.152558718143195	0.216373768562062	0.55691980163275	0.236653018763674	rs78042401	0.106493506493507	0.259052224636701	FALSE
-0.747055706090865	-0.861841840348444	0.243503136765912	0.232614696609399	-3.99010426450963	rs78043860	-0.747041420118343	0.114800420230101	FALSE
0.726480209745439	0.714629972395912	0.167087303672279	0.028990474491483	-4.3072194843525	rs78150633	0.726465364120782	0.0118353917248695	FALSE
0.628175301392451	0.291074456254986	0.146363960635373	0.881135633803893	-2.52888315736488	rs78159416	0.628158844765343	0.337084388510357	FALSE
0.355812820691642	0.0331241718438637	0.14385015363865	0.850802041943715	-0.244973718705058	rs78193187	0.355799373040752	0.322675201196889	FALSE
-0.662761180271604	-0.608056378792395	0.311576708490737	-0.0980038086735029	-2.95945589730376	rs78217040	-0.662745098039216	0.0546887192468207	FALSE
1.47711742838697	1.30456656733963	0.143110853052756	0.456121816868247	-7.96831858737266	rs78246144	1.47719298245614	0.172626415116514	FALSE
0.246973598025329	-0.0558408203685703	0.145278224371714	0.794467779307823	0.293908760148836	rs78261598	0.246963562753037	0.302804383121607	FALSE
-0.77793207307884	-0.828196231396493	0.190109929697183	0.115280543144919	-4.46724826387045	rs78271348	-0.777918781725888	0.0502774496706044	FALSE
-1.28809884623487	-0.531759689803464	0.239900281570601	-1.54419167221677	-2.79972135554496	rs78301018	-1.28813559322034	0.756375903416875	FALSE
0.723864283393708	0.946307246814673	0.188071535255132	-0.512928862258717	-4.45524048539875	rs78363635	0.723849372384937	0.222457874429736	FALSE
-0.51580585566199	-0.0996722623640696	0.204751770695905	-0.919642309611332	-0.715405601657422	rs78393015	-0.515789473684211	0.416117211320141	FALSE
1.61960453594265	1.30279129537549	0.143110853052756	0.837465718909171	-7.84326949670464	rs78427990	1.61971830985915	0.31692701448366	FALSE
4.04392064855249	3.84073618776256	0.176717137350508	0.483338240611117	-20.4308365718161	rs78526594	4.04661016949153	0.205873981728968	FALSE
4.1033073417025	3.64664949836289	0.172167962653728	1.10056260223623	-19.5681387512557	rs78568716	4.10612244897959	0.459472950616698	FALSE
-0.339420740375761	-0.0389544187893879	0.218058034652389	-0.643442515418297	-0.186516665654541	rs78569669	-0.339407744874715	0.300453326085327	FALSE
0.323899185195275	-0.0579787800798391	0.145278224371714	1.00189991166161	0.391109673238832	rs78590791	0.323886639676113	0.381865419755952	FALSE
2.22055240267812	1.46424139474656	0.179133051089516	1.78695065466999	-6.91268612030788	rs78667607	2.22093023255814	0.756688837811582	FALSE
-0.465507702369618	-1.66286281305325	0.249016827950723	2.39943298010611	-2.01111829091396	rs78702774	-0.465491923641703	1.19737088941155	FALSE
1.43852991579494	1.30504733595403	0.143110853052756	0.35284852516961	-7.96404311515821	rs78752183	1.43859649122807	0.133549155274045	FALSE
0.968902088798737	2.13257797098201	0.235801626765335	-2.39639627016322	-4.29042366084434	rs78921403	0.968899521531101	1.16367844945091	FALSE
1.38375722793413	1.00656176479497	0.145068486591336	0.990329965745135	-6.56486948699326	rs78953596	1.38381201044386	0.377250245648896	FALSE
1.4963986196667	1.30432633958217	0.143110853052756	0.507724834465733	-7.96414537981674	rs79045677	1.49647887323944	0.192152533657266	FALSE
0.316559088199032	0.478491510411274	0.156345217671471	-0.409535459938609	-2.43106015054616	rs79053576	0.316546762589928	0.161944747821346	FALSE
-0.804761611371161	-0.36803254272312	0.497404837490446	-0.619237284018615	-1.63613351005025	rs79112133	-0.804749340369393	0.436716797646273	FALSE
1.42800595156277	1.3051784558776	0.143110853052756	0.324682821941545	-7.95990916344611	rs79133635	1.4280701754386	0.122891719560992	FALSE
2.29978006699309	0.476702115997453	0.168051364157037	4.44717497789208	-2.3638742127952	rs79179460	2.30020703933747	1.82350492334002	FALSE
-0.488477632602517	-0.199861013048582	0.146429474794863	-0.75423569731633	-1.74670408915996	rs79186409	-0.488461538461538	0.288600525412957	FALSE
1.04799554210581	1.01539523435122	0.145068486591336	0.0855923912583758	-6.47656783951269	rs79299123	1.048	0.0326047656487847	FALSE
0.622612652196224	1.3152129928192	0.143110853052756	-1.8308232356015	-3.90087305756921	rs79473308	0.622596153846154	0.692616838973045	FALSE
0.0147065185994226	-0.433562451696528	0.188096758061437	1.0335893419444	0.100328978584331	rs79479584	0.0147058823529412	0.448268334049469	FALSE
0.26721721520913	-0.0564034425017485	0.145278224371714	0.84905529476888	0.319573686265366	rs79616665	0.267206477732794	0.323609920234542	FALSE
0.380621899146948	0.531305878560051	0.245343893784113	-0.304214180495692	-2.19511645491499	rs79658187	0.380607814761216	0.150698063798836	FALSE
0.22581572491918	-0.0552527887143412	0.145278224371714	0.73741494557669	0.267149383466585	rs79756554	0.225806451612903	0.281059240327244	FALSE
-0.292319260792602	-0.627729017568135	0.20103663034052	0.748062860427505	-2.19383524850138	rs79833203	-0.292307692307692	0.335421325260443	FALSE
0.291509518111073	-0.331212352871826	0.14984252782595	1.6087056000559	1.82674968905804	rs79847439	0.291497975708502	0.622710328580328	FALSE
-1.94802971910652	-0.39361449003024	0.323080020637692	-2.73471448862371	-1.46439111672475	rs79849936	-1.94826536822885	1.55465087819861	FALSE
1.43502193229949	1.30509104253814	0.143110853052756	0.343459969689709	-7.96280770541347	rs79872673	1.43508771929825	0.129996676760102	FALSE
0.133425359957121	-0.450905239269486	0.298943558877927	1.06872022698974	0.608802306789538	rs79965342	0.133419689119171	0.584324928388657	FALSE
1.42800595156277	1.30517845587761	0.143110853052756	0.324682821941529	-7.95990916344613	rs79996524	1.4280701754386	0.122891719560986	FALSE
0.250010142330712	-0.0559252137365694	0.145278224371714	0.802655911286085	0.297756347638428	rs80067345	0.25	0.305925213736569	FALSE
1.61960453594265	1.30279129537549	0.143110853052756	0.837465718909177	-7.84326949670463	rs80121755	1.61971830985915	0.316927014483662	FALSE
-2.49458160724418	-2.57422395509242	0.147200718074007	0.207581712382311	-13.1764638530526	rs80131918	-2.49514563106796	0.0790783240244628	FALSE
2.33845981468026	1.97425533184981	0.290577644065408	0.675638187020636	-8.22131021251579	rs80133820	2.33891213389121	0.364656802041404	FALSE
-0.728170142505243	-0.813655635520481	0.159985267763725	0.213723572221363	-4.63054173536378	rs80141998	-0.728155339805825	0.0855002957146555	FALSE
0.136476383884857	0.037004116916613	0.14385015363865	0.262268933709148	-0.110789423814423	rs80145392	0.136470588235294	0.0994664713186811	FALSE
-1.16856940975963	-1.38437772856092	0.455745909625783	0.319673614626642	-4.50441353080893	rs80181065	-1.1685878962536	0.215789832307313	FALSE
-0.227595545345359	-0.425505027838397	0.14709697860337	0.516017852476214	-1.80283696610834	rs80209102	-0.227586206896552	0.197918820941845	FALSE
1.10816848359001	1.01381215960163	0.145068486591336	0.247733348449036	-6.59893201468917	rs80343690	1.10817941952507	0.0943672599234338	FALSE
0.619656905757131	-0.193239321354339	0.145716719452519	2.1295135862428	1.80264124115501	rs859705	0.619640387275242	0.812879708629581	FALSE
0.250010142330712	0.166371159278173	0.145716719452519	0.219105889300048	-0.870877696261782	rs859706	0.25	0.0836288407218271	FALSE
-0.42976722842894	-0.511556211527537	0.148229072683634	0.212435998675146	-3.14736300693973	rs866511	-0.429752066115702	0.0818041454118341	FALSE
-1.18546307696802	-1.18985275789064	0.150907579582367	0.0112999735422245	-7.17886490471418	rs873140	-1.18548387096774	0.0043688869228955	FALSE
1.52976201845422	1.47630021698974	0.143635301498838	0.141062960315977	-8.51592588804161	rs877049	1.52985074626866	0.0535505292789196	FALSE
-0.419369794409479	-0.516715329121471	0.143167647003886	0.257272633084531	-3.16529056223588	rs891373	-0.419354838709677	0.0973604904117932	FALSE
-1.60648907434954	-1.9707212615167	0.160401724595593	0.909439483007431	-8.6089664934564	rs891375	-1.60659898477157	0.364122276745124	FALSE
1.77355793532219	1.69640412490211	0.142971833692343	0.204047903020256	-9.40306642308538	rs891376	1.77372262773723	0.0773185028351149	FALSE
-1.43589460842556	-1.98095422661651	0.156439417806106	1.3780688377685	-7.63008507360055	rs891377	-1.43596059113301	0.544993635483501	FALSE
1.61582937453093	1.69538489065233	0.145457267990809	-0.208594370905325	-9.03003827431944	rs891378	1.61594202898551	0.0794428616668206	FALSE
0.146503018744273	0.538910642785156	0.17563441969336	-0.936337940908346	-1.20773914768799	rs8942	0.146496815286624	0.392413827498532	FALSE
-1.34672677044451	-1.40820144890292	0.222103720497821	0.130442270341917	-6.91307043343086	rs901107	-1.34677419354839	0.0614272553545325	FALSE
-1.2513817796687	-0.206006096188068	0.14483964207983	-2.74681033178771	-1.12153457141126	rs906463	-1.25141242937853	1.04540633319046	FALSE
2.74533704896591	1.48494693291675	0.204518698760887	2.78700968777483	-6.01540935742407	rs923109	2.74611398963731	1.26116705672056	FALSE
1.78815109714385	1.69623665869793	0.142971833692343	0.243085186850257	-9.41863617452187	rs925130	1.78832116788321	0.0920845091852809	FALSE
-1.78659521326297	-1.71023534909291	0.14329964957379	-0.201717038290885	-9.45048582594485	rs925131	-1.78676470588235	0.0765293567894441	FALSE
-3.3819300564048	-3.51777019809956	0.144720565817329	0.357077923026638	-19.5600968398891	rs9429774	-3.38345864661654	0.134311551483015	FALSE
-3.29404941912303	-3.43881323401811	0.144827604202366	0.380394602595489	-18.8803171859161	rs9429778	-3.29545454545455	0.143358688563563	FALSE
1.67882961864225	-0.951517071077849	0.150464887529487	6.78102603040487	5.39400976176844	rs9429779	1.67896174863388	2.63047881971173	TRUE
-1.7934059500468	-2.83165172723668	0.150941926344324	2.67236164106604	-8.40030825771084	rs9429780	-1.79357798165138	1.0380737455853	FALSE
-3.42599316471726	-2.72086227299587	0.150941926344324	-1.81495055252442	-14.1553313119527	rs9429781	-3.42758620689655	0.70672393390068	FALSE
-3.36691403510423	-3.43702043006235	0.144827604202366	0.184217957151961	-19.2454592871375	rs9429936	-3.36842105263158	0.0685993774307687	FALSE
-2.15641604943517	-1.55761753952285	0.154169467289797	-1.52504101904674	-7.97952321418987	rs9429940	-2.15675675675676	0.599139217233906	FALSE
-1.77506411483401	-2.83289642760841	0.150941926344323	2.72277581806286	-8.30367176235293	rs9429941	-1.77522935779817	1.05766706981025	FALSE
-1.74984383851655	-0.908169972119936	0.150301430699816	-2.17101230724911	-4.96295745113771	rs9429942	-1.75	0.841830027880064	FALSE
1.56021443552268	0.78267624457314	0.151819884231437	1.99552605145572	-4.54765039237052	rs9429943	1.56031128404669	0.777635039473552	FALSE
1.56021443552268	0.881890579705662	0.151277074075794	1.74401627306367	-5.233025465326	rs9429944	1.56031128404669	0.678420704341031	FALSE
-3.78594919239918	-4.10946713224424	0.198919385957627	0.725370373119558	-18.5987879294788	rs9429945	-3.78813559322034	0.321331539023905	FALSE
3.69796995406274	3.64595179878688	0.155376606544583	0.131966023572353	-20.4060155211331	rs958666	3.7	0.0540482012131185	FALSE
-2.16225763399843	-2.0027184380171	0.143686882209099	-0.420880532602419	-10.8223982591819	rs960086	-2.16260162601626	0.159883187999165	FALSE
-1.75659819164435	-2.05693168292849	0.14393909699632	0.791615661428583	-9.6507855802444	rs960087	-1.75675675675676	0.300174926171735	FALSE
-2.16225763399843	-2.0027184380171	0.143686882209099	-0.420880532602418	-10.822398259182	rs960088	-2.16260162601626	0.159883187999164	FALSE
-1.16258393623439	-1.26185783107188	0.144051671611549	0.261562759078944	-7.36043707790191	rs9651101	-1.16260162601626	0.0992562050556245	FALSE
-3.69796995406274	-3.3673749976556	0.149350217333326	-0.855447367516059	-19.3132127157243	rs966256	-3.7	0.332625002344399	FALSE
1.70275857340507	1.71139186257646	0.143299649573789	-0.0228062417513505	-9.31517090588493	rs971317	1.70289855072464	0.00849331185182334	FALSE
1.70275857340507	1.71139186257647	0.14329964957379	-0.0228062417513862	-9.31517090588495	rs971318	1.70289855072464	0.00849331185183688	FALSE
-2.136766975412	-2.05986824532001	0.144062417797357	-0.202602042015689	-10.9935674889603	rs9728503	-2.13709677419355	0.077228528873535	FALSE
-1.37233247722974	-1.06319016934543	0.145339889869945	-0.810897630563397	-6.90274649678914	rs9793438	-1.37238493723849	0.30919476789306	FALSE
0.274075140145426	-0.105113694712267	0.146048570218821	0.992217508587596	0.60379424070558	rs9943077	0.274064171122995	0.379177865835262	FALSE
0.317769371522716	-0.106566200042525	0.146048570218821	1.11035227021272	0.699460052673982	rs9943268	0.317757009345794	0.424323209388319	FALSE
