phecode	phenotype	category	num_cases	num_controls	N	K	b_ivw	se_ivw	pval_ivw	robust_hit	mdor80_nominal	mdor80_bonf	power_or1p5_nominal	power_or2_nominal	power_or2_bonf
FG_CVD	Cardiovascular diseases (excluding rheumatic etc)	Cardiometabolic endpoints	247538	252810	500348	0.494731666759935	-0.0285605401942305	0.0406828789609001	0.482661394660886	FALSE	1.09578152837234	1.17740122774277	1	1	1
PAIN	Pain (limb, back, neck, head abdominally)	Miscellaneous, not yet classified endpoints	237944	261418	499362	0.476496008907366	-0.0225916240485651	0.0337976876543862	0.503854700848291	FALSE	1.09598590848013	1.17779334361912	1	1	1
RX_ANTIHYP	Antihypertensive medication - note that there are other indications	Drug purchase endpoints	273281	227067	500348	0.546181857427231	-0.11242224904285	0.0603704567791349	0.0625740072072613	FALSE	1.09620630650523	1.17821625522561	1	1	1
K11_ORAL	Diseases of oral cavity, salivary glands and jaws	XI Diseases of the digestive system (K11_)	190088	310260	500348	0.379911581539249	0.0219917797937217	0.0346396323872259	0.525511013112263	FALSE	1.09880219697896	1.1832024150105	1	1	1
M13_ARTHROPATHIES	Arthropathies	XIII Diseases of the musculoskeletal system and connective tissue (M13_)	185233	315115	500348	0.370208334998841	-0.0167355771154669	0.0357723272525573	0.63990198157131	FALSE	1.099339256893	1.18423515049966	1	1	1
RX_STATIN	Statin medication	IX Diseases of the circulatory system (I9_)	183578	316770	500348	0.366900637156539	-0.10399975707143	0.040467137393419	0.0101704217299199	FALSE	1.09953397588322	1.18460968188056	1	1	1
PULM_INFECTIONS	COPD/asthma/ILD related infections	Interstitial lung disease endpoints	162180	338168	500348	0.324134402455891	0.0518775352977988	0.0572929426160854	0.365211875138027	FALSE	1.10263864057042	1.19058837177185	1	1	1
I9_HYPTENS	Hypertension	IX Diseases of the circulatory system (I9_)	154630	345634	500264	0.309096796891241	-0.0823416143314374	0.0415546848417839	0.0475325163657309	FALSE	1.10403099401789	1.19327394316472	1	1	1
M13_DORSOPATHY	Dorsopathies	XIII Diseases of the musculoskeletal system and connective tissue (M13_)	147124	353224	500348	0.294043345831301	-0.0226998700784145	0.0371472408947099	0.541147793772182	FALSE	1.10558390992892	1.19627234700289	1	1	1
M13_SOFTTISSUE	Soft tissue disorders	XIII Diseases of the musculoskeletal system and connective tissue (M13_)	142799	357549	500348	0.285399362044017	0.0662160961478062	0.0391750542500719	0.0909778874582103	FALSE	1.10656899773206	1.19817609171548	1	1	1
KRA_PSY_ANYMENTAL	Any mental disorder	Psychiatric endpoints from Katri Räikkönen	138044	362304	500348	0.275895976400425	0.104163804834374	0.0535445946113024	0.0517310089569083	FALSE	1.10773282583888	1.20042697930102	1	1	1
M13_ARTHROSIS_INCLAVO	Artrosis, including avohilmo	XIII Diseases of the musculoskeletal system and connective tissue (M13_)	136897	363451	500348	0.273603571913948	-0.0291402643860384	0.0404758786414128	0.471561020951924	FALSE	1.10802695070314	1.20099612207792	1	1	1
FALLS	Falls/tendency to fall	Miscellaneous, not yet classified endpoints	133526	366822	500348	0.266866261082287	0.0146289498913987	0.0378050763242364	0.698787827012261	FALSE	1.1089230955042	1.20273092787827	1	1	1
I9_HYPTENSESS	Hypertension, essential	IX Diseases of the circulatory system (I9_)	132515	345634	478149	0.27714164413185	-0.0669121921769147	0.0529315823464677	0.206184787506672	FALSE	1.11017541862651	1.20515708814165	1	1	1
J10_UPPERDIS	Other diseases of upper respiratory tract	X Diseases of the respiratory system (J10_)	128828	371520	500348	0.25747679614988	0.023031331371418	0.047085434534918	0.624743156760237	FALSE	1.11025532841743	1.20531197258786	1	1	1
AUTOIMMUNE	Autoimmune diseases	Diseases marked as autimmune origin	128075	372273	500348	0.255971843596857	-0.0699198608781834	0.0388705083065614	0.072051990286662	FALSE	1.1104783669015	1.20574432128454	1	1	1
G6_EPIPAROX	Episodal and paroxysmal disorders	VI Diseases of the nervous system (G6_)	125743	374605	500348	0.251311087483112	-0.0374836167178611	0.0448495072235614	0.403287517581581	FALSE	1.11118657985747	1.20711760802832	1	1	1
C3_CANCER_EXALLC	Malignant neoplasm, excluding all cancers (controls excluding all cancers)	II Neoplasms, from cancer register (ICD-O-3)	121495	378749	500244	0.242871478718385	-0.0746262740553709	0.0419942183646706	0.0755582573597642	FALSE	1.11255176395523	1.20976675939602	1	1	1
M13_DORSOPATHYOTH	Other dorsopathies, not elsewhere classified	XIII Diseases of the musculoskeletal system and connective tissue (M13_)	111401	353224	464625	0.23976540220608	-0.0176372975118088	0.0424720101515489	0.67794519330775	FALSE	1.11756897676523	1.21952464315372	1	1	1
RX_CROHN_1STLINE	First line medication for Crohn's disease	Drug purchase endpoints	106320	394028	500348	0.212492105494576	-0.0112605139970639	0.0458643466530278	0.806055518880548	FALSE	1.11828158779304	1.22091338333335	1	1	1
K11_INTESTOTH	Other diseases of intestines	XI Diseases of the digestive system (K11_)	105623	394725	500348	0.21109907504377	-0.0329432784953302	0.0750135656295544	0.660542505710097	FALSE	1.11858264910361	1.22150030213913	1	1	1
M13_OTHERJOINT	Other joint disorders	XIII Diseases of the musculoskeletal system and connective tissue (M13_)	110868	315115	425983	0.260263907245125	-0.0038060975078753	0.0590482625472105	0.948606026013744	FALSE	1.11958254050458	1.2234504800762	1	1	1
J10_UPPERINFEC	Acute upper respiratory infections	X Diseases of the respiratory system (J10_)	97696	402652	500348	0.19525610175318	0.0141892257617357	0.0427045506733056	0.739689197218249	FALSE	1.12228569783949	1.22872954026399	0.999999999999998	1	1
N14_URINOTH	Other diseases of urinary system	XIV Diseases of the genitourinary system (N14_)	97020	403328	500348	0.193905042090705	-0.0384529642421142	0.0434197954787124	0.375828227963502	FALSE	1.12262710793989	1.22939699927523	0.999999999999998	1	1
M13_ARTHROSIS	Arthrosis	XIII Diseases of the musculoskeletal system and connective tissue (M13_)	101454	315115	416569	0.243546687343513	-0.0382533771488744	0.0464742788531656	0.410446256467118	FALSE	1.12385892919638	1.23180654344115	0.999999999999996	1	1
FG_OTHHEART	Other heart diseases	Cardiometabolic endpoints	106069	252810	358879	0.29555644102887	0.0415197249660414	0.0546436777716573	0.447358185150939	FALSE	1.12562720934933	1.23526907308874	0.999999999999989	1	1
J10_LOWCHRON	Chronic lower respiratory diseases	X Diseases of the respiratory system (J10_)	91278	409070	500348	0.182429029395541	0.126592200426762	0.0660451166549694	0.0552692705037814	FALSE	1.12571052832372	1.23543232828363	0.999999999999988	1	1
EVER_SMOKER	""	Miscellaneous, not yet classified endpoints	145409	150355	295764	0.49163860375164	0.0159283911796961	0.0886731328030148	0.857442729456914	FALSE	1.12634568777875	1.23667717163151	0.999999999999984	1	1
RX_N05C	Use of hypnotics and sedatives	V Mental and behavioural disorders (F5_)	86095	414253	500348	0.172070239113577	-0.0338721315807455	0.0455705492280288	0.457306150531235	FALSE	1.12880720529791	1.2415066872057	0.999999999999939	1	1
J10_INFLUPNEU	Influenza and pneumonia	X Diseases of the respiratory system (J10_)	84810	415538	500348	0.169502026589494	0.0694089112613205	0.0844208103232038	0.410975744320608	FALSE	1.12962649824523	1.24311598255462	0.999999999999908	1	1
CARDIAC_ARRHYTM	Cardiac arrhythmias	Comorbidities of COPD	92926	288216	381142	0.243809393874199	0.0147438776632692	0.0511969643842796	0.773359418757272	FALSE	1.12978783568326	1.24343299752966	0.9999999999999	1	1
N14_FEMALEGENNONINF	Noninflammatory disorders of female genital tract	XIV Diseases of the genitourinary system (N14_)	151904	130160	282064	0.53854444381417	0.043164399969192	0.0453039666885024	0.340705055615918	FALSE	1.12995769986657	1.2437668052951	0.999999999999891	1	1
RX_CODEINE_TRAMADOL	Codeine or tramadol medication	Drug purchase endpoints	84151	416197	500348	0.168184943279477	0.00772151236565439	0.0448478382552798	0.863302829519265	FALSE	1.13005517709132	1.24395837998401	0.999999999999886	1	1
I9_IHD	Ischaemic heart disease, wide definition	IX Diseases of the circulatory system (I9_)	84088	416260	500348	0.168059030914484	0.00343848633347729	0.113423125690224	0.975815381838436	FALSE	1.13009646686803	1.24403953183893	0.999999999999883	1	1
H7_CATARACTSENILE	Senile cataract	VII Diseases of the eye and adnexa (H7_)	83886	409535	493421	0.170008978134291	-0.0287739894949068	0.0578310630951827	0.618799496824657	FALSE	1.13042528398497	1.24468587950783	0.999999999999862	1	1
T2D	Type 2 diabetes, definitions combined	Diabetes endpoints	82878	403489	486367	0.170402186003573	-0.0936409589224345	0.1118005878228	0.40227154112818	FALSE	1.13129886838794	1.24640378010971	0.999999999999788	1	1
M13_DORSALGIA	Dorsalgia	XIII Diseases of the musculoskeletal system and connective tissue (M13_)	83888	353224	437112	0.191914200479511	-0.0314216900230857	0.045784456982383	0.492526466245212	FALSE	1.13229091407155	1.24835589820221	0.999999999999659	1	1
I9_CVD_HARD	Hard cardiovascular diseases	Cardiometabolic endpoints	80527	419821	500348	0.160941984378872	0.00584739422579099	0.0733398921422887	0.936451948689548	FALSE	1.13252173019487	1.24881028404063	0.99999999999962	1	1
E4_METABOLIA	Metabolic disorders	IV Endocrine, nutritional and metabolic diseases (E4_)	80282	420066	500348	0.160452325181674	0.0145642995272119	0.0795526971423137	0.854737302340995	FALSE	1.13269546464106	1.24915234657108	0.999999999999587	1	1
J10_PNEUMONIA	All pneumoniae	X Diseases of the respiratory system (J10_)	78791	421557	500348	0.15747239921015	0.0742984384540583	0.0750367830698429	0.322095807437995	FALSE	1.13377293071739	1.25127466982926	0.999999999999318	1	1
O15_DELIV_SPONT	Single spontaneous delivery	XV Pregnancy, childbirth and the puerperium (O15_)	144966	119890	264856	0.547338931343825	0.0718492133356254	0.0545175340166003	0.187533715838335	FALSE	1.1345985406541	1.25290197550033	0.999999999999008	1	1
BRONCHITIS	Bronchitis	Asthma and related endpoints	77621	422727	500348	0.155134026717405	-0.0308196089766373	0.0460979159167325	0.503770848479682	FALSE	1.13464345641349	1.25299053269616	0.999999999998987	1	1
KELA_DIAB_INSUL_EXMORE	Diabetes, insulin treatment (Kela reimbursement) (more control exclusions)	Diabetes endpoints	77557	403479	481036	0.161229097198546	-0.117632133430615	0.0904281436510204	0.193314790573027	FALSE	1.13522275314139	1.25413293745071	0.999999999998688	1	1
K11_OESSTODUO	Diseases of oesophagus, stomach and duodenum	XI Diseases of the digestive system (K11_)	76563	423785	500348	0.153019498429093	-0.0247014745804288	0.0468210016523727	0.59779605908435	FALSE	1.13545038166285	1.25458195865003	0.999999999998549	1	1
E4_THYROID	Disorders of the thyroid gland	IV Endocrine, nutritional and metabolic diseases (E4_)	76140	424208	500348	0.152174086835562	0.0665113708248642	0.0480862851563091	0.166613614460452	FALSE	1.13577839857074	1.25522913085865	0.999999999998324	1	1
ANTIDEPRESSANTS	Depression medications	Comorbidities of Neurological endpoints	149403	111976	261379	0.571595269704146	-0.124006012201624	0.0797019940210505	0.119738797273259	FALSE	1.13639686818557	1.25644976107434	0.999999999997807	1	1
K11_HERNIA	Hernia	XI Diseases of the digestive system (K11_)	73682	426666	500348	0.14726150599183	-0.124082089624466	0.0567275280691691	0.0287181005913719	FALSE	1.13774826928945	1.25911874287361	0.999999999996104	1	1
RX_PARACETAMOL_NSAID	Paracetamol of NSAID medication	Drug purchase endpoints	427348	73000	500348	0.854101545324454	0.0100590331910826	0.0674416972436417	0.881434055456492	FALSE	1.13831492878083	1.26023862184828	0.999999999995069	1	1
AUTOIMMUNE_NONTHYROID	Autoimmune diseases excluding thyroid diseases	Diseases marked as autimmune origin	70570	371089	441659	0.159783905682891	-0.143184005152499	0.0485827248364615	0.0032064441750793	FALSE	1.14207282370393	1.26767636233246	0.999999999978149	1	1
I9_DISVEINLYMPH	Diseases of veins, lymphatic vessels and lymph nodes, not elsewhere classified	IX Diseases of the circulatory system (I9_)	68125	432223	500348	0.136155235955775	0.0989787169692201	0.0751924782773148	0.188060619720263	FALSE	1.14264502821058	1.26881057578384	0.999999999972884	1	1
O15_PREG_ABORT	Pregnancy with abortive outcome	XV Pregnancy, childbirth and the puerperium (O15_)	82785	199279	282064	0.293497220488967	0.0678760308068802	0.048698111350818	0.163374266693311	FALSE	1.14311539159439	1.26974325574529	0.999999999967685	1	1
L12_DERMATITISECZEMA	Dermatitis and eczema	XII Diseases of the skin and subcutaneous tissue (L12_)	67474	432874	500348	0.134854141517504	0.0546441317408547	0.0662167067795477	0.409240006043462	FALSE	1.14326329399092	1.27003659258201	0.999999999965865	1	1
F5_MOOD	Mood [affective] disorders	V Mental and behavioural disorders (F5_)	65517	434831	500348	0.130942863766818	-0.00435778082293068	0.0507414454882032	0.931560157865831	FALSE	1.14518421137658	1.2738490814425	0.999999999931568	1	1
G6_NERPLEX	Nerve, nerve root and plexus disorders	VI Diseases of the nervous system (G6_)	64977	435371	500348	0.129863614924013	0.00440484650156755	0.0499466083832165	0.929724788269475	FALSE	1.14573140208477	1.27493602328784	0.999999999917014	1	1
SLEEP	Sleep disorders (combined)	Neurological endpoints	65076	430194	495270	0.131394996668484	-0.0262227302090658	0.0498356805864533	0.598760474895125	FALSE	1.14575003179564	1.27497303659985	0.999999999916471	1	1
F5_DEPRESSION_DYSTHYMIA	Depression or dysthymia	V Mental and behavioural disorders (F5_)	72588	254393	326981	0.221994550142057	-0.00691194147158715	0.0512916092311979	0.892803417557353	FALSE	1.14582106982482	1.27511417854078	0.999999999914368	1	1
H8_OTHEREAR	Other disorders of ear	VIII Diseases of the ear and mastoid process (H8_)	63017	437331	500348	0.125946341346423	-0.0474810449239843	0.0517573142828399	0.358944359501543	FALSE	1.14778358183059	1.27901611382323	0.999999999832349	1	1
I9_CORATHER	Coronary atherosclerosis	IX Diseases of the circulatory system (I9_)	63307	416171	479478	0.132033169405061	0.00449748136765209	0.116078024425962	0.969093432371557	FALSE	1.1479733078972	1.27939361185035	0.999999999821366	1	1
G6_SLEEPAPNO_INCLAVO	Sleep apnoea, including avohilmo	VI Diseases of the nervous system (G6_)	62722	437626	500348	0.125356751700816	-0.0050860666394283	0.0507430381427708	0.920160291165809	FALSE	1.14810176954726	1.27964923986863	0.99999999981355	1	1
AB1_OTHER_BACTERIAL	Other bacterial diseases	I Certain infectious and parasitic diseases (AB1_)	61300	439048	500348	0.122514729748095	-0.0326518716454608	0.0515419455492502	0.526406558455704	FALSE	1.14967148345549	1.28277465455458	0.999999999688302	1	1
M13_SOFTTISSUEOTH	Other soft tissue disorders, not elsewhere classified	XIII Diseases of the musculoskeletal system and connective tissue (M13_)	63182	357549	420731	0.150171962607937	0.112329930582691	0.0512012857815195	0.0282434003262472	FALSE	1.14981479400435	1.28306016336489	0.999999999673607	1	1
N14_CYSTITIS	Cystitis	XIV Diseases of the genitourinary system (N14_)	61460	403328	464788	0.132232329578216	-0.0349619082652327	0.0717838891956681	0.626227192226123	FALSE	1.1503570035855	1.28414062715758	0.999999999611948	1	1
M13_LOWBACKPAINORANDSCIATICA	Lower back pain or/and sciatica	XIII Diseases of the musculoskeletal system and connective tissue (M13_)	60099	440249	500348	0.120114400377337	-0.0274796019240832	0.0514484884127781	0.593259383439175	FALSE	1.15104554399336	1.28551326172093	0.999999999517951	1	1
F5_DEPRESSIO	Depression	V Mental and behavioural disorders (F5_)	59333	434831	494164	0.120067427008038	0.0135854537448439	0.052809082612823	0.7969811508186	FALSE	1.15208350829265	1.28758370680436	0.999999999335414	1	1
E4_LIPOPROT	Disorders of lipoprotein metabolism and other lipidaemias	IV Endocrine, nutritional and metabolic diseases (E4_)	59366	420066	479432	0.123825693737589	-0.00369413998755897	0.0639655960120508	0.953946186635626	FALSE	1.15238754542623	1.28819045240051	0.999999999270825	1	1
J10_ASTHMACOPDKELA	Asthma/COPD (KELA code 203)	X Diseases of the respiratory system (J10_)	59317	409070	468387	0.126641004126929	0.120247992881447	0.0922625774940217	0.192464313827646	FALSE	1.15271843024878	1.28885091893768	0.999999999193914	1	1
J10_CHRONTONSADEN	Chronic diseases of tonsils and adenoids	X Diseases of the respiratory system (J10_)	59700	371520	431220	0.138444413524419	-0.0269038493471	0.101657702809335	0.7912780504437	FALSE	1.15330704252712	1.29002619347848	0.999999999038132	1	1
M13_ARTHROSIS_KNEE	Gonarthrosis	XIII Diseases of the musculoskeletal system and connective tissue (M13_)	61356	315115	376471	0.162976696744238	-0.0543340143898663	0.11318586560604	0.631197245322517	FALSE	1.15343267018441	1.29027709362081	0.999999999001444	1	1
CURRENT_SMOKER	""	Miscellaneous, not yet classified endpoints	77563	150355	227918	0.340310989039918	0.00817574553827517	0.117688643352587	0.944616083078509	FALSE	1.15373641521518	1.29088381362685	0.999999998907292	1	1
O15_COMPLIC_LAB_DELIV	Complications of labour and delivery	XV Pregnancy, childbirth and the puerperium (O15_)	67139	214925	282064	0.238027539849112	-0.0233586870734575	0.0970600393815902	0.809816902340933	FALSE	1.15375155616404	1.29091406042235	0.999999998902389	1	1
I9_AF	Atrial fibrillation and flutter	IX Diseases of the circulatory system (I9_)	63532	252810	316342	0.200833275379178	0.0392548832847862	0.0853646539966336	0.64562433576393	FALSE	1.15437681950456	1.29216340978327	0.999999998681109	1	1
G6_SLEEPAPNO	Sleep apnoea	VI Diseases of the nervous system (G6_)	56885	441137	498022	0.114221861684825	-0.00782003346792811	0.0529817504613876	0.8826595410552	FALSE	1.15500919518286	1.29342751115185	0.999999998415687	1	1
I9_CHD	Major coronary heart disease event	IX Diseases of the circulatory system (I9_)	56650	443698	500348	0.11322119804616	0.0278908610595998	0.070079492293143	0.690638357272967	FALSE	1.15525996587264	1.2939289453378	0.999999998297313	1	1
AB1_INTESTINAL_INFECTIONS	Intestinal infectious diseases	I Certain infectious and parasitic diseases (AB1_)	56056	444292	500348	0.112034024319074	-0.0478842504283356	0.0526153303766439	0.362779413603184	FALSE	1.1560292085416	1.29546763522799	0.999999997880981	1	1
MIGRAINE_TRIPTAN	Migraine, single triptan purchase ok & required. ICD-code if available is included	Neurological endpoints	55116	445232	500348	0.110155331889005	0.0379809686024213	0.0766251246814357	0.620125478606565	FALSE	1.15727462337845	1.29796050142618	0.999999997002037	1	1
KRA_PSY_ANXIETY_EXMORE	Anxiety disorders (more control exclusions)	Psychiatric endpoints from Katri Räikkönen	56552	362304	418856	0.135015375212484	0.0205498309995252	0.0630209412771065	0.744364279027288	FALSE	1.15749578176558	1.29840340025988	0.999999996814402	1	1
T2D_WIDE	Type 2 diabetes, wide definition	Diabetes endpoints	55418	405261	460679	0.120296345177445	-0.12164699997272	0.0744896942870952	0.102453950825998	FALSE	1.15778239964684	1.29897748925592	0.999999996555036	1	1
J10_ASTHMA_EXMORE	Asthma (more control exclusions)	X Diseases of the respiratory system (J10_)	59100	259839	318939	0.185301891584284	0.201407267329577	0.0810693677020906	0.0129776557909858	FALSE	1.15884130910407	1.30109942849752	0.999999995417634	1	1
O15_MATERN_CARE	Maternal care related to the fetus and amniotic cavity and possible delivery problems	XV Pregnancy, childbirth and the puerperium (O15_)	60878	221186	282064	0.21583044982699	-0.0200212440585096	0.0773176763140234	0.795675497838837	FALSE	1.15957355488825	1.30256766032329	0.999999994437781	1	1
E4_HYTHY_AI_STRICT	Hypothyroidism, strict autoimmune	IV Endocrine, nutritional and metabolic diseases (E4_)	54752	362639	417391	0.131176762316389	0.0174475894410432	0.0562540104529318	0.756441374601841	FALSE	1.15987803657622	1.30317839338828	0.999999993976031	1	1
N14_RENALTUB	Renal tubulo-interstitial diseases	XIV Diseases of the genitourinary system (N14_)	53206	447142	500348	0.106337988759823	0.0142853652396877	0.0950049575731179	0.880477111662971	FALSE	1.15991715904536	1.30325687484216	0.999999993914199	1	1
C_STROKE	STROKE	Comorbidities of Diabetes	53492	360342	413834	0.129259558180333	-0.0458184371217635	0.0637987348599194	0.472651509648859	FALSE	1.16170201153808	1.30683958110568	0.99999999038301	1	1
K11_CONSTIPATION	Constipation	XI Diseases of the digestive system (K11_)	51956	448392	500348	0.103839727549625	0.0395909022350477	0.0826752249115904	0.632029244539018	FALSE	1.16173331890127	1.30690246249237	0.999999990306898	1	1
J10_ACUTEUPPERINFEC	Acute upper respiratory infections of multiple and unspecified sites	X Diseases of the respiratory system (J10_)	52302	402652	454954	0.114961072987599	-0.0423490978697276	0.055293247863535	0.443735813122118	FALSE	1.1622436128143	1.30792758439093	0.99999998898537	1	1
M13_SPONDYLOPATHY	Spondylopathies	XIII Diseases of the musculoskeletal system and connective tissue (M13_)	52465	353224	405689	0.12932320077695	-0.00153570204059511	0.0736893755966886	0.983373121988387	FALSE	1.16340565148518	1.31026330598125	0.99999998533371	1	1
N14_MALEGEN	Diseases of male genital organs	XIV Diseases of the genitourinary system (N14_)	64711	153573	218284	0.296453244397207	-0.0168501363312513	0.0570137720798225	0.767577567416	FALSE	1.16370101516973	1.31085728525114	0.999999984242743	1	1
M13_INTERVERTEB	Other intervertebral disc disorders	XIII Diseases of the musculoskeletal system and connective tissue (M13_)	51683	353224	404907	0.127641655985202	-0.0677812012943774	0.056366954004903	0.229170284440942	FALSE	1.16456228745804	1.31258998838959	0.999999980621072	1	1
K11_CHOLELITH	Cholelithiasis	XI Diseases of the digestive system (K11_)	49834	437418	487252	0.102275619186786	-0.0391369596415294	0.0571568979665143	0.493515232142433	FALSE	1.16525296896487	1.31398022529891	0.999999977180365	1	1
BLEEDING	Bleeding	Miscellaneous, not yet classified endpoints	49027	451321	500348	0.0979858018818902	-0.0199278824845288	0.0570318416824279	0.726776437565924	FALSE	1.16628639702315	1.31606156787443	0.999999970975574	1	1
H7_LIDLACRIMALORBIT	Disorders of eyelid, lacrimal system and orbit	VII Diseases of the eye and adnexa (H7_)	46418	453930	500348	0.0927714310839656	-0.0305342133958553	0.076045275541973	0.688032337434274	FALSE	1.17073716029264	1.32504204021036	0.999999922396461	1	1
M13_SHOULDER	Shoulder lesions	XIII Diseases of the musculoskeletal system and connective tissue (M13_)	47311	357549	404860	0.116857679197747	0.0455816556826803	0.0584357736368208	0.435373225408776	FALSE	1.17146339368739	1.32650993772415	0.999999909584142	1	1
N14_URETHRAOTH	Other disorders of urethra and urinary system	XIV Diseases of the genitourinary system (N14_)	46125	403328	449453	0.102624746080235	0.00260547930696032	0.0598078586582207	0.965251818296337	FALSE	1.17233709335076	1.32827684848588	0.999999891631073	1	1
H7_CHOROIDRETINA	Disorders of choroid and retina	VII Diseases of the eye and adnexa (H7_)	44899	455449	500348	0.0897355440613333	-0.136891721328915	0.0770077916956818	0.0754638737378324	FALSE	1.17352308979937	1.33067698234966	0.999999862067166	1	1
H8_HL_SEN_NAS	Sensorineural hearing loss	VIII Diseases of the ear and mastoid process (H8_)	44745	437331	482076	0.09281731511214	-0.0697112125273484	0.0607588322864317	0.251239945945094	FALSE	1.17416534678302	1.33197753115453	0.99999984316138	1	1
M13_LIMBPAIN	Pain in limb	XIII Diseases of the musculoskeletal system and connective tissue (M13_)	45476	357549	403025	0.112836672662986	0.131566426469911	0.0653897028643373	0.0442161579087803	FALSE	1.17474227642664	1.33314627078359	0.999999824204617	1	0.999999999999999
I9_ANGINA	Angina pectoris	IX Diseases of the circulatory system (I9_)	44588	416171	460759	0.0967707630236197	0.0148400866750664	0.169121076590935	0.930076731162958	FALSE	1.17491004888822	1.33348622757517	0.999999818314523	1	0.999999999999998
J10_ASTHMA_MAIN_EXMORE	Asthma (only as main-diagnosis) (more control exclusions)	X Diseases of the respiratory system (J10_)	47300	259839	307139	0.154001933977776	0.170051060913154	0.0823109232610826	0.0388322728521319	FALSE	1.17551851994797	1.33471949040868	0.999999795419903	1	0.999999999999998
K11_HERING	Inguinal hernia	XI Diseases of the digestive system (K11_)	43066	426666	469732	0.0916820655182104	-0.124013462669931	0.0629072108191142	0.0486814345968536	FALSE	1.1776902737437	1.33912533872756	0.999999690784076	1	0.999999999999994
O15_ABORT_MEDICAL	Medical abortion	XV Pregnancy, childbirth and the puerperium (O15_)	48485	199279	247764	0.195690253628453	-0.0225917513111758	0.0598241757092543	0.705701155427174	FALSE	1.17798807381549	1.33972998523236	0.999999673172614	1	0.999999999999993
E4_HYPERCHOL	Pure hypercholesterolaemia	IV Endocrine, nutritional and metabolic diseases (E4_)	42985	420066	463051	0.0928299474571915	-0.0440621943259453	0.0616907744106826	0.475077026565204	FALSE	1.17799364904268	1.33974130619209	0.999999672834435	1	0.999999999999993
K11_DIVERTIC	Diverticular disease of intestine	XI Diseases of the digestive system (K11_)	43138	394725	437863	0.0985193999036228	-0.0189054739799847	0.109946090868156	0.863475095352741	FALSE	1.17825806856018	1.34027828021034	0.999999656427781	1	0.999999999999992
M13_POLYARTHROPATHIES	Polyarthropathies	XIII Diseases of the musculoskeletal system and connective tissue (M13_)	43664	315115	358779	0.121701660353588	-0.0692760434682123	0.0993855114158207	0.485775453133318	FALSE	1.17960996834638	1.34302515061568	0.999999560348279	1	0.999999999999985
M13_LOWBACKPAIN	Low back pain	XIII Diseases of the musculoskeletal system and connective tissue (M13_)	42521	353224	395745	0.107445450984851	0.000440367686072645	0.0607529779578078	0.994216588012246	FALSE	1.18062868842596	1.34509668106201	0.999999472623363	1	0.999999999999975
H7_CONJUNCTIVITIS	Conjunctivitis	VII Diseases of the eye and adnexa (H7_)	41074	454779	495853	0.0828350337700891	0.00941552937000663	0.0607465457515881	0.876823721075926	FALSE	1.18135787075182	1.34658030935838	0.999999400474487	1	0.999999999999966
O15_PREG_OTHER_MAT_DISORD	Other maternal disorders predominantly related to pregnancy	XV Pregnancy, childbirth and the puerperium (O15_)	44158	237906	282064	0.156553122695558	0.0502900639689214	0.0621777372708532	0.418623626423615	FALSE	1.18248305856368	1.34887108041793	0.999999271640768	1	0.999999999999944
AB1_GASTROENTERITIS_NOS	Diarrhoea and gastroenteritis of presumed infectious origin	I Certain infectious and parasitic diseases (AB1_)	39997	444292	484289	0.0825891151770947	-0.0809425520811959	0.0612159266682377	0.186086041782557	FALSE	1.18396723241739	1.35189533100641	0.99999906386759	1	0.999999999999892
E4_PCOS_CONCORTIUM	Polycystic ovarian syndrome, consortium definition	IV Endocrine, nutritional and metabolic diseases (E4_)	42630	239434	282064	0.15113591241704	0.0702246591688614	0.0620842780314054	0.258005329012188	FALSE	1.18536271984512	1.35474158569489	0.999998821630717	1	0.999999999999805
N14_MESNRUIRREG	Excessive, frequent and irregular menstruation	XIV Diseases of the genitourinary system (N14_)	50120	130160	180280	0.278011981362325	0.00349611725457326	0.063039723318352	0.955772827803281	FALSE	1.18536560683666	1.35474747677068	0.999998821076333	1	0.999999999999805
J10_TONSILLECTOMY	Tonsillectomy and adenotomy	X Diseases of the respiratory system (J10_)	39135	461213	500348	0.0782155619688697	-0.070489809227307	0.0863289022363731	0.414199253332459	FALSE	1.1856783353076	1.35538568430621	0.999998759624765	1	0.999999999999778
K11_APPENDACUT	Acute appendicitis	XI Diseases of the digestive system (K11_)	38933	458424	497357	0.078279786953838	-0.00529683574622221	0.0619370914498688	0.931848308097277	FALSE	1.18620869958761	1.3564683391972	0.999998648839309	1	0.999999999999724
CD2_BENIGN_LEIOMYOMA_UTERI	Leiomyoma of uterus	II Neoplasms from hospital discharges (CD2_)	42107	239957	282064	0.14928172329684	-0.0162198027965056	0.10328971361882	0.875219533320247	FALSE	1.1863899759416	1.35683847343684	0.99999860899549	1	0.999999999999702
I9_OTHARR	Other arrhythmias	IX Diseases of the circulatory system (I9_)	39265	375343	414608	0.0947039130938139	0.0665367605819326	0.063806851265096	0.29704836510959	FALSE	1.18717235207113	1.35843645664318	0.999998424733084	1	0.99999999999959
I9_VARICVE	Varicose veins	IX Diseases of the circulatory system (I9_)	38467	432223	470690	0.0817247020331853	0.133979923545315	0.0769409899550818	0.0816251368611899	FALSE	1.1878149133812	1.35974949045882	0.999998257441392	1	0.999999999999469
I9_HEARTFAIL	Heart failure, strict	IX Diseases of the circulatory system (I9_)	37653	462695	500348	0.0752536234780593	0.113131292591273	0.105819262944623	0.28502495834198	FALSE	1.18928959787507	1.3627650256705	0.999997812287269	1	0.999999999999049
I9_AF_REIMB	Atrial fibrillation and flutter with reimbursement	IX Diseases of the circulatory system (I9_)	40251	252810	293061	0.137346832229468	-0.0110383778213425	0.100480982477705	0.912524059562393	FALSE	1.18957688158858	1.36335282494475	0.999997714652535	1	0.999999999998936
G6_OTHNEU	Other neurological diseases	VI Diseases of the nervous system (G6_)	37319	463029	500348	0.0745860880826944	0.0451889779380104	0.0996595473239393	0.650236614162788	FALSE	1.19013573866346	1.36449659862888	0.999997513567768	1	0.99999999999868
JOINTPAIN	Pain in joint	XIII Diseases of the musculoskeletal system and connective tissue (M13_)	39344	262404	301748	0.130386945398147	-0.00590035615774318	0.0819382572293322	0.942594122014541	FALSE	1.1911070861809	1.36648559160631	0.999997126448914	1	0.999999999998089
K11_CHOLECYSTECTOMY	Cholecystectomy	XI Diseases of the digestive system (K11_)	36556	463792	500348	0.0730611494399898	-0.0722361117570544	0.0645110830363653	0.262821457799694	FALSE	1.19211594340305	1.36855274100559	0.999996668703303	1	0.999999999997213
K11_REFLUX	Gastro-oesophageal reflux disease	Interstitial lung disease endpoints	36025	423785	459810	0.0783475783475783	-0.0204650758113104	0.064778987862621	0.752062083065087	FALSE	1.19426048667428	1.37295147814256	0.999995475806862	1	0.999999999993918
F5_ALLANXIOUS	All anxiety disorders	V Mental and behavioural disorders (F5_)	35875	444414	480289	0.0746946109529887	-0.0835741814776243	0.0752227760838482	0.266558751909684	FALSE	1.19428347083777	1.37299865528095	0.999995461207104	1	0.999999999993868
K11_APPENDECTOMY	Appendectomy	XI Diseases of the digestive system (K11_)	35484	464864	500348	0.0709186406261242	-0.00516016390171131	0.0677751251909337	0.939310465417379	FALSE	1.19501504166799	1.37450064518365	0.999994974248562	1	0.999999999992052
H8_MIDDLEMASTOID	Diseases of middle ear and mastoid	VIII Diseases of the ear and mastoid process (H8_)	35194	465154	500348	0.0703390440253584	-0.0720893496794187	0.0663822803051284	0.277491033880201	FALSE	1.19582402790625	1.3761624179349	0.999994382678799	1	0.999999999989452
N14_PROSTHYPERPLA	Hyperplasia of prostate	XIV Diseases of the genitourinary system (N14_)	41137	153573	194710	0.211273175491757	-0.0293673994878811	0.125434264744838	0.814887305179287	FALSE	1.19672096606367	1.37800588890312	0.999993655925444	1	0.99999999998563
L12_OTHERSKINSUBCUTIS	Other disorders of skin and subcutaneous tissue	XII Diseases of the skin and subcutaneous tissue (L12_)	34675	465673	500348	0.0693017659708843	0.00728986657168979	0.106503512598089	0.945429654637549	FALSE	1.19729934737722	1.37919520783072	0.999993144596226	1	0.999999999982504
M13_LUMBAR_PROLAPSE	Lumbar disc prolapse	XIII Diseases of the musculoskeletal system and connective tissue (M13_)	35290	353224	388514	0.0908332775652872	-0.0629456558722383	0.0663810448586207	0.34300350121195	FALSE	1.19792845161331	1.38048934017146	0.999992547665782	1	0.999999999978376
I9_STR	Stroke, excluding SAH	IX Diseases of the circulatory system (I9_)	34110	450023	484133	0.0704558458109652	-0.0509152799360237	0.0743070029328584	0.493216691985106	FALSE	1.19921401344704	1.38313553374965	0.99999118447632	1	0.999999999966898
C3_SKIN_EXALLC	Malignant neoplasm of skin, excluding all cancers (controls excluding all cancers)	II Neoplasms, from cancer register (ICD-O-3)	34177	378749	412926	0.0827678567104033	-0.0930258464822935	0.111257646724274	0.403081821811601	FALSE	1.20045685444927	1.38569591012355	0.999989663901004	1	0.999999999950481
N14_PYELONEPHR	Acute tubulo-interstitial nephritis	XIV Diseases of the genitourinary system (N14_)	33228	447142	480370	0.0691716801632075	-0.0125127415361147	0.0672249562264025	0.852340944907488	FALSE	1.20193723586464	1.38874836142119	0.999987557763423	1	0.999999999920871
M13_ROTATORCUFF	Rotator cuff syndrome	XIII Diseases of the musculoskeletal system and connective tissue (M13_)	33117	357549	390666	0.084770622475465	0.0574785507379347	0.0685710834721927	0.401899809772556	FALSE	1.20418871083278	1.39339642115199	0.999983638729151	1	0.999999999842141
H7_RETINALDISOTH	Other retinal disorders	VII Diseases of the eye and adnexa (H7_)	32428	455449	487877	0.066467572769366	-0.129254156407359	0.0708536010732677	0.0681154061158845	FALSE	1.20432563893168	1.39367932287681	0.99998336917492	1	0.999999999835508
E4_OBESITY	Obesity	IV Endocrine, nutritional and metabolic diseases (E4_)	31499	468693	500192	0.0629738180538673	-0.0260874012148437	0.0937090917030039	0.780715229739494	FALSE	1.20718295574326	1.39958847535825	0.99997679493556	1	0.999999999619871
I9_MI_STRICT	Myocardial infarction, strict	IX Diseases of the circulatory system (I9_)	31666	416171	447837	0.0707087623398692	0.0288312106671575	0.0782539101372016	0.712551463885753	FALSE	1.20752435626081	1.40029525356985	0.999975876445797	1	0.999999999580968
L12_ATOPIC	Atopic dermatitis	XII Diseases of the skin and subcutaneous tissue (L12_)	31245	432874	464119	0.0673210965291229	0.0545670533738103	0.117305466183443	0.641809295278075	FALSE	1.20863711579753	1.40260001330233	0.999972661457825	1	0.999999999426522
G6_CARPTU	Carpal tunnel syndrome	VI Diseases of the nervous system (G6_)	31181	435371	466552	0.0668328503575164	0.00196959985232157	0.10617676584005	0.985199933558957	FALSE	1.20881206753641	1.40296252693783	0.999972123817355	1	0.999999999397838
ASTHMA_INFECTIONS	Asthma-related infections	Asthma and related endpoints	31090	441248	472338	0.0658215091735156	0.204926967262833	0.0783355629987004	0.00889627842658571	FALSE	1.20902302637808	1.40339970490286	0.999971463433583	1	0.999999999361455
L12_DERMATITISNAS	Dermatitis	XII Diseases of the skin and subcutaneous tissue (L12_)	31083	432874	463957	0.0669954327663986	-0.0157681734755493	0.0906270310446956	0.861873526348014	FALSE	1.20919322140845	1.40375245015409	0.999970920881287	1	0.999999999330606
M13_MENISCUSDERANGEMENTS	Meniscus derangement	XIII Diseases of the musculoskeletal system and connective tissue (M13_)	31840	315115	346955	0.0917698260581343	0.0382210070222305	0.107998978037645	0.723412656393523	FALSE	1.2095208008057	1.40443149911402	0.99996985158573	1	0.999999999267245
KRA_PSY_SUBSTANCE_EXMORE	Substance abuse (more control exclusions)	Psychiatric endpoints from Katri Räikkönen	30806	362304	393110	0.078364834270306	0.156365897647101	0.0739737352838415	0.0345321034741266	FALSE	1.21164478883772	1.40883788099036	0.999962062789309	1	0.999999998698187
D3_ANAEMIA	Anaemias	III Diseases of the blood and blood-forming organs and certain disorders involving the immune mechanism (D3_)	37924	111976	149900	0.252995330220147	-0.0124502355281066	0.0860184099254339	0.884916790747969	FALSE	1.21190121544852	1.40937026912975	0.999961015055624	1	0.999999998606532
APPENDACUT_NOCOMPLIC	Acute appendicitis, no complications	XI Diseases of the digestive system (K11_)	30012	458424	488436	0.0614451023266098	-0.0209297392463131	0.0699275662453947	0.764706586757595	FALSE	1.21256813433185	1.41075532798132	0.999958173293554	1	0.999999998338996
L12_INFECT_SKIN	Infections of the skin and subcutaneous tissue	XII Diseases of the skin and subcutaneous tissue (L12_)	29841	470507	500348	0.0596404902188077	-0.0101253413622441	0.0701360428352373	0.885210547138981	FALSE	1.21301188132517	1.41167723445648	0.999956185816207	1	0.999999998135068
M13_ARTHTROSIS_COX	Coxarthrosis	XIII Diseases of the musculoskeletal system and connective tissue (M13_)	30802	315115	345917	0.089044481768748	-0.0236955354105471	0.0737966924030025	0.748140592020542	FALSE	1.21302029713049	1.41169472127104	0.99995614735631	1	0.999999998130983
H7_ALLERGICCONJUNCTIVITIS	Allergic conjunctivitis	VII Diseases of the eye and adnexa (H7_)	29791	470557	500348	0.0595405597703998	-0.000247812597154573	0.0850740688892211	0.99767584214313	FALSE	1.21319592701905	1.41205967627793	0.999955338122472	1	0.99999999804379
N14_FEMALEGENINF	Inflammatory diseases of female pelvic organs	XIV Diseases of the genitourinary system (N14_)	31500	250564	282064	0.111676782574168	0.0260928340721766	0.0701059364891924	0.709750269888273	FALSE	1.21334271278424	1.41236472567291	0.999954652032764	1	0.999999997968007
K11_REIMB_202	Reimbursement for rheumatic diseases	Gastrointestinal endpoints	29473	470875	500348	0.0589050021185255	-0.0470757908946389	0.0756948962594642	0.533997765753636	FALSE	1.21437835728084	1.41451782024064	0.999949550485222	1	0.999999997349827
ASTHMA_NAS	Asthma, unspecified (mode)	Asthma and related endpoints	30770	270290	301060	0.102205540423836	0.222471018489096	0.0756328220751208	0.00326667667376562	FALSE	1.21485507778647	1.41550940231795	0.999947042447647	1	0.999999997009629
CD2_BENIGN_COLORECANI	Benign neoplasm of colon, rectum, anus and anal canal	II Neoplasms from hospital discharges (CD2_)	29048	471300	500348	0.0580555933070583	-0.105105607287301	0.0721044472498062	0.144927250306401	FALSE	1.21599152565004	1.41787445485743	0.999940631548761	1	0.999999996026752
AUD_SWEDISH	Alcohol use disorder, Swedish definition	Alcohol related diseases	28861	471487	500348	0.0576818534300127	0.111909295753562	0.0729209242202376	0.12486578146312	FALSE	1.21671357078369	1.41937799946427	0.999936224743728	1	0.999999995253249
M13_ARTHROSIS_OTH	Other arthrosis	XIII Diseases of the musculoskeletal system and connective tissue (M13_)	29554	315115	344669	0.0857460346013132	0.0629808620412098	0.0734159918622257	0.390968124541114	FALSE	1.21749153210796	1.4209987651811	0.999931168816979	0.999999999999999	0.999999994263671
I9_REVASC	Coronary revascularization (ANGIO or CABG)	IX Diseases of the circulatory system (I9_)	28800	416171	444971	0.0647233190477582	-0.00354697493438737	0.0806071438944925	0.964901826802785	FALSE	1.21786441124723	1.42177589138686	0.99992862749128	0.999999999999998	0.99999999372391
J10_LOWERINF	Other acute lower respiratory infections	X Diseases of the respiratory system (J10_)	28542	471806	500348	0.0570442971691703	0.0255512184838672	0.083319260555636	0.759097299842518	FALSE	1.21796306716394	1.42198153377692	0.99992794196291	0.999999999999998	0.999999993573367
RX_CROHN_2NDLINE	Second line medication for Crohn's disease	Drug purchase endpoints	28457	471891	500348	0.0568744154068768	-0.0226798477544726	0.0718858138028263	0.752383386959735	FALSE	1.21829985482054	1.42268364618078	0.999925559549286	0.999999999999998	0.999999993033673
J10_SINUSITIS	Acute sinusitis	X Diseases of the respiratory system (J10_)	28616	402652	431268	0.0663531725052636	-0.00971700511035314	0.0724546426751601	0.893314359190579	FALSE	1.21884539109666	1.42382126725487	0.999921559024475	0.999999999999998	0.999999992068906
M13_SYNOTEND	Disorders of synovium and tendon	XIII Diseases of the musculoskeletal system and connective tissue (M13_)	28818	357549	386367	0.074587115359231	0.0333938855374199	0.0829004663003595	0.687081359559468	FALSE	1.21906550463875	1.42428038904213	0.99991989417876	0.999999999999998	0.999999991645457
I9_VHD	Valvular heart disease excluding rheumatic fever	IX Diseases of the circulatory system (I9_)	28602	375343	403945	0.0708066692247707	0.139578694485622	0.0760810217020264	0.0665640976326357	FALSE	1.21948208859389	1.42514949505117	0.999916661464707	0.999999999999998	0.999999990785757
FG_DOAAC	Diseases of arteries, arterioles and capillaries (FINNGEN)	IX Diseases of the circulatory system (I9_)	29658	252810	282468	0.104995964144611	-0.046526696430999	0.0891456263209413	0.601727507593408	FALSE	1.2196313635968	1.42546097955576	0.999915476578268	0.999999999999997	0.999999990458127
ST19_FRACT_LOWER_LEG_INCLU_ANKLE	Fracture of lower leg, including ankle	XIX Injury, poisoning and certain other consequences of external causes (ST19_)	28218	423508	451726	0.0624670707464259	-0.0128900381024227	0.0722386860630666	0.85837997117825	FALSE	1.22003716148235	1.42630788857073	0.999912183372436	0.999999999999997	0.999999989511769
C3_OTHER_SKIN_EXALLC	Other malignant neoplasms of skin (=non-melanoma skin cancer), excluding all cancers (controls excluding all cancers)	II Neoplasms, from cancer register (ICD-O-3)	28424	378749	407173	0.0698081650797081	-0.102176262843038	0.11210027888368	0.362046744156734	FALSE	1.22010842071626	1.42645663098278	0.999911594044656	0.999999999999997	0.999999989336819
ST19_FRACT_FOREA	Fracture of forearm	XIX Injury, poisoning and certain other consequences of external causes (ST19_)	27907	462982	490889	0.0568499192281758	0.422948955611857	0.071908540062012	4.05920487590357e-09	TRUE	1.22065793957091	1.42760389411154	0.999906936317379	0.999999999999996	0.999999987893483
AB1_ERYSIPELAS	Erysipelas	I Certain infectious and parasitic diseases (AB1_)	27918	439048	466966	0.0597859373059281	-0.00372596656553505	0.0734735672543171	0.959555285226182	FALSE	1.22098967410664	1.4282966723904	0.999904025673484	0.999999999999996	0.999999986936171
M13_ARTHTROSIS_COX_PRIM_ICD10	Coxarthrosis, primary	XIII Diseases of the musculoskeletal system and connective tissue (M13_)	27756	472592	500348	0.055473390520198	0.0522068389154306	0.0849876975793579	0.53902568272413	FALSE	1.22114128258222	1.42861333338781	0.999902670146394	0.999999999999996	0.999999986475602
H7_SCLERACORNEA	Disorders of sclera, cornea, iris and ciliary body	VII Diseases of the eye and adnexa (H7_)	27253	473095	500348	0.0544680902092144	-0.0904841244532002	0.0731895634679617	0.216347745646313	FALSE	1.22325330204928	1.43302786907643	0.999882045168711	0.999999999999992	0.999999978270592
M13_OSTEOCHONDRO	Osteopathies and chondropathies	XIII Diseases of the musculoskeletal system and connective tissue (M13_)	27084	473264	500348	0.0541303252935957	-0.0124213486957866	0.073629767834348	0.866032545469664	FALSE	1.22397723597527	1.43454241195638	0.999874181692576	0.99999999999999	0.999999974527073
M13_SPONDYLOSIS	Spondylosis	XIII Diseases of the musculoskeletal system and connective tissue (M13_)	27369	353224	380593	0.0719114644778018	0.0949511505200339	0.10259234988744	0.354696099204482	FALSE	1.22503248179107	1.43675135330055	0.999861936427595	0.999999999999986	0.999999967987834
F5_DEMENTIA_INCLAVO	Dementia, including avohilmo	V Mental and behavioural disorders (F5_)	26681	473667	500348	0.0533248858794279	0.772009059199192	0.0807711654334409	1.20079216145232e-21	TRUE	1.22573365086523	1.43821993412351	0.999853261393607	0.999999999999983	0.999999962815831
C3_BASAL_CELL_CARCINOMA_INCLAVO_EXALLC	Basal cell carcinoma, including avohilmo, excluding all cancers (controls excluding all cancers)	II Neoplasms, from cancer register (ICD-O-3)	27001	378270	405271	0.0666245549274436	-0.0866762113990348	0.0792190098238907	0.273896216432247	FALSE	1.22601154390648	1.43880215666511	0.999849699630379	0.999999999999981	0.999999960559612
H7_GLAUCOMA	Glaucoma	VII Diseases of the eye and adnexa (H7_)	26591	473757	500348	0.0531450110722937	0.121178498237352	0.096832425343346	0.210779534945349	FALSE	1.22613182465574	1.43905419282971	0.999848135782108	0.999999999999981	0.999999959544255
M13_ARTHROSIS_KNEE_PRIM_KNEESURG	Gonarthrosis, primary, with knee surgery	XIII Diseases of the musculoskeletal system and connective tissue (M13_)	26661	445363	472024	0.0564822975102961	-0.0291396287242161	0.136060059629413	0.830416520096031	FALSE	1.22624456636857	1.43929044933698	0.999846657656851	0.99999999999998	0.999999958570599
J10_VOCALLARYNX	Diseases of vocal cords and larynx+other diseases of upper respiratory tract, no elsewhere classified	X Diseases of the respiratory system (J10_)	26923	371520	398443	0.067570518242258	0.0139791942147974	0.0772381831353997	0.856376894213267	FALSE	1.22650013650738	1.43982607390036	0.999843262489369	0.999999999999979	0.999999956282514
G6_MIGRAINE	Migraine	VI Diseases of the nervous system (G6_)	26894	374605	401499	0.0669839775441533	-0.0214580331715656	0.0756112407576097	0.776568083484647	FALSE	1.22655634550533	1.43994388862616	0.999842507428818	0.999999999999978	0.999999955763828
I9_VTE	Venous thromboembolism	IX Diseases of the circulatory system (I9_)	26333	474015	500348	0.0526293699585089	0.0935050991340996	0.0749314871299948	0.212076985684714	FALSE	1.22728553994311	1.44147267314568	0.999832434227553	0.999999999999973	0.999999948497585
M13_SCIATICA	Sciatica+with lumbago	XIII Diseases of the musculoskeletal system and connective tissue (M13_)	26541	353224	379765	0.0698879570260556	-0.063445346891206	0.0756761579182215	0.401817543792114	FALSE	1.22861154953131	1.44425453247943	0.999812742621519	0.999999999999961	0.999999932383906
C3_BASAL_CELL_CARCINOMA_EXALLC	Basal cell carcinoma, excluding all cancers (controls excluding all cancers)	II Neoplasms, from cancer register (ICD-O-3)	26272	378749	405021	0.0648657723920488	-0.0876581201049832	0.0802025859121895	0.274411900166374	FALSE	1.22921976208254	1.44553130176997	0.999803088611131	0.999999999999953	0.999999923532769
M13_SPINSTENOSIS	Spinal stenosis	XIII Diseases of the musculoskeletal system and connective tissue (M13_)	26090	353224	379314	0.0687820644637424	-0.0547274781831163	0.0783456917990902	0.484840520107601	FALSE	1.2306386216917	1.44851172323846	0.999778955355753	0.999999999999931	0.999999898564346
AB1_BACTINF_NOS	Bacterial infection, other or unspecified	I Certain infectious and parasitic diseases (AB1_)	25506	439048	464554	0.0549042737765685	0.0363188157535855	0.0762249862705119	0.633740541896928	FALSE	1.23164286271924	1.45062283908645	0.999760437896594	0.999999999999908	0.999999876560362
H7_CATARACTOTHER	Other cataract	VII Diseases of the eye and adnexa (H7_)	25554	409535	435089	0.0587328109880967	-0.113284274783908	0.0935661669980426	0.22599517451808	FALSE	1.23192262987824	1.45121120658251	0.999755057359052	0.999999999999901	0.99999986969023
F5_DEPRESSION_RECURRENT	Recurrent or chronic depression	V Mental and behavioural disorders (F5_)	26094	254393	280487	0.0930310495673596	0.0307967229539778	0.0789429468520412	0.696452492680536	FALSE	1.23401509164458	1.45561510980743	0.999711574271769	0.999999999999827	0.999999806008886
I9_TIA	Transient ischemic attack	IX Diseases of the circulatory system (I9_)	24948	453276	478224	0.0521680216802168	-0.0212992513673191	0.107039683739311	0.842274771293367	FALSE	1.23412445308153	1.45584543895006	0.999709138059462	0.999999999999822	0.999999802000505
F5_DEMENTIA	Dementia	V Mental and behavioural disorders (F5_)	24864	469981	494845	0.0502460366377351	0.794027855929629	0.0843885991887814	5.00003531577832e-21	TRUE	1.2342993692856	1.45621386812476	0.999705206432603	0.999999999999814	0.999999795430798
N14_MENORRHAGIA	Menorrhagia	XIV Diseases of the genitourinary system (N14_)	28642	130160	158802	0.18036296772081	0.0587901891953359	0.0786923640068168	0.455009918954288	FALSE	1.23506567893736	1.45782844343127	0.999687464793588	0.999999999999772	0.999999764219262
F5_ANXIETY	Other anxiety disorders	V Mental and behavioural disorders (F5_)	24643	444414	469057	0.05253732488802	-0.0678744084355934	0.116878322528667	0.561424399097474	FALSE	1.23577810157187	1.45933018749965	0.999670195795655	0.999999999999726	0.99999973133764
N14_OVARYCYST	Ovarian cyst	XIV Diseases of the genitourinary system (N14_)	28358	130160	158518	0.178894510402604	0.0974627588477005	0.0835207696674303	0.243239282169707	FALSE	1.23613414707986	1.46008096491861	0.999661277509239	0.9999999999997	0.99999971337317
L12_DISORDSKINAPPENDIX	Disorders of skin appendages	XII Diseases of the skin and subcutaneous tissue (L12_)	23944	476404	500348	0.047854693133579	0.0244787724414632	0.0777544659199791	0.752897236857401	FALSE	1.23891986408335	1.46596094615232	0.999584483102668	0.999999999999395	0.999999529920434
J10_COPD	COPD	X Diseases of the respiratory system (J10_)	24138	409070	433208	0.0557191926280216	0.131875620905409	0.167855086911584	0.432071614121707	FALSE	1.23894965719529	1.46602388845667	0.999583591337617	0.999999999999391	0.999999527478602
K11_ENERCOLNONINF	Noninfective enteritis and colitis	XI Diseases of the digestive system (K11_)	23771	476577	500348	0.0475089337820877	-0.112696517634394	0.111677345410718	0.312914189700282	FALSE	1.23983595248965	1.46789686052008	0.99955634393238	0.999999999999242	0.999999449310868
CD2_BENIGN_COLON	Benign neoplasm: Colon	II Neoplasms from hospital discharges (CD2_)	23613	476735	500348	0.0471931535651187	-0.101216233753201	0.0792849440467463	0.201738716270373	FALSE	1.24068217101399	1.46968612159788	0.999528997954936	0.999999999999069	0.999999363823198
H7_OCUMUSCLE	Disorders of ocular muscles, binocular movement, accommodation and refraction	VII Diseases of the eye and adnexa (H7_)	23572	476776	500348	0.0471112105974242	0.0454176092079943	0.0863621042704459	0.598959470461048	FALSE	1.24090327149672	1.47015377879218	0.999521632923653	0.999999999999018	0.999999339573945
PRIM_KNEEARTHROSIS	Primary gonarthrosis, bilateral	Rheuma endpoints	23582	438992	462574	0.0509799513158976	-0.0113737847020059	0.161911704141808	0.943997197741089	FALSE	1.24139182779826	1.47118737303274	0.99950502846227	0.999999999998896	0.999999282971893
RX_GLUCOSAMINE	Glucosamine medication	Drug purchase endpoints	23215	477133	500348	0.0463977071957917	-0.0512869136721163	0.081620113074002	0.529767336635753	FALSE	1.24285535145571	1.47428552950397	0.999452485250406	0.999999999998438	0.999999085897462
N14_MENSIRREG	Irregular menses	XIV Diseases of the genitourinary system (N14_)	24344	239434	263778	0.0922897284838008	0.0340864581138893	0.0790651736895251	0.66638221857849	FALSE	1.24310336337354	1.47481083395853	0.999443152358195	0.999999999998344	0.999999047986208
C3_BREAST_EXALLC	Malignant neoplasm of breast, excluding all cancers (controls excluding all cancers)	II Neoplasms, from cancer register (ICD-O-3)	24270	222078	246348	0.0985191680062351	-0.026003189237735	0.0827899535269648	0.75345550308432	FALSE	1.24445064575591	1.47766589887426	0.9993901932559	0.999999999997736	0.999998815851038
K11_OTHFUNC	Other functional intestinal disorders	XI Diseases of the digestive system (K11_)	22972	394725	417697	0.0549968039033079	0.00120771371526174	0.090482249039326	0.989350535316161	FALSE	1.2455166803504	1.47992668471782	0.999345490649085	0.99999999999711	0.999998596922944
ASTHMA_ACUTE_RESPIRATORY_INFECTIONS	Asthma-related acute respiratory infections	Asthma and related endpoints	22761	441248	464009	0.0490529278526925	0.167165820148658	0.0800460372634694	0.0367643844342047	FALSE	1.24592140694102	1.4807854041528	0.999327848133055	0.999999999996833	0.999998504606072
N14_BREAST	Disorders of breast	XIV Diseases of the genitourinary system (N14_)	23556	258508	282064	0.083512961597368	-0.083872693310019	0.0801447305832213	0.295323147077064	FALSE	1.24627486621263	1.48153552756624	0.999312131494835	0.99999999999657	0.999998419509664
H7_VISUDISTURB	Visual disturbances	VII Diseases of the eye and adnexa (H7_)	22414	475933	498347	0.0449766929468824	-0.18914380310746	0.080324897613096	0.0185359469232614	FALSE	1.24744496755297	1.48401994909975	0.9992579986689	0.999999999995545	0.99999810551297
E4_OBESITYCAL	Obesity due to excess calories	IV Endocrine, nutritional and metabolic diseases (E4_)	22389	468849	491238	0.0455766858427076	-0.0775801205198013	0.128780689951016	0.546894304331548	FALSE	1.24768566050515	1.48453122828019	0.999246454025163	0.999999999995301	0.999998034304193
K11_OTHDIG	Diseases of the digestive system	XI Diseases of the digestive system (K11_)	22159	478189	500348	0.0442871761254167	-0.0402125490936486	0.0810785876390431	0.619915559893139	FALSE	1.24892818411764	1.48717182507974	0.999184564547945	0.999999999993829	0.999997626641386
J10_CHRONSINUSITIS	Chronic sinusitis	X Diseases of the respiratory system (J10_)	22099	371520	393619	0.0561431231724078	0.0550649460727163	0.0815621119328134	0.499593818123337	FALSE	1.25104712536848	1.49167973589717	0.999069780750812	0.99999999999027	0.999996751945295
O15_ABORT_SPONTAN	Spontaneous abortion	XV Pregnancy, childbirth and the puerperium (O15_)	23167	199279	222446	0.10414662434928	0.157101470075148	0.110455417827837	0.154937262966425	FALSE	1.25174890651945	1.49317405298751	0.999029076546032	0.999999999988716	0.999996403738462
I9_HEARTFAIL_AND_OVERWEIGHT	Heart failure and bmi 25plus	Cardiometabolic endpoints	22965	206576	229541	0.100047486070027	0.0571123203037521	0.111135716648281	0.607323948915219	FALSE	1.25233882668203	1.49443069132904	0.99899378606645	0.999999999987232	0.999996085380217
H7_VITRBODYGLOBE	Disorders of vitreous body	VII Diseases of the eye and adnexa (H7_)	21499	478098	499597	0.0430326843435809	-0.103396138443495	0.0825374670634814	0.210308494994537	FALSE	1.25297905461237	1.49579502065304	0.99895435227756	0.999999999985415	0.999995711335583
G6_HEADACHE	Other headache syndromes	VI Diseases of the nervous system (G6_)	21750	374605	396355	0.0548750488829458	-0.0445763391116882	0.0823158631556932	0.588143750789581	FALSE	1.25309844039402	1.49604949301089	0.998946866466028	0.99999999998505	0.9999956381292
N14_MENOPAUSOT	Other menopausal disorders	XIV Diseases of the genitourinary system (N14_)	24386	130160	154546	0.157791207795737	0.132639041659152	0.126257500442235	0.293468137505656	FALSE	1.25322481651115	1.49631888610845	0.998938896557162	0.999999999984655	0.999995559412716
J10_PNEUMOBACT	Bacterial pneumoniae	X Diseases of the respiratory system (J10_)	21582	415538	437120	0.0493731698389458	0.135983159053446	0.145640863955666	0.350464743185658	FALSE	1.25337421456534	1.49663738206861	0.998929413782469	0.999999999984174	0.999995464709062
H7_MACULADEGEN	Degeneration of macula and posterior pole	VII Diseases of the eye and adnexa (H7_)	21413	455449	476862	0.0449039764124631	-0.0357750051462394	0.125088546917399	0.774880076442399	FALSE	1.25382346207632	1.4975952951913	0.998900497458359	0.999999999982644	0.999995168882006
E4_ENDOGLAND	Disorders of other endocrine glands	IV Endocrine, nutritional and metabolic diseases (E4_)	21279	479069	500348	0.0425284002334375	0.0566184327898569	0.133548311789541	0.671598859712993	FALSE	1.25436201024773	1.49874397599588	0.998865030276662	0.999999999980626	0.999994791454468
ABDOM_HERNIA	Hernia of abdominal wall	XI Diseases of the digestive system (K11_)	21210	479138	500348	0.0423904962146346	-0.130756145034727	0.107749042696927	0.224929204678385	FALSE	1.25480360466623	1.49968615116766	0.998835285215603	0.999999999978808	0.999994462426894
H8_VERTIGO	Disorders of vestibular function (Vertigo)	VIII Diseases of the ear and mastoid process (H8_)	21139	474839	495978	0.0426208420534782	0.0113133477816687	0.0829702820385161	0.891541265671761	FALSE	1.25531593252984	1.50077956789257	0.998800015607806	0.9999999999765	0.999994057391544
KRA_PSY_DEMENTIA_EXMORE	Any dementia (more control exclusions)	Psychiatric endpoints from Katri Räikkönen	21157	362304	383461	0.0551737986392358	0.744911588582267	0.0901606004766298	1.43189042264657e-16	TRUE	1.25708486251617	1.50455753560804	0.998671789222426	0.999999999966579	0.999992446463073
TEMPOROMANDIB_INCLAVO	Temporomandibular joint disorders, including avohilmo	XI Diseases of the digestive system (K11_)	20799	479549	500348	0.0415690679287216	0.0283746123824987	0.0838492181135309	0.735061441884409	FALSE	1.25748346338111	1.5054094187029	0.99864147755501	0.999999999963856	0.999992033453851
J10_BRONCHITIS	Acute bronchitis	X Diseases of the respiratory system (J10_)	20762	471806	492568	0.0421505254096896	0.0554051006668866	0.109894690509444	0.614145151804703	FALSE	1.25782762352478	1.5061451226408	0.998614876047418	0.99999999996134	0.999991660714665
J10_PLEURA	Other diseases of pleura	X Diseases of the respiratory system (J10_)	20693	479655	500348	0.0413572153780968	0.063139702971789	0.10067382316745	0.530547146491892	FALSE	1.25818871086419	1.50691718147186	0.998586533484326	0.999999999958522	0.999991252940533
AUD	Alcohol use disorder, ICD-based	V Mental and behavioural disorders (F5_)	20597	479751	500348	0.0411653489171537	0.135863403066939	0.0854416355072143	0.111805253878868	FALSE	1.25883254298875	1.50829422284981	0.998534884232772	0.999999999953016	0.999990481414321
M13_ARTHTROSIS_COX_PRIM_HIPSURG	Coxarthrosis, primary, with hip surgery	XIII Diseases of the musculoskeletal system and connective tissue (M13_)	20586	472592	493178	0.0417415213168471	0.0987752388714761	0.160126866022939	0.5373296252925	FALSE	1.25899708363879	1.50864623454384	0.998521453104093	0.999999999951503	0.999990274730713
G6_NEURODEGENERATIVE	Unspecific neurodegenerative disorder	VI Diseases of the nervous system (G6_)	20524	479824	500348	0.0410194504624781	0.846042911337208	0.137153863184665	6.89112781960857e-10	TRUE	1.25932541785438	1.50934876764559	0.998494367297149	0.999999999948345	0.999989850280164
H8_MED_SUPP	Suppurative and unspecified otitis media	VIII Diseases of the ear and mastoid process (H8_)	20472	465154	485626	0.0421558977484731	-0.00384375580035905	0.0971993702973339	0.96845582177258	FALSE	1.25986650312673	1.51050683576329	0.998448895635023	0.999999999942718	0.999989114610878
N14_FEMGENPROL	Female genital prolapse	XIV Diseases of the genitourinary system (N14_)	23074	130160	153234	0.150580158450474	0.00375000946041565	0.142212362144908	0.978962954439566	FALSE	1.25993681509829	1.51065735099251	0.99844290980122	0.999999999941947	0.99998901560124
H7_EYELIDDIS	Other disorders of eyelid	VII Diseases of the eye and adnexa (H7_)	20222	453930	474152	0.0426487708582902	-0.0642680664021574	0.0859494309125834	0.45461532190263	FALSE	1.26173674161035	1.51451265845526	0.998283518191436	0.999999999918526	0.999986191423698
AB1_VIRAL_SKIN_MUCOUS_MEMBRANE	Viral infections characterized by skin and mucous membrane lesions	I Certain infectious and parasitic diseases (AB1_)	20032	480316	500348	0.0400361348501443	0.0331303651880163	0.0844461363463629	0.69481778998957	FALSE	1.26272364505254	1.51662836622997	0.998190962353833	0.999999999902186	0.999984383040669
O15_FALSE_LAB	False labour	XV Pregnancy, childbirth and the puerperium (O15_)	21029	221186	242215	0.0868195611337035	-0.036056685588548	0.0883052875354181	0.683039833712514	FALSE	1.26292855398245	1.51706780959024	0.998171274880221	0.99999999989843	0.999983982194792
N14_RENFAIL	Renal failure	XIV Diseases of the genitourinary system (N14_)	19900	480448	500348	0.0397723184663474	-0.00846047453603823	0.152492264524479	0.95575499891329	FALSE	1.26365869797233	1.51863411626335	0.998099786948622	0.99999999988392	0.999982478499206
I9_ATHSCLE	Atherosclerosis, excluding cerebral and coronary sclerosis	IX Diseases of the circulatory system (I9_)	19807	463106	482913	0.0410156694891212	-0.0684891096561962	0.0883424000931831	0.438180820432562	FALSE	1.26454450692105	1.52053531029805	0.998010213157567	0.999999999863715	0.99998048687098
K11_ATTRITION	Excessive attrition of teeth	XI Diseases of the digestive system (K11_)	22758	114335	137093	0.166004099406972	0.0873635890466489	0.0856783463539541	0.307885273141941	FALSE	1.26465805032922	1.52077908190189	0.997998502796684	0.999999999860899	0.999980217590091
M13_KNEEDERANGEMENTS	Internal derangement of knee	XIII Diseases of the musculoskeletal system and connective tissue (M13_)	20142	315115	335257	0.060079282460918	-0.0583226547484892	0.0854732246432361	0.495017664519293	FALSE	1.26503583723483	1.5215902938668	0.997959161116574	0.999999999851135	0.999979297750285
O15_HYPTENSPREG	Pregnancy hypertension	XV Pregnancy, childbirth and the puerperium (O15_)	20405	261659	282064	0.0723417380452663	0.0238438451745022	0.0993285420398642	0.810291271511301	FALSE	1.26505953224289	1.52164117988163	0.997956674108601	0.999999999850502	0.999979238814359
D3_ANAEMIA_IRONDEF	Iron deficiency anaemia	III Diseases of the blood and blood-forming organs and certain disorders involving the immune mechanism (D3_)	19321	477015	496336	0.0389272589536121	0.123087643298001	0.0862457317790579	0.153529822669579	FALSE	1.26793206469139	1.52781560822548	0.997637692912077	0.999999999752033	0.999970892140666
H7_LACRIMALSYSTEM	Disorders of lacrimal system	VII Diseases of the eye and adnexa (H7_)	19195	453930	473125	0.0405706737120211	0.0340287477829781	0.087058677108723	0.69589228846381	FALSE	1.26917746286537	1.53049597450716	0.997488268966279	0.999999999692805	0.999966435312132
M13_DORSALGIANAS	Other/unspecified dorsalgia	XIII Diseases of the musculoskeletal system and connective tissue (M13_)	19307	353224	372531	0.0518265594004257	-0.0462953918927082	0.1368674718715	0.735174967208557	FALSE	1.270084216495	1.53244880458302	0.997375079305743	0.999999999641653	0.999962822420942
M13_HALLUXVALGUS	Hallux valgus (acquired)	XIII Diseases of the musculoskeletal system and connective tissue (M13_)	19367	315115	334482	0.0579014715291107	-0.0650058608959054	0.0922100698921622	0.480825342920743	FALSE	1.27058952105252	1.53353752910139	0.997310363565319	0.999999999609809	0.99996066412532
D3_ANAEMIANAS	Other and unspecified anaemias	III Diseases of the blood and blood-forming organs and certain disorders involving the immune mechanism (D3_)	18961	479581	498542	0.0380329039479121	-0.0805050281391684	0.0875737334770881	0.35794766464557	FALSE	1.27063759720586	1.53364113125629	0.997304144576729	0.999999999606646	0.999960453151031
F5_STRESSOTH	Other reaction to severe stress, and adjustment disorders	V Mental and behavioural disorders (F5_)	18806	444414	463220	0.0405984197573507	0.0648128140115852	0.0881946938986509	0.46241052620181	FALSE	1.27229862520034	1.5372224696606	0.997082587207687	0.999999999481491	0.999952525462499
C3_PROSTATE_EXALLC	Malignant neoplasm of prostate, excluding all cancers (controls excluding all cancers)	II Neoplasms, from cancer register (ICD-O-3)	20368	156671	177039	0.115048096747044	-0.123911698388777	0.112717799493845	0.271633281162845	FALSE	1.27244993668446	1.53754889459419	0.997061749656702	0.999999999468416	0.999951738401144
F5_KELAMENT	Kela-code for severe mental illness	V Mental and behavioural disorders (F5_)	18538	479456	497994	0.0372253480965634	0.134769536208207	0.110396737613966	0.222171363054443	FALSE	1.27396548300109	1.54082007127943	0.996846870281739	0.999999999319414	0.999943201620327
NEURODEGOTH	Other degenerative diseases of the nervous system	Comorbidities of Gastrointestinal endpoints	19083	272129	291212	0.0655295798250072	0.543365744549827	0.126125193778644	1.64628731812701e-05	TRUE	1.2740988087486	1.54110798981594	0.996827423614895	0.999999999304599	0.999942390980034
J10_TONSILLITIS	Other and unspecified tonsillitis	X Diseases of the respiratory system (J10_)	18652	402652	421304	0.044272069574464	0.0467626173057252	0.0895500195333579	0.601534218242143	FALSE	1.27415301120502	1.54122504743096	0.996819492336322	0.999999999298491	0.999942058538722
L12_PAPULOSQUAMOUS	Papulosquamous disorders	XII Diseases of the skin and subcutaneous tissue (L12_)	18167	482181	500348	0.0363087291245293	-0.00957506452424942	0.088813551534856	0.914145735630862	FALSE	1.27695458012822	1.54728074333892	0.996389168661257	0.999999998905525	0.999922422364215
I9_ANGIO	Coronary angioplasty	IX Diseases of the circulatory system (I9_)	18248	416171	434419	0.0420055292240901	-0.0627631616999337	0.0972798259490032	0.518809455725718	FALSE	1.27718574499891	1.54778088135269	0.99635184110096	0.999999998865318	0.999920569651082
N14_ENDOMETRIOSIS	Endometriosis	XIV Diseases of the genitourinary system (N14_)	20190	130160	150350	0.134286664449618	-0.0227787616040016	0.0902110449905827	0.800650564045946	FALSE	1.27721015462756	1.54783369708814	0.996347883030234	0.999999998860993	0.999920371785424
I9_VEINSOTH	Other disorders of veins	IX Diseases of the circulatory system (I9_)	18090	432223	450313	0.0401720581018092	0.304215389456492	0.099331191196617	0.00219395962430513	FALSE	1.27824792495816	1.55007988051946	0.996176667840052	0.999999998662328	0.999911552709653
GEST_DIABETES	Gestational diabetes (for exclusion)	Diabetes endpoints	18581	263483	282064	0.0658751205400193	0.097924902547228	0.0935328793532705	0.295119411879562	FALSE	1.27830498830318	1.550203431816	0.996167085661719	0.999999998650523	0.999911044080786
M13_CERVICDISC	Cervical disc disorders	XIII Diseases of the musculoskeletal system and connective tissue (M13_)	17993	353224	371217	0.0484703017372588	-0.101309233497929	0.118932251927318	0.394312311393899	FALSE	1.2804635562436	1.5548802586341	0.995791536659827	0.99999999812612	0.999889840766828
O15_OTHER_MATERN_DIS_ELSEWHERE	Other maternal diseases classifiable elsewhere but complicating pregnancy, childbirth and the puerperium	XV Pregnancy, childbirth and the puerperium (O15_)	18286	263245	281531	0.0649519946293659	-0.0980959368092377	0.14352191258669	0.494296629789207	FALSE	1.28067258406558	1.55533347454464	0.995753797870836	0.999999998066396	0.999887572339278
N14_POLYPFEMGEN	Polyp of the female genital tract	XIV Diseases of the genitourinary system (N14_)	19618	130160	149778	0.13098051783306	0.0321913340443399	0.0925317082284001	0.727918915352886	FALSE	1.28113565025693	1.5563377055556	0.995669317475909	0.999999997927757	0.999882402516089
E4_HYPERLIPNAS	Hyperlipidaemia, other/unspecified	IV Endocrine, nutritional and metabolic diseases (E4_)	17615	420066	437681	0.0402462067121945	-0.0945521097093275	0.140220017978623	0.500112663929255	FALSE	1.28246989953535	1.55923282682287	0.995419074509751	0.99999999747515	0.999866340148299
I9_HEARTFAIL_AND_CHD	Heart failure and coronary heart disease	Cardiometabolic endpoints	17532	443698	461230	0.0380114042885328	0.0545346212171789	0.180482019206029	0.762529359101897	FALSE	1.28285261784274	1.56006370509809	0.995345402042787	0.999999997329374	0.999861396930037
Z21_PROCREATIVE_MANAG	Procreative management	XXI Factors influencing health status and contact with health services (Z21_)	17610	389530	407140	0.0432529351083165	0.0583090415321939	0.0930353950968282	0.530829411394579	FALSE	1.28301633895465	1.56041920174115	0.995313625900078	0.999999997264668	0.999859234603334
I9_UAP	Unstable angina pectoris	IX Diseases of the circulatory system (I9_)	17428	443161	460589	0.0378385067815341	0.0581544716463734	0.123864189293046	0.638710930359086	FALSE	1.28377615044821	1.56206948855498	0.995164101955148	0.999999996944958	0.999848814338455
H7_VITROTH	Other and unspecified disorders of vitreous body	VII Diseases of the eye and adnexa (H7_)	17224	478098	495322	0.034773339363081	-0.0598441147323153	0.0917082732396933	0.51404726526301	FALSE	1.28515783590892	1.56507243251426	0.994883435011056	0.999999996273526	0.999828156365285
CD2_BENIGN_SKIN	Other benign neoplasms of skin	II Neoplasms from hospital discharges (CD2_)	17118	483230	500348	0.0342121883169314	0.0506455491615109	0.140658335912081	0.718801686700887	FALSE	1.28606091078289	1.56703653905601	0.99469378646902	0.999999995763648	0.999813380911159
AB1_OTHER_SEPSIS	Other septicaemia	I Certain infectious and parasitic diseases (AB1_)	17133	439048	456181	0.0375574607447483	-0.0154645042339458	0.0920007222510271	0.86651159696515	FALSE	1.28648088304498	1.56795031004923	0.994603898574684	0.999999995505241	0.999806146425666
ASTHMA_PNEUMONIA	Asthma-related pneumonia	Asthma and related endpoints	16964	441248	458212	0.0370221644129791	0.233748071033506	0.175525422721972	0.18295716813694	FALSE	1.28800152366139	1.57126086318854	0.994269323227072	0.999999994443021	0.999777903766904
ST19_FRACT_SHOUL_UPPER_ARM	Fracture of shoulder and upper arm	XIX Injury, poisoning and certain other consequences of external causes (ST19_)	16817	454533	471350	0.0356783706375305	0.117589783596993	0.145461135344149	0.418864301178647	FALSE	1.28919550874452	1.57386241433011	0.993996472470018	0.99999999345175	0.999753327935052
O15_DELIV_CAESAR	Single delivery by caesarean section	XV Pregnancy, childbirth and the puerperium (O15_)	18567	119890	138457	0.134099395480185	0.0165253844133555	0.0961600602046155	0.86355318245351	FALSE	1.29061722399509	1.57696263150122	0.993659725955559	0.999999992059975	0.999721071188133
ST19_FRACT_WRIST_HAND_LEVEL	Fracture at wrist and hand level	XIX Injury, poisoning and certain other consequences of external causes (ST19_)	16641	441025	457666	0.0363605773642788	0.0531969785650679	0.0927180867148122	0.56613716096012	FALSE	1.29104054082575	1.57788624208736	0.99355693749666	0.999999991595789	0.999710799175821
H7_KERATITIS	Keratitis	VII Diseases of the eye and adnexa (H7_)	16577	473095	489672	0.0338532732114558	-0.109641340159659	0.124031528989473	0.376707230591903	FALSE	1.29124753620772	1.57833795998119	0.993506250666875	0.999999991359835	0.999705660279967
N14_FEMALEINFERT	Female infertility	XIV Diseases of the genitourinary system (N14_)	18189	130160	148349	0.122609522140358	0.255392183810177	0.0932854023847946	0.00618609338502438	FALSE	1.29183614548849	1.57962276972821	0.993360585791835	0.99999999065517	0.999690620967236
G6_XTRAPYR	Extrapyramidal and movement disorders	VI Diseases of the nervous system (G6_)	16264	484084	500348	0.0325053762581243	-0.275723537988356	0.104059877539969	0.00805722540728512	FALSE	1.29417946960886	1.58474231075318	0.992757913478924	0.999999987293409	0.999624103639773
M13_SYSTCONNECT	Systemic connective tissue disorders	XIII Diseases of the musculoskeletal system and connective tissue (M13_)	16088	484260	500348	0.0321536210797285	-0.0376533384949532	0.132464431869162	0.776216927751813	FALSE	1.2959402410227	1.58859392310332	0.992280694883689	0.999999984072378	0.999566494835193
M13_RHEUMA	Rheumatoid arthritis	XIII Diseases of the musculoskeletal system and connective tissue (M13_)	16314	315115	331429	0.0492232122113635	-0.161446595724949	0.106698612851494	0.1302520587878	FALSE	1.29658674059264	1.59000914558287	0.992100135713982	0.999999982712844	0.999543553458555
K11_DIAHER	Diaphragmatic hernia	XI Diseases of the digestive system (K11_)	16034	426666	442700	0.0362186582335668	-0.13389060915907	0.0953191603285309	0.160123662158343	FALSE	1.29721505482459	1.59138509055686	0.991921878334609	0.999999981290387	0.999520285978221
E4_OBESITYNAS	Obesity, other/unspecified	IV Endocrine, nutritional and metabolic diseases (E4_)	15896	468849	484745	0.0327924991490371	0.0443384868457719	0.21495088328706	0.836577946611112	FALSE	1.29807643309616	1.59327227319799	0.991673017988066	0.999999979165723	0.999486772603064
O15_CONCEPT_ABNORM	Other abnormal products of conception	XV Pregnancy, childbirth and the puerperium (O15_)	16633	199279	215912	0.0770360146726444	0.225031220186484	0.0957776947237221	0.0187978393620068	FALSE	1.29833082154115	1.59382979777969	0.991598525887795	0.999999978497254	0.999476507062616
I9_SEQULAE	Sequelae of cerebrovascular disease	IX Diseases of the circulatory system (I9_)	15879	453828	469707	0.0338061813002574	0.0294985517994127	0.120068742561917	0.805929548430771	FALSE	1.29843540527264	1.59405903119806	0.991567768452557	0.999999978216782	0.99947223699951
R18_RETEN_URINE	Retention of urine	XVIII Symptoms, signs and abnormal clinical and laboratory findings, not elsewhere classified (R18_)	15722	453777	469499	0.0334867592902221	0.0128489010810948	0.123531858858443	0.917159148647268	FALSE	1.30006903257601	1.59764160404258	0.99107725335008	0.999999973377855	0.999401648366483
J10_SEPTDEV	Deviated nasal septum	X Diseases of the respiratory system (J10_)	15803	371520	387323	0.040800572132303	0.0842204363813074	0.0955251232175396	0.377962078412723	FALSE	1.30048850800168	1.59856209172509	0.990948224955093	0.999999971985958	0.99938230022628
L12_ACTINKERA	Actinic keratosis	XII Diseases of the skin and subcutaneous tissue (L12_)	15597	482972	498569	0.0312835334727992	0.00736599035147959	0.184014214515158	0.968069636340795	FALSE	1.30104402524154	1.5997814655342	0.990775401026352	0.999999970040216	0.99935587470204
ALLERG_RHINITIS	Allergic rhinitis	Comorbidities of Asthma	15569	474650	490219	0.031759274936304	0.212225748536675	0.162199518333566	0.190729524241958	FALSE	1.30143601434376	1.60064213724365	0.9906521090409	0.999999968593745	0.999336665440386
G6_EPLEPSY	Epilepsy	VI Diseases of the nervous system (G6_)	15645	374605	390250	0.0400896860986547	0.0290930327647412	0.0959342860901676	0.761691717787277	FALSE	1.30208334394762	1.60206389366997	0.990446062241013	0.999999966064718	0.999303897677062
H7_RETINALDETACH	Retinal detachments and breaks	VII Diseases of the eye and adnexa (H7_)	15490	455449	470939	0.0328917333242734	-0.103802482097624	0.118297946587269	0.380233320915174	FALSE	1.30251092749967	1.6030033174009	0.990308285506465	0.999999964293621	0.999281522217352
F5_BEHAVE	Behavioural syndromes associated with physiological disturbances and physical factors	V Mental and behavioural disorders (F5_)	15447	484901	500348	0.0308725127311391	0.0529351784881791	0.0965371621194694	0.583458530489236	FALSE	1.30263042869325	1.6032659111722	0.990269540470264	0.99999996378376	0.999275162727225
H7_GLAUCSUSP	Glaucoma suspect	VII Diseases of the eye and adnexa (H7_)	15413	473757	489170	0.0315084735368072	0.274359145513579	0.144612601615046	0.0578014394560479	FALSE	1.30312335055141	1.60434926527726	0.990108616471645	0.999999961609633	0.999248433475658
KRA_PSY_SCHIZODEL_EXMORE	Schizophrenia or delusion (more control exclusions)	Psychiatric endpoints from Katri Räikkönen	15498	362304	377802	0.0410214874458049	0.212249186628905	0.166595135999808	0.202648560769133	FALSE	1.30387850286791	1.60600957937738	0.989858612136309	0.99999995804704	0.999205897929651
K11_LIVER	Diseases of liver	XI Diseases of the digestive system (K11_)	15135	485213	500348	0.0302489467330738	-0.0381389422812303	0.0967565199397404	0.693452291654755	FALSE	1.30605471203541	1.61079852228044	0.989114449648223	0.999999946027103	0.999071998467153
J10_CHRONRHINITIS	Chronic rhinitis, nasopharyngitis and pharyngitis	X Diseases of the respiratory system (J10_)	15219	371520	386739	0.0393521211980173	-0.00929258444911922	0.0971855380136945	0.923824805016334	FALSE	1.30673501125372	1.61229686835599	0.988874535544174	0.999999941671125	0.999026500200299
ASTHMA_OBESITY	Obesity related asthma	Comorbidities of Asthma	15107	441248	456355	0.0331036145106332	0.282078184326666	0.0975172981648426	0.00382071929476259	FALSE	1.30689290222275	1.61264470782935	0.988818354180622	0.999999940615434	0.999015681389785
H8_EXTERNAL	Diseases of external ear	VIII Diseases of the ear and mastoid process (H8_)	15056	485292	500348	0.0300910566245893	-0.348841217487128	0.103929817678864	0.000789335663723904	FALSE	1.30694026384814	1.61274905362622	0.988801465015994	0.99999994029539	0.999012416857181
AB1_SEXUAL_TRANSMISSION	Infections with a predominantly sexual mode of transmission	I Certain infectious and parasitic diseases (AB1_)	14890	485458	500348	0.029759287535875	-0.0718072018905258	0.120127562804904	0.550001473225247	FALSE	1.30882622054092	1.61690655382531	0.988115075766665	0.999999926200305	0.998874969805585
RHEU_ARTHRITIS_OTH	Other arthritis (FG)	Rheuma endpoints	15011	374317	389328	0.0385561788517651	-0.141048942188278	0.169641623234437	0.405718083104821	FALSE	1.30900497988471	1.61730086443614	0.988048607614421	0.999999924718479	0.998861164636482
N14_POSTMENBLEED	Postmenopausal bleeding	XIV Diseases of the genitourinary system (N14_)	16009	130160	146169	0.109523907258037	0.0300769031887645	0.103786982969084	0.771973408944644	FALSE	1.3111833162239	1.62210927604385	0.98721885979648	0.999999904355591	0.998681464977383
D3_ANAEMIA_IRONDEF_NAS	Other and unspecified iron deficiency	III Diseases of the blood and blood-forming organs and certain disorders involving the immune mechanism (D3_)	14595	477015	491610	0.0296881674498078	0.0684725031921049	0.0986438846885241	0.487595451375634	FALSE	1.3123599966893	1.62470926643711	0.986755341731286	0.999999891386472	0.998575141421081
HYPOTHY_REIMB	Hypothyroidism, drug reimbursement	IV Endocrine, nutritional and metabolic diseases (E4_)	16150	111954	128104	0.126069443577094	0.0637074263024525	0.11753965772612	0.58781304460487	FALSE	1.31296272883236	1.62604177139053	0.986513723724984	0.99999988414333	0.998518029973857
M13_ENTESOPATHYOTH	Other enthesopathies	XIII Diseases of the musculoskeletal system and connective tissue (M13_)	14662	357549	372211	0.0393916353896043	0.12772119344962	0.0994209667076084	0.198914447139998	FALSE	1.31333747178125	1.62687048587573	0.986362063726751	0.999999879421993	0.998481591007371
K11_OTHDISDIG	Other diseases of the digestive system	XI Diseases of the digestive system (K11_)	14423	478189	492612	0.0292786209024547	-0.068963550043836	0.0997291732174013	0.489246172796956	FALSE	1.314406681268	1.62923597934613	0.985923275868699	0.999999864976804	0.998373597927106
AB1_OTHER_VIRAL	Other viral diseases	I Certain infectious and parasitic diseases (AB1_)	14261	486087	500348	0.0285021624949035	0.0438838820079623	0.0997867343580902	0.660098835498097	FALSE	1.3162988233638	1.633425814074	0.985124606284279	0.999999835523534	0.998167245426829
KRA_PSY_ANYMENTAL_SUICID_PREG_NERV_EXMORE	Any mental disorder, or suicide (or attempt), or psychic disorders complicating pregnancy, partum or puerperium or nerve system disorders (more control exclusions)	Psychiatric endpoints from Katri Räikkönen	14265	361333	375598	0.0379794354602527	0.0072864827854658	0.108884834795865	0.946646051680695	FALSE	1.31802649588462	1.63725559216039	0.984370453795498	0.999999803679696	0.997960810344878
N14_FIOTHNAS	Female infertility, cervigal, vaginal, other or unspecified origin	XIV Diseases of the genitourinary system (N14_)	15336	130160	145496	0.105404959586518	0.257338746816081	0.100771592530463	0.0106590115961044	FALSE	1.31807575387253	1.63736484151191	0.984348601712691	0.999999802695246	0.997954661173415
H8_SUP_ACUTE	Acute suppurative otitis media	VIII Diseases of the ear and mastoid process (H8_)	14095	465154	479249	0.0294105986658292	-0.0136476777339764	0.106793941531756	0.898311607386738	FALSE	1.3185950430168	1.63851676863655	0.984117046953703	0.999999792042285	0.99788892230907
C3_BREAST_ERPLUS_EXALLC	Malignant neoplasm of breast, ER-positive, excluding all cancers (controls excluding all cancers)	II Neoplasms, from cancer register (ICD-O-3)	14540	221705	236245	0.0615462761116637	0.045114744629148	0.103200454930975	0.661997889957782	FALSE	1.3190670770409	1.63956418001912	0.983904683045405	0.999999781910997	0.997827701257321
O15_MATERN_CARE_OTHER	Maternal care for other known or suspected fetal problems	XV Pregnancy, childbirth and the puerperium (O15_)	14538	221186	235724	0.0616738219273388	-0.190210226314862	0.104387763318781	0.0684321367152414	FALSE	1.31911703026427	1.63967504005162	0.983882104616369	0.999999780813194	0.997821139927094
L12_URTICARIA	Urticaria	XII Diseases of the skin and subcutaneous tissue (L12_)	13990	482901	496891	0.0281550682141556	0.100037905194265	0.100722024414918	0.320608674191159	FALSE	1.31972497042607	1.64102449183343	0.983605709470125	0.999999767047122	0.997740004107911
O15_PREEC_OR_FETGRO	Pre-eclampsia or poor fetal growth	XV Pregnancy, childbirth and the puerperium (O15_)	14303	267761	282064	0.0507083498780419	0.0157459509894347	0.12438346702704	0.899263334599489	FALSE	1.3199728811661	1.64157492233518	0.983492143136463	0.999999761213057	0.997706230138003
G6_ALZHEIMER	Alzheimer disease	VI Diseases of the nervous system (G6_)	13964	486384	500348	0.0279085756313606	0.872100340551293	0.132016341686965	3.94835066160235e-11	TRUE	1.32001922723981	1.64167783246377	0.9834708572405	0.999999760107888	0.99769987155138
I9_CONDUCTIO	Conduction disorders	IX Diseases of the circulatory system (I9_)	14027	375343	389370	0.0360248606723682	0.203390683587619	0.14217634447877	0.152558592781815	FALSE	1.32073164870023	1.64326010099378	0.983141470680765	0.999999742528776	0.997600338595066
K11_OTHANRECT	Other diseases of anus and rectum	XI Diseases of the digestive system (K11_)	13938	394725	408663	0.0341063419002944	-0.16934670766733	0.1014530143943	0.0950751411570354	FALSE	1.32153682723236	1.64504918757319	0.982764252080339	0.999999721269248	0.997483728806013
I9_NONISCHCARDMYOP	Non-ischemic cardiomyopathy	IX Diseases of the circulatory system (I9_)	13917	402343	416260	0.033433431028684	0.181684616842601	0.104303886543551	0.0815298420334504	FALSE	1.32168633761996	1.64538149019254	0.982693629170391	0.999999717151874	0.997461586126251
K11_HAEMORR	Haemorrhoids and perianal venous thrombosis	XI Diseases of the digestive system (K11_)	13841	394725	408566	0.0338770235408722	-0.161270599789633	0.235519326355659	0.493505065318702	FALSE	1.32278231600568	1.64781831932166	0.982170386752253	0.999999685257117	0.99729448009622
I9_CABG	Coronary artery bypass grafting	IX Diseases of the circulatory system (I9_)	13681	416171	429852	0.0318272335594577	0.0346192904512013	0.111914361155158	0.757064931959891	FALSE	1.32454676820093	1.65174478447706	0.981307447917773	0.999999627062468	0.997007160496596
K11_DENTOFACIAL_ANOMALIES	Dentofacial anomalies [including malocclusion]	XI Diseases of the digestive system (K11_)	13829	310260	324089	0.0426703775814668	-0.0632350934114228	0.15515328136324	0.683592845321724	FALSE	1.32464040629623	1.65195327377135	0.981260942259323	0.999999623719816	0.996991262418397
E4_FLUIDELECTRO	Other disorders of fluid, electrolyte and acid-base balance	IV Endocrine, nutritional and metabolic diseases (E4_)	13550	420066	433616	0.0312488469060182	0.0258262481169973	0.16779895992071	0.877679241583651	FALSE	1.32623145490724	1.65549758200609	0.980459776182737	0.999999562651336	0.996710753812287
M13_DEFORMDORSO	Deforming dorsopathies	XIII Diseases of the musculoskeletal system and connective tissue (M13_)	13532	353224	366756	0.0368964652248361	0.150307749989013	0.103316091136434	0.145715255573299	FALSE	1.32757810612744	1.65850006788434	0.979765460476155	0.999999504162852	0.996457546724519
CD2_BENIGN_MELANOCYTIC	Melanocytic naevi	II Neoplasms from hospital discharges (CD2_)	13357	486991	500348	0.0266954199876886	-0.17953163933056	0.10281694143929	0.0807885450654859	FALSE	1.32804503434697	1.65954168713862	0.979521241354442	0.999999482301417	0.996366258105372
K11_EMBIMPACT_TEETH	Embedded and impacted teeth	XI Diseases of the digestive system (K11_)	13286	487062	500348	0.0265535187509493	0.0550878213647446	0.105855711538094	0.602781458851303	FALSE	1.32902325954505	1.66172483573942	0.97900378501742	0.999999433676622	0.996169016763586
K11_IBS	Irritable bowel syndrome	XI Diseases of the digestive system (K11_)	13268	394725	407993	0.0325201657871581	0.0756870341153275	0.134735385916269	0.574289240073737	FALSE	1.33044506273719	1.66490018797094	0.978237644458089	0.999999355697665	0.995867484506833
ALLERG_ASTHMA	Allergic asthma (mode)	Asthma and related endpoints	13450	270290	283740	0.0474025516317756	0.280768487208774	0.105084393559749	0.00754370332401446	FALSE	1.33080200222288	1.66569776950069	0.978042692250927	0.999999334670599	0.995788951674659
COPD_LATER	Later onset COPD	COPD and related endpoints	13535	215585	229120	0.0590738477653631	0.0223902047616123	0.188541133045897	0.905469450573437	FALSE	1.33195049547062	1.66826521861683	0.977408285983234	0.999999262782808	0.995528339838891
N14_CALCUKIDUR	Calculus of kidney and ureter	XIV Diseases of the genitourinary system (N14_)	12999	486185	499184	0.0260404980928876	-0.0492936533291931	0.161257746312607	0.759846482511972	FALSE	1.33307920816739	1.67079014315971	0.976774209434226	0.999999185445628	0.995260160658823
ST19_FRACT_RIBS_STERNUM_THORACIC_SPINE	Fracture of rib(s), sternum and thoracic spine	XIX Injury, poisoning and certain other consequences of external causes (ST19_)	12995	478997	491992	0.0264130311061969	0.0830335950731441	0.104787016608706	0.428125459538041	FALSE	1.33321152163615	1.67108623771188	0.976699191712436	0.999999175921056	0.995227924246606
N14_FEMALE_GENITAL_DYSPLASIA_ALL	All dysplastic lesions of the cervix uteri, vagina or vulva	XIV Diseases of the genitourinary system (N14_)	13239	268825	282064	0.0469361563333144	-0.0760685966146938	0.132987860992963	0.567324317368664	FALSE	1.33373014713464	1.67224705400079	0.976403754595458	0.999999137621392	0.995099926574462
KRA_PSY_PERSON_EXMORE	Personality disorders (more control exclusions)	Psychiatric endpoints from Katri Räikkönen	13045	362300	375345	0.0347546923497049	0.0870551133084233	0.175203792215007	0.619274267556354	FALSE	1.33412635021967	1.67313409658686	0.97617656117441	0.999999107299817	0.995000364959175
CD2_BENIGN_LIPOMATOUS	Benign lipomatous neoplasm	II Neoplasms from hospital discharges (CD2_)	12917	487431	500348	0.025816032041699	-0.145845220980124	0.104713873086185	0.163681033676689	FALSE	1.33424997670797	1.673410921141	0.976105405435223	0.999999097645766	0.994968980944973
E4_NONTOXIC_THYROID	Nontoxic goitre/thyroid nodule	IV Endocrine, nutritional and metabolic diseases (E4_)	12852	487496	500348	0.0256861224587687	0.159840964604601	0.106249013301855	0.13247852782051	FALSE	1.33519633751869	1.67553068056903	0.975556532914155	0.999999020602907	0.99472366455262
N14_CHRONKIDNEYDIS	Chronic kidney disease	XIV Diseases of the genitourinary system (N14_)	12787	480448	493235	0.0259247620302696	0.0806951265205346	0.105914465386803	0.446125915333202	FALSE	1.33622390107809	1.67783366319856	0.974952202521026	0.9999989303543	0.994446963759383
H7_CONJUNCTIVITISACUNONATOPIC	Conjunctivitis (acute, non atopic)	VII Diseases of the eye and adnexa (H7_)	12787	454779	467566	0.027348010762117	0.00874721131196026	0.170868013162446	0.959171892412975	FALSE	1.33650719000549	1.6784688170107	0.974784064359928	0.999998904204508	0.994368753348594
I9_PULMEMB	Pulmonary embolism	IX Diseases of the circulatory system (I9_)	12762	486319	499081	0.0255709994970756	0.0456094575800469	0.166626747871392	0.784298034897949	FALSE	1.33653272202322	1.67852606679538	0.974768878064631	0.999998901819954	0.994361663121724
L12_PSORIASIS	Psoriasis	XII Diseases of the skin and subcutaneous tissue (L12_)	12760	482181	494941	0.0257808506468448	-0.0404917212672973	0.140809550537835	0.77368070265372	FALSE	1.3366048639198	1.67868783335152	0.974725939456338	0.99999889505728	0.994341592296407
O15_MATERN_CARE_PELVIC_ABNORM	Maternal care for known or suspected abnormality of pelvic organs	XV Pregnancy, childbirth and the puerperium (O15_)	13143	221186	234329	0.0560878081671496	0.0128642926066663	0.107570653101422	0.904808544109089	FALSE	1.33699855932006	1.67957075255617	0.974490857856307	0.999998857493883	0.994231092715776
O15_HAEMORRH_EARLY_PREG	Haemorrhage in early pregnancy	XV Pregnancy, childbirth and the puerperium (O15_)	13013	237906	250919	0.0518613576492813	0.14702026638699	0.114125913949778	0.197666398958139	FALSE	1.33806299304101	1.68195892250228	0.973848877225283	0.999998750176249	0.993924041896171
F5_ALCOHOL_DEPENDENCE	Alcohol dependence	V Mental and behavioural disorders (F5_)	12599	468475	481074	0.0261893180674907	0.244095571365283	0.108814788563709	0.0248825948608185	FALSE	1.33915903724534	1.68441957369528	0.973178088906138	0.999998630386392	0.993594969465451
I9_PAROXTAC	Paroxysmal tachycardia	IX Diseases of the circulatory system (I9_)	12878	252810	265688	0.0484703863177863	-0.0143457152190376	0.110976299515861	0.89714537070182	FALSE	1.33940222111475	1.68496574306712	0.973027919488831	0.999998602463762	0.993520149798214
N14_ABNORMALBLEED	Other abnormal uterine and vaginal bleeding	XIV Diseases of the genitourinary system (N14_)	13509	130160	143669	0.0940286352657846	0.0697333225971796	0.11071482798349	0.528795162562483	FALSE	1.33964252325647	1.68550551684712	0.972879052263417	0.999998574376086	0.993445564527434
H7_AMD	Age-related macular degeneration (whether dry or wet)	VII Diseases of the eye and adnexa (H7_)	12495	461686	474181	0.0263506973075682	-0.0843466762417743	0.171174478798016	0.622187378506517	FALSE	1.34081682138988	1.68814435392458	0.972144754807307	0.999998429773464	0.99307164546696
U22_COVID19_CONFIRMED	Covid-19 confirmed case	XXII Codes for special purposes (U22_)	12478	478886	491364	0.0253946158041696	-0.109266556873481	0.106109742838311	0.303127159915673	FALSE	1.34089154406382	1.68831232926292	0.972097647283179	0.999998420146348	0.993047316284094
I9_CAVS_OPERATED	Calcific aortic valvular stenosis, operated	IX Diseases of the circulatory system (I9_)	12418	487930	500348	0.0248187261665881	0.0614352225925374	0.109314180941062	0.574111949738741	FALSE	1.34172444598156	1.6901851767371	0.971569461816163	0.99999830923493	0.992771722461069
H8_OTHHEARINGLOSS	Other hearing loss	VIII Diseases of the ear and mastoid process (H8_)	12430	437331	449761	0.0276369004871476	-0.0607468164924185	0.108367593946307	0.575095776885228	FALSE	1.34210493338359	1.69104103743677	0.971326284822451	0.999998256308661	0.992643109582205
K11_CHRONGASTR	Chronic gastritis	XI Diseases of the digestive system (K11_)	12441	423785	436226	0.0285196205636528	0.184765170000385	0.10836836929076	0.0881994148649476	FALSE	1.34210960449401	1.69105154572281	0.971323292061572	0.999998255649875	0.992641519974074
DM_RETINOPATHY	Diabetic retinopathy	Diabetes endpoints	14142	82287	96429	0.146657125968329	-0.173424869907283	0.108245445809279	0.10912361001248	FALSE	1.34240751287714	1.6917217897091	0.971132054693724	0.999998213175815	0.992539602616774
ST19_FRACT_FEMUR	Fracture of femur	XIX Injury, poisoning and certain other consequences of external causes (ST19_)	12229	476877	489106	0.0250027601378842	0.0463452534840952	0.109007008693026	0.670721153575995	FALSE	1.34480158815373	1.69711230000927	0.969568902286818	0.999997837159326	0.991681442651222
M13_GOUT	Gout	XIII Diseases of the musculoskeletal system and connective tissue (M13_)	12342	315115	327457	0.0376904448523012	-0.125696641965475	0.11106322011032	0.257736363557329	FALSE	1.34557954836011	1.69886558245487	0.969050901213091	0.999997700723898	0.991387252697044
M13_SOFTOVERUSE	Soft tissue disorders related to use, overuse and pressure	XIII Diseases of the musculoskeletal system and connective tissue (M13_)	12261	357549	369810	0.0331548633081853	-0.0579453068143167	0.108482520529267	0.59324178631297	FALSE	1.34595570128234	1.69971360078416	0.968798678271727	0.9999976320667	0.991242249345765
H7_BLEPHAROCHALASIS	Blepharochalasis	VII Diseases of the eye and adnexa (H7_)	12170	453930	466100	0.0261102767646428	-0.0454000397326146	0.109605409722016	0.67871776018916	FALSE	1.34599366189591	1.69979919146896	0.968773160640505	0.999997625038258	0.991227515230439
H7_REFRAACCOMMODIS	Disorders of refraction and accommodation	VII Diseases of the eye and adnexa (H7_)	12151	476776	488927	0.0248523808257674	0.0590842871014581	0.121271860376446	0.626112884949239	FALSE	1.34604798812503	1.69992168538884	0.968736621488317	0.999997614947618	0.991206396730764
K11_FUNCDYSP	Functional dyspepsia	XI Diseases of the digestive system (K11_)	12179	423785	435964	0.0279357928636309	-0.146819970413243	0.107919633506495	0.173685499149823	FALSE	1.34622110430594	1.70031205091034	0.96862002601024	0.999997582539402	0.991138847145099
H8_NONSUPPNAS	Nonsuppurative otitis media	VIII Diseases of the ear and mastoid process (H8_)	12143	465154	477297	0.0254411823246323	-0.0774712667656253	0.109716292472775	0.480122592783404	FALSE	1.34630061496573	1.70049135539543	0.968566393353691	0.999997567524585	0.991107692783283
K11_GASTRODUOULC	Gastroduodenal ulcer	XI Diseases of the digestive system (K11_)	12074	423785	435859	0.0277016191015902	-0.282700036324713	0.109470811816251	0.00981090082374118	FALSE	1.34791027662994	1.70412309182609	0.967469617101715	0.999997245296294	0.990459258189077
K11_FISTULA	Colonic or urogenital fistula	XI Diseases of the digestive system (K11_)	12025	488323	500348	0.0240332728421019	-0.320872104074363	0.109062719602872	0.00326007410158886	FALSE	1.34797080804153	1.70425972996002	0.967427964269695	0.999997232476415	0.990434207595652
F5_ALCOHOLAC	Acute alcohol intoxication	V Mental and behavioural disorders (F5_)	12032	468475	480507	0.0250402179364713	0.0697894328410959	0.123407688032641	0.571720581437302	FALSE	1.34806144974517	1.70446434535551	0.967365536692124	0.99999721318102	0.990396604774448
H8_BPV	Benign paroxysmal vertigo	VIII Diseases of the ear and mastoid process (H8_)	12006	474839	486845	0.0246608263410326	0.130149191683651	0.108802237751011	0.231618682644439	FALSE	1.34841881825386	1.70527117752566	0.967118761113321	0.999997135943883	0.990247280628927
OTHER_SYSTCON_FG	Other systemic involvement of connective tissue (FG)	Rheuma endpoints	12032	374317	386349	0.0311428268223808	-0.0435375343423333	0.151317562782226	0.77355882710455	FALSE	1.34932806658481	1.70732474808306	0.966486256293741	0.999996930849243	0.989859603171217
RHEUMA_SEROPOS_WIDE	Seropositive rheumatoid arthritis, wide	Rheuma endpoints	11918	488425	500343	0.0238196597134366	-0.0208132286544674	0.159935755504017	0.896459673424905	FALSE	1.34973052578992	1.70823406400946	0.966204169965646	0.999996836007578	0.989684417282576
K11_UMBHER	Umbilical hernia	XI Diseases of the digestive system (K11_)	11934	426666	438600	0.0272093023255814	-0.163231054533943	0.109606514008042	0.136422620990543	FALSE	1.35016330256104	1.7092121170699	0.965899383840224	0.999996731147349	0.989493552571839
PRIM_COXARTHROSIS	Primary coxarthrosis, bilateral	Rheuma endpoints	11863	469546	481409	0.0246422480676514	0.109442505978732	0.137421740139611	0.425800288025482	FALSE	1.35083930816241	1.7107403474353	0.965420300440206	0.999996561221432	0.989190227806564
O15_LABOUR_FETAL_STRESS	Labour and delivery complicated by fetal stress [distress]	XV Pregnancy, childbirth and the puerperium (O15_)	12168	214925	227093	0.0535815723073807	-0.11690026648	0.112393970436071	0.298296345891009	FALSE	1.35180240451897	1.71291863498089	0.964731450031683	0.999996305702572	0.988747027435437
O15_GESTAT_HYPERT	Gestational [pregnancy-induced] hypertension	XV Pregnancy, childbirth and the puerperium (O15_)	12050	259313	271363	0.0444054642674204	-0.0431433577101032	0.110134136278246	0.695254282535658	FALSE	1.35182196068919	1.71296287886847	0.964717385948177	0.999996300345558	0.988737892195382
K11_ABRASION	Abrasion of teeth	XI Diseases of the digestive system (K11_)	12733	114335	127068	0.100206188812289	0.182733601355224	0.155677317675128	0.240476261265067	FALSE	1.35284968988043	1.71528872119297	0.963973999916792	0.999996009020764	0.988250121064137
C3_COLORECTAL_EXALLC	Colorectal cancer, excluding all cancers (controls excluding all cancers)	II Neoplasms, from cancer register (ICD-O-3)	11790	378749	390539	0.0301890464204599	0.161643249550607	0.111729958146724	0.147972139454436	FALSE	1.3532608139913	1.71621952026912	0.963674273732791	0.999995886949479	0.98805073840436
DM_RETINOPATHY_EXMORE	Diabetic retinopathy (more control exclusions)	Diabetes endpoints	14142	59084	73226	0.193128123890421	-0.155215903894616	0.112557077663709	0.167895592667476	FALSE	1.35367843637036	1.71716525907184	0.963368439418746	0.999995759600581	0.987845688452068
K11_ILEUS	Paralytic ileus and intestinal obstruction	XI Diseases of the digestive system (K11_)	11750	394725	406475	0.0289070668552802	-0.0353612882342828	0.119306569313144	0.766932170687882	FALSE	1.3536863419799	1.71718316415836	0.963362636654662	0.999995757156819	0.987841782289438
G6_MIGRAINE_WITH_AURA	Migraine with aura	VI Diseases of the nervous system (G6_)	11757	374605	386362	0.0304300112329888	-0.000856694207531397	0.111215085500059	0.99385392441478	FALSE	1.35388603375128	1.71763546499101	0.963215897865781	0.999995695016817	0.987742810966514
I9_HYPTENSHD	Hypertensive Heart Disease	IX Diseases of the circulatory system (I9_)	11728	345634	357362	0.0328182627139987	-0.124251373449629	0.116271437407907	0.285235543743634	FALSE	1.35490001593877	1.71993293796063	0.962465941098798	0.999995366987697	0.987231192713967
O15_COMPLIC_PUERP	Complications predominantly related to the puerperium	XV Pregnancy, childbirth and the puerperium (O15_)	11836	270228	282064	0.0419621078904079	0.0801526469537634	0.136378410132782	0.556718635588339	FALSE	1.35496843806832	1.72008801694561	0.962415043337701	0.999995344083043	0.987196120215324
L12_ABSCESS_CUT	Cutaneous abscess, furuncle and carbuncle	XII Diseases of the skin and subcutaneous tissue (L12_)	11581	470507	482088	0.0240225850881997	0.0239389602038572	0.197117800812617	0.903338620445932	FALSE	1.35563343363974	1.72159555201213	0.961918451101394	0.999995116242945	0.986851602346374
VWXY20_SUICI_OTHER_INTENTI_SELF_H	Suicide or other Intentional self-harm	Psychiatric endpoints from Katri Räikkönen	11538	488810	500348	0.0230599502746089	-0.00124009611433037	0.114582950828369	0.991364908820844	FALSE	1.35619780209488	1.72287542264051	0.961494282379003	0.999994915266361	0.98655399512339
O15_POSTPART_HEAMORRH_ALLW	Postpartum haemorrhage	XV Pregnancy, childbirth and the puerperium (O15_)	11734	270330	282064	0.0416004878325486	0.193469804561238	0.111286354015206	0.0821251576994793	FALSE	1.3566766430427	1.72396166270886	0.961132440563088	0.999994739097513	0.986297698728636
J10_INFLUENZA	All influenza	X Diseases of the respiratory system (J10_)	11558	415538	427096	0.0270618315320209	0.0275207669935903	0.184828382680848	0.881633306220576	FALSE	1.35668842897622	1.72398840263535	0.961123511800589	0.999994734694769	0.986291346294653
AB1_MYCOSES	Mycoses	I Certain infectious and parasitic diseases (AB1_)	11371	488977	500348	0.0227261825769265	-0.111167874692101	0.111270042712068	0.317755066324716	FALSE	1.35915319753523	1.72958447798681	0.95923252881088	0.999993739881904	0.984915695962226
N14_CERVICAL_DYSPLASIA_ALL	All dysplastic lesions of the cervix uteri	XIV Diseases of the genitourinary system (N14_)	11576	270488	282064	0.0410403312723354	-0.130909345692427	0.154448556349361	0.396665285596707	FALSE	1.35937226130826	1.73008223215322	0.959062186394623	0.999993643989658	0.984788831888413
N14_POSTMENATRVAG	Postmenopausal atrophic vaginitis	XIV Diseases of the genitourinary system (N14_)	12046	130160	142206	0.0847080995176012	0.0838279550964304	0.168256460291105	0.61833224828617	FALSE	1.3607959736925	1.73331871020638	0.957946127491761	0.999992988889158	0.983945710892681
M13_IMPINGEMENT	Impingement syndrome of shoulder	XIII Diseases of the musculoskeletal system and connective tissue (M13_)	11331	357549	368880	0.0307173064411191	0.0953274503817394	0.113285284450462	0.400078347110745	FALSE	1.36160967313479	1.73516966102906	0.957301294091755	0.999992588601897	0.983449195383119
K11_OTHENTERCOL	Other noninfective gastroenteritis and colitis	XI Diseases of the digestive system (K11_)	11212	476577	487789	0.022985348173083	-0.0766784965290095	0.111889418765692	0.493150809693201	FALSE	1.36215910960314	1.73641997504177	0.956863029153197	0.999992307164305	0.983107839641218
O15_PRETERM	Preterm labour and delivery	XV Pregnancy, childbirth and the puerperium (O15_)	11405	214925	226330	0.0503910219590863	0.0185205624253439	0.113184571105538	0.870021236618941	FALSE	1.36456444522441	1.74189829165874	0.954917505186381	0.999990962439474	0.981554783079453
AB1_VIRAL_OTHER_INTEST_INFECTIONS	Viral and other specified intestinal infections	I Certain infectious and parasitic diseases (AB1_)	11050	444292	455342	0.0242674736791247	-0.0880900005885029	0.113887231247733	0.439235737552463	FALSE	1.36551663496153	1.74406906616694	0.954135339956889	0.999990376109226	0.980913208814982
THYROTOXICOSIS	Thyrotoxicosis	Comorbidities of Gastrointestinal endpoints	11003	486722	497725	0.0221065849615752	0.126102363617178	0.113287789334319	0.265658943713821	FALSE	1.36595302652626	1.74506433640374	0.9537746140249	0.999990096518311	0.980614029813793
ST19_FRACT_FOOT_ANKLE	Fracture of foot, except ankle	XIX Injury, poisoning and certain other consequences of external causes (ST19_)	10987	462569	473556	0.0232010575306827	-0.0110900261998097	0.130733862721219	0.932397317537009	FALSE	1.36650194405782	1.74631659723124	0.953318866354472	0.999989734824822	0.980233084497683
K11_IBD_STRICT	Inflammatory bowel disease, strict (require KELA)	XI Diseases of the digestive system (K11_)	10960	489388	500348	0.0219047542910135	-0.035919143637762	0.211225761259512	0.864970059350134	FALSE	1.36674402634996	1.74686899186121	0.953117165014817	0.999989571698818	0.980063437984534
O15_LABOUR_LONG	Long labour	XV Pregnancy, childbirth and the puerperium (O15_)	11260	214925	226185	0.0497822578862436	-0.0163162200755554	0.216004212018693	0.939787791692808	FALSE	1.36715241175672	1.74780103885142	0.952775920525415	0.99998929140296	0.979774961317669
H7_GLAUCOMA_POAG	Primary open-angle glaucoma, strict	VII Diseases of the eye and adnexa (H7_)	10832	473757	484589	0.0223529630263997	0.0604127002930046	0.191226695100852	0.752061790988101	FALSE	1.36936054244147	1.75284438371628	0.950909624911744	0.999987659667901	0.978164949825007
G6_AD_WIDE	Alzheimer’s disease, wide definition	VI Diseases of the nervous system (G6_)	10821	485932	496753	0.0217834618009353	1.03546939759636	0.11860439793495	2.53668291372885e-18	TRUE	1.36945389300475	1.75305773615213	0.950829942283516	0.999987586180065	0.978095001854203
M13_FIBROBLASTIC	Fibroblastic disorders	XIII Diseases of the musculoskeletal system and connective tissue (M13_)	10869	357549	368418	0.0295018158721887	0.0196316792232946	0.158077697197992	0.901164789659318	FALSE	1.37020729462248	1.75478005142897	0.950184539800057	0.999986979070491	0.977524831125518
N14_OTHNONINFUTER	Other noninflammatory disorders of uterus, except cervix	XIV Diseases of the genitourinary system (N14_)	11466	130160	141626	0.0809597107875673	0.0717635689882616	0.134843209630917	0.594587417117177	FALSE	1.37042490396935	1.75527765619193	0.949997361131379	0.99998679899832	0.977358270332747
K11_ANOMALI_DENTAL_ARCH_RELATIONS1	Anomalies of dental arch relationship, including avohilmo	XI Diseases of the digestive system (K11_)	10708	489640	500348	0.0214011048310376	0.102039435454687	0.249793572878426	0.682910271521175	FALSE	1.3716369882695	1.75805045082864	0.948948547331691	0.999985756012185	0.976415053696416
AB1_OTHER_SPIROCHAETAL	Other spirochaetal diseases	I Certain infectious and parasitic diseases (AB1_)	10678	489670	500348	0.0213411465619929	-0.131729400347417	0.114665184852575	0.250631136182325	FALSE	1.3722322775789	1.75941295463881	0.948429596351211	0.999985218181793	0.975942153003896
NIV	Non-invasive ventilation	Interstitial lung disease endpoints	10936	211497	222433	0.0491653666497327	0.0374576879184362	0.12658775016374	0.767304202888187	FALSE	1.37331275350025	1.76188714434688	0.947481246336376	0.999984197045926	0.975067436686463
O15_DELIV_FORCEP_VAC	Single delivery by forceps and vacuum extractor	XV Pregnancy, childbirth and the puerperium (O15_)	11333	119890	131223	0.0863644330643256	0.00216457159963374	0.159893821754628	0.989198922820726	FALSE	1.37423973491734	1.76401106480838	0.946661053159037	0.999983272973546	0.974300037483315
M13_MYALGIA	Myalgia	XIII Diseases of the musculoskeletal system and connective tissue (M13_)	10632	357549	368181	0.0288771012083731	0.130600332056566	0.206040217968055	0.526173207396575	FALSE	1.37485831920665	1.76542900507421	0.946110377754149	0.999982630709076	0.973779181571814
AB1_LYME	Lyme disease	I Certain infectious and parasitic diseases (AB1_)	10516	489832	500348	0.0210173719091512	-0.149102133373325	0.115516967630024	0.19679456233121	FALSE	1.37549566569001	1.76689047688986	0.94554020907153	0.99998194682657	0.973235153803459
H7_VISUDISTURBSUB	Subjective visual disturbances	VII Diseases of the eye and adnexa (H7_)	10482	475933	486415	0.0215494999126261	-0.117800075533686	0.116054041995673	0.310084375309828	FALSE	1.37632597957405	1.76879523190733	0.944793186493209	0.999981021162165	0.972515133850953
M13_OSTEOPOROSIS	Osteoporosis	XIII Diseases of the musculoskeletal system and connective tissue (M13_)	10461	473264	483725	0.0216259238203525	0.0088401190260254	0.118460757023716	0.94051318298479	FALSE	1.3767842834208	1.76984697586589	0.944378818978361	0.999980492932476	0.972112219509554
K11_VENTHER	Ventral hernia	XI Diseases of the digestive system (K11_)	10405	426666	437071	0.0238062008232072	-0.138544213590133	0.16465042390321	0.400098896764685	FALSE	1.37846103099748	1.77369722326412	0.94285056369983	0.999978451027347	0.970604643069786
J10_PERITONSABSC	Peritonsillar abscess	X Diseases of the respiratory system (J10_)	10405	371520	381925	0.0272435687635007	-0.00928280834200678	0.117249779005873	0.936896433840661	FALSE	1.37924227662873	1.77549242279711	0.942131984782857	0.999977438564438	0.969884159373566
M13_CERVICOBRACHSDR	Cervicobrachial syndrome	XIII Diseases of the musculoskeletal system and connective tissue (M13_)	10325	353224	363549	0.0284005732377204	-0.113759874410719	0.11865387876453	0.337682715151015	FALSE	1.38122343257308	1.78004843942661	0.940291393018447	0.999974686017984	0.968005202317809
M13_ENTESOPATHYLOW	Enthesopathies of lower limb, excluding foot	XIII Diseases of the musculoskeletal system and connective tissue (M13_)	10315	353224	363539	0.0283738470975604	-0.128616458215526	0.117348828384302	0.273070785375399	FALSE	1.38143349310677	1.78053181173792	0.940094706037132	0.999974377963842	0.967801591941828
O15_LABOUR_MALPOS	Obstructed labour due to malposition and malpresentation of fetus	XV Pregnancy, childbirth and the puerperium (O15_)	10484	214925	225409	0.0465110088771966	0.0135476924135497	0.118661060395554	0.909101969738643	FALSE	1.38201250792807	1.78186448719402	0.939551047535127	0.999973512145755	0.96723598376641
O15_MEMBR_PREMAT_RUPT	Premature rupture of membranes	XV Pregnancy, childbirth and the puerperium (O15_)	10408	221186	231594	0.0449407152171472	0.00790043656567407	0.119797894593371	0.947419191941925	FALSE	1.38327354944059	1.78476845069795	0.938359402872487	0.999971539346521	0.965981865776333
M13_GANGLION	Ganglion	XIII Diseases of the musculoskeletal system and connective tissue (M13_)	10146	357549	367695	0.0275935218047567	-0.100589905922527	0.141299030586575	0.476530532517709	FALSE	1.38495957149443	1.78865432150977	0.936750050641082	0.999968706222831	0.964257169861038
H7_STRABOTH	Other strabismus	VII Diseases of the eye and adnexa (H7_)	10045	476776	486821	0.0206338674790118	0.00450477859564037	0.147086798462406	0.97556727385212	FALSE	1.385608083781	1.79014997457643	0.936126172967115	0.99996755407741	0.96357911148933
K11_OTHGASTR	Other gastritis (incl. Duodenitis)	XI Diseases of the digestive system (K11_)	10062	423785	433847	0.0231925079578746	-0.0618674030066343	0.118637874482047	0.602031705239283	FALSE	1.38581715486652	1.79063226895535	0.935924473262176	0.999967175005692	0.963358772655352
H8_TINNITUS	Tinnitus	VIII Diseases of the ear and mastoid process (H8_)	10008	437331	447339	0.0223722948368016	-0.161910345376283	0.118922347873961	0.173362189948049	FALSE	1.38684556454094	1.79300548160256	0.934928298155041	0.999965254844788	0.962262544427293
N14_ENDOMETRIOSIS_ASRM_STAGE3_4	Endometriosis ASRM stages 3,4	XIV Diseases of the genitourinary system (N14_)	10127	271937	282064	0.0359031992739237	-0.0684816734479482	0.119057753785375	0.565158011031734	FALSE	1.38732594755898	1.79411451268515	0.934460692702102	0.999964325591898	0.961743412230238
H7_IRIDOCYCLITIS	Iridocyclitis	VII Diseases of the eye and adnexa (H7_)	9958	473095	483053	0.0206147151554798	-0.12515538793143	0.119296587290438	0.294126933893188	FALSE	1.38757480768144	1.79468915954497	0.934217884408895	0.999963835922828	0.961472705034592
I9_AORTANEUR	Aortic aneurysm	IX Diseases of the circulatory system (I9_)	9937	463106	473043	0.0210065469735309	-0.0638943295027675	0.121204979083392	0.598082983435058	FALSE	1.38814597689084	1.79600836155045	0.933659146529721	0.999962690357344	0.960846811912446
CD2_PRIMARY_LYMPHOID_HEMATOPOIETIC_EXALLC	Primary_lymphoid and hematopoietic malignant neoplasms (controls excluding all cancers)	II Neoplasms from hospital discharges (CD2_)	9960	378749	388709	0.0256232811692037	-0.146094494587751	0.119672166664723	0.222165825052465	FALSE	1.38869616511868	1.79727950798977	0.933119020532181	0.999961557787306	0.960237867793703
CD2_BENIGN_COLON_NOS	Benign neoplasm: Colon, unspecified	II Neoplasms from hospital discharges (CD2_)	9883	490465	500348	0.0197522524323071	-0.249079127516312	0.119740902281534	0.0375117080534287	FALSE	1.38909622371671	1.79820404565631	0.932725106042462	0.999960715997858	0.959791358488889
I9_PHLETHROM	Phlebitis and thrombophlebitis (not including DVT)	IX Diseases of the circulatory system (I9_)	9750	432223	441973	0.0220601710964244	0.0346049791689352	0.120339258280606	0.773682154762088	FALSE	1.39274628455958	1.80664901486926	0.929086216664891	0.999952283873509	0.955572100270929
ST19_FRACT_SKULL_FACIAL_BONES	Fracture of skull and facial bones	XIX Injury, poisoning and certain other consequences of external causes (ST19_)	9677	430988	440665	0.0219599922843884	0.0741078366488281	0.14739111269711	0.615106872563513	FALSE	1.39446061808041	1.81062139177294	0.927349763363345	0.999947822102605	0.953499729742011
F5_BEHEMOCHILD	Behavioural and emotional disorders with onset usually occurring in childhood and adolescence	V Mental and behavioural disorders (F5_)	9640	490708	500348	0.0192665904530447	-0.129436458901439	0.125543661739764	0.302537294999558	FALSE	1.39471125997037	1.81120248951608	0.927094451125552	0.99994714109274	0.9531918749181
G6_MIGRAINE_NO_AURA	Migraine without aura	VI Diseases of the nervous system (G6_)	9690	374605	384295	0.025215004098414	0.118487984802583	0.122373513343566	0.332920220799264	FALSE	1.39492254325084	1.81169240047125	0.926878948516131	0.999946561193321	0.952931398137858
NONALLERG_ASTHMA_EXMORE	Non-allergic asthma (mode) (more control exclusions)	Asthma and related endpoints	9758	259839	269597	0.0361947647785398	0.108457389315173	0.175857462978195	0.537409768297948	FALSE	1.39593025552541	1.81402982496045	0.92584757747413	0.999943720740247	0.95167691312769
C3_BRONCHUS_LUNG_EXALLC	Malignant neoplasm of bronchus and lung, excluding all cancers (controls excluding all cancers)	II Neoplasms, from cancer register (ICD-O-3)	9639	378749	388388	0.024817965539615	0.0268924055780409	0.179220172695205	0.880723324451141	FALSE	1.39605487352609	1.81431897295996	0.925719629715625	0.999943360770867	0.951520382891425
U22_COVID19_SUSPECTED	Covid-19 suspected case	XXII Codes for special purposes (U22_)	9587	478886	488473	0.0196264686072721	-0.174840851762575	0.120656062485521	0.147313935662537	FALSE	1.39607813064801	1.81437293811739	0.925695741365829	0.999943293375719	0.951491136067649
O15_PRE_OR_ECLAMPSIA	Pre-eclampsia or eclampsia	XV Pregnancy, childbirth and the puerperium (O15_)	9717	259181	268898	0.0361363788499729	0.0681901598265322	0.23543606829891	0.77209667682264	FALSE	1.39689776145047	1.8162752368004	0.924851902466976	0.999940874550172	0.950453584054448
C3_BREAST_ERNEG_EXALLC	Malignant neoplasm of breast, ER-negative, excluding all cancers (controls excluding all cancers)	II Neoplasms, from cancer register (ICD-O-3)	9724	221705	231429	0.0420172061409763	-0.171023447586656	0.132612910234799	0.197174281906348	FALSE	1.39816068451025	1.81920809845485	0.923544267737589	0.999936977206147	0.948828875448945
COPD_EARLY	Early onset COPD	COPD and related endpoints	9491	477322	486813	0.019496192583189	0.240795242590831	0.219065397502489	0.271683709998724	FALSE	1.39839890148095	1.81976153844171	0.923296618459445	0.999936218306413	0.948518882827585
H8_EXTOTITIS	Otitis externa	VIII Diseases of the ear and mastoid process (H8_)	9471	485292	494763	0.019142498529599	-0.240093824811213	0.121394489593106	0.0479514563757977	FALSE	1.39880917151118	1.82071487603644	0.922869366112221	0.999934893222738	0.947982368294612
AD_LO_EXMORE	Alzheimer’s disease (Late onset) (more control exclusions)	Neurological endpoints	9690	216472	226162	0.0428453940096037	1.11574680624011	0.212673392688458	1.55190525772423e-07	TRUE	1.39918549627959	1.82158952873057	0.922476646870702	0.999933657444073	0.947487320460083
O15_PREG_MATERN_CARE	Maternal care for other conditions predominantly related to pregnancy	XV Pregnancy, childbirth and the puerperium (O15_)	9628	237906	247534	0.0388956668578862	-0.135726182259404	0.122569612891919	0.26814714286817	FALSE	1.39972658441411	1.82284744771246	0.921910623058819	0.999931846014848	0.946770628349257
L12_CELLULITIS	Cellulitis	XII Diseases of the skin and subcutaneous tissue (L12_)	9428	470507	479935	0.0196443268359257	-0.085686853864155	0.121951952977249	0.482287623406464	FALSE	1.39999947415769	1.8234820053279	0.921624550192089	0.999930916760737	0.946406983011968
K11_DISORD_TEETH	Other disorders of teeth and supporting structures	XI Diseases of the digestive system (K11_)	9515	310260	319775	0.0297552966929873	-0.145785269422703	0.12227798100599	0.233165328129362	FALSE	1.4002778891143	1.82412951099211	0.921332267444701	0.999929957721464	0.946034460601736
TRAUMBRAIN_NONCONCUS	severe traumatic brain injury, does not include concussion	Neurological endpoints	9395	490953	500348	0.0187769312558459	0.0664212156399924	0.129782949620858	0.60880014783891	FALSE	1.40061756798134	1.82491963420543	0.920975099863142	0.99992877249698	0.945577895741873
N14_FEMGENPAIN	Pain and other conditions associated with female genital organs and menstrual cycle	XIV Diseases of the genitourinary system (N14_)	9904	130160	140064	0.0707105323280786	0.0446047319585919	0.123156837214327	0.717218806449621	FALSE	1.40099963919005	1.82580854563995	0.920572612486605	0.999927419234035	0.945061632557057
M13_CERVICALGIA	Cervicalgia	XIII Diseases of the musculoskeletal system and connective tissue (M13_)	9398	353224	362622	0.0259167948993718	-0.0432465433000374	0.123455697776875	0.726113490082272	FALSE	1.40226920909516	1.82876364326219	0.919229584269486	0.999922766180816	0.943325510070896
N14_PHIMOSIS	Redundant prepuce, phimosis and paraphimosis	XIV Diseases of the genitourinary system (N14_)	9687	153573	163260	0.0593348033811099	0.158965393108124	0.123363987329019	0.197541246342996	FALSE	1.40336643704824	1.83131928489215	0.918061989873176	0.999918545320722	0.941799526830362
FE	Focal epilepsy	VI Diseases of the nervous system (G6_)	9275	484703	493978	0.0187761398280895	0.0141064226362011	0.123112446609576	0.908776754901898	FALSE	1.40366350916631	1.83201148946177	0.917744780914099	0.99991736980525	0.94138230396643
RX_INFERTILITY	Medical treatment for female infertility	Drug purchase endpoints	9381	272683	282064	0.0332584094389926	0.139409304057978	0.196441264650653	0.477906173608454	FALSE	1.40449876482061	1.83395832634257	0.916850453041194	0.999913988189241	0.940199959730604
G6_XTRAPYROTH	Other extrapyramidal and movement disorders in other diseases	VI Diseases of the nervous system (G6_)	9197	484084	493281	0.0186445454011	-0.273772257855027	0.124264198563829	0.0275844112275328	FALSE	1.40564692333527	1.83663597031815	0.915615238644409	0.999909151080669	0.938552407646874
CPAP	Continuous positive airway pressure	Interstitial lung disease endpoints	9427	211497	220924	0.042670782712607	0.0949121656637626	0.128936635892738	0.461660837943395	FALSE	1.40566770140502	1.83668444311114	0.915592823234405	0.999909061489556	0.938522354910389
D3_BLOODOTHER	Other diseases of blood and blood-forming organs, wide	III Diseases of the blood and blood-forming organs and certain disorders involving the immune mechanism (D3_)	9124	491224	500348	0.0182353082254751	-0.046721451978262	0.123616888869855	0.705465040584639	FALSE	1.40745880103345	1.84086498284812	0.913652417236526	0.999901055569351	0.935900159731952
L12_SEBORRKERAT	Seborrhoeic keratosis	XII Diseases of the skin and subcutaneous tissue (L12_)	9078	465673	474751	0.01912160269278	0.24931805944015	0.179739954842895	0.165409969173585	FALSE	1.40889461081419	1.84421927263495	0.912085426302346	0.999894220017685	0.933753143916651
ST19_FRACT_LUMBAR_SPINE_PELVIS	Fracture of lumbar spine and pelvis	XIX Injury, poisoning and certain other consequences of external causes (ST19_)	9061	481639	490700	0.0184654575096801	0.151974527637417	0.124995948440695	0.224047543254033	FALSE	1.40918589173263	1.84490008091212	0.911766304569951	0.999892786311635	0.933312718197092
K11_IMPACTED_TEETH	Impacted teeth	XI Diseases of the digestive system (K11_)	9055	491293	500348	0.0180974042066722	0.00436538722203184	0.126916611122671	0.972561602666518	FALSE	1.40925538034064	1.84506251234293	0.911690113485786	0.999892441899911	0.933207407457807
F5_PERSMOOD	Persistent mood disorders	V Mental and behavioural disorders (F5_)	9001	434831	443832	0.0202801961102399	-0.0963406495136124	0.126273246335893	0.445490966221907	FALSE	1.41124471953097	1.84971531222845	0.909499081412776	0.999882183359327	0.930153155502069
M13_OTHERBONE	Other disorders of bone	XIII Diseases of the musculoskeletal system and connective tissue (M13_)	8983	473264	482247	0.0186273838924866	0.103205755050313	0.134274478839128	0.442120233091615	FALSE	1.41132157972579	1.84989518143375	0.909414051868843	0.999881771225913	0.930033628534931
F5_PSYCHOTH	Other and unspecified nonorganic psychotic disorders	V Mental and behavioural disorders (F5_)	8976	484776	493752	0.0181791668691975	0.190052484677409	0.156018933351842	0.223171795527916	FALSE	1.41140009938913	1.85007894209332	0.909327157820281	0.999881348956106	0.929911404262136
F5_BIPO	Bipolar affective disorders	V Mental and behavioural disorders (F5_)	8946	434831	443777	0.0201587734380105	0.10879719631089	0.192081113780663	0.571113213734149	FALSE	1.41270734967104	1.85313949770074	0.907876259530325	0.999874132245805	0.927859249368818
APPENDACUT_COMPLIC	Acute appendicitis, with complications	XI Diseases of the digestive system (K11_)	8921	458424	467345	0.019088681808942	0.0472432961947042	0.148438266516661	0.750280909599789	FALSE	1.41312417050657	1.8541158333128	0.90741197418012	0.999871755909871	0.927198077643844
O15_PREECLAMPS	Pre-eclampsia	XV Pregnancy, childbirth and the puerperium (O15_)	9023	259313	268336	0.0336257527875499	0.119934678556931	0.265501863579232	0.651464801242667	FALSE	1.4139955353218	1.856157595668	0.906438820968063	0.99986666766443	0.925805263909481
F5_SUBSNOALCO	Substance use, excluding alcohol	V Mental and behavioural disorders (F5_)	8840	468475	477315	0.0185202643956297	0.0328844013561723	0.129058092167124	0.798875184472529	FALSE	1.4152172257831	1.85902189763289	0.905068649242373	0.999859252595162	0.923828360321667
H7_IRIDOCYC_ANTER	Anterior Iridocyclitis	VII Diseases of the eye and adnexa (H7_)	8803	491545	500348	0.0175937547466963	-0.12742539392434	0.126678917962383	0.314467206808936	FALSE	1.416016943712	1.86089792029147	0.904168139533186	0.999854216082252	0.922519109913518
POLLENALLERG	Pollen allergy	Comorbidities of Asthma	8776	487439	496215	0.0176858821277067	0.1332109461696	0.165742167925212	0.42155643210002	FALSE	1.41679740548727	1.86272957333714	0.903286607511607	0.999849157861925	0.92122987107716
ALCOHOLACUTE10	Acute alcohol intoxication, ICD10	Alcohol related diseases	8774	489910	498684	0.017594308219233	0.0331395126702548	0.127216741241638	0.794480833930977	FALSE	1.41683065216101	1.8628076170181	0.903248996508435	0.999848939204931	0.921174699373058
M13_ARTHROSIS_POLY	Polyarthrosis	XIII Diseases of the musculoskeletal system and connective tissue (M13_)	8758	315115	323873	0.0270414637836436	0.0310714560463777	0.130746086895182	0.8121546522078	FALSE	1.41967725445663	1.86949510205594	0.900011208712827	0.999829220219186	0.916375128901891
K11_SALIVARY	Diseases of salivary glands	XI Diseases of the digestive system (K11_)	8757	310260	319017	0.027449947808424	-0.0818769799819055	0.12751908546559	0.520823656467296	FALSE	1.41981013819882	1.86980754160725	0.899859231291507	0.999828250209569	0.91614744320539
E4_PARATHYRO	Disorders of parathyroid gland	IV Endocrine, nutritional and metabolic diseases (E4_)	8655	479069	487724	0.0177456922357727	-0.00269210510472882	0.22019175524674	0.990245158886668	FALSE	1.42025520239884	1.87085415488323	0.899349685860939	0.999824968231249	0.915382517676477
L12_URTICA_NAS	Other and unspecified urticaria	XII Diseases of the skin and subcutaneous tissue (L12_)	8629	482901	491530	0.0175553882774195	0.109072739988733	0.127289908126264	0.391508760127586	FALSE	1.42095715567695	1.87250539229339	0.898544381433028	0.999819686967201	0.914168766419979
I9_INTRACRA	Nontraumatic intracranial haemmorrhage	IX Diseases of the circulatory system (I9_)	8638	453828	462466	0.018678129851708	0.047838604358657	0.202082199285886	0.812867467865092	FALSE	1.42098236904801	1.87256471480358	0.898515418429717	0.999819494855749	0.914125003743024
K11_EROSION_INCLAVO	Erosion of teeth, including avohilmo	XI Diseases of the digestive system (K11_)	9162	112365	121527	0.0753906539287566	0.1607705536946	0.128507012294934	0.210910967078217	FALSE	1.42114111019273	1.87293822304661	0.898333010687596	0.999818281463769	0.913849213819926
J10_RESPOTHER	Other diseases of the respiratory system	X Diseases of the respiratory system (J10_)	8552	491796	500348	0.0170921038956886	0.0802813370179618	0.128402322151179	0.531818310109583	FALSE	1.42308296333017	1.877509937289	0.896093466616425	0.999802886772794	0.910438834790512
O15_MAT_CARE_MALPRESENT	Maternal care for known or suspected malpresentation of fetus	XV Pregnancy, childbirth and the puerperium (O15_)	8714	221186	229900	0.037903436276642	0.0554331699227741	0.130669457516027	0.671402180449835	FALSE	1.42374503028661	1.87906976546179	0.895326497070857	0.999797399312157	0.909260679825676
K11_LICHEN_PLANUS_WIDE	Lichen ruber planus, wide definition including periferal and oral lichen planus	XI Diseases of the digestive system (K11_)	8507	491841	500348	0.0170021664921215	0.061686819265445	0.167768617531122	0.713104503266888	FALSE	1.42438677308106	1.88058225380414	0.894581448345853	0.999791961204076	0.90811127957843
DRY_AMD	Dry age-related macular degeneration (includes geographic atrophy)	VII Diseases of the eye and adnexa (H7_)	8570	329258	337828	0.0253679387143754	0.0341207884506558	0.189985730260652	0.857469285463859	FALSE	1.42468127513114	1.88127652871205	0.894239007912616	0.999789425820503	0.907581376226013
SPONDYLOARTHRITIS	Spondyloarthritis	Comorbidities of Interstitial lung disease endpoints	8508	451874	460382	0.0184803054854447	-0.289156944823584	0.131864901679714	0.0283198305040075	FALSE	1.42473644127059	1.88140659286059	0.894174825060925	0.999788948085802	0.907481944988289
N14_FEMALE_GENITAL_HSIL	HSIL lesion of the cervix uteri, vagina or vulva	XIV Diseases of the genitourinary system (N14_)	8608	273456	282064	0.0305178966475693	-0.0288934991189638	0.128733635711578	0.822411794595017	FALSE	1.42490163806302	1.88179609782635	0.893982558012742	0.999787512174421	0.907183875091612
N14_HYPERTROPHYBREAST_BOTH	Hypertrophy of breast in women and men	XIV Diseases of the genitourinary system (N14_)	8461	475603	484064	0.0174790936735638	-0.191456988126234	0.129359243208126	0.138862296125406	FALSE	1.42587798713872	1.88409888141142	0.892844106839212	0.999778861122307	0.905412456850679
FE_STRICT	Focal epilepsy, strict definition	VI Diseases of the nervous system (G6_)	8458	484697	493155	0.0171507943749937	-0.00897302215671327	0.128834381790764	0.94447404660404	FALSE	1.42588318436092	1.88411114271707	0.892838037129307	0.999778814311562	0.905402982850202
J10_NASALPOLYP	Nasal polyp	X Diseases of the respiratory system (J10_)	8496	371520	380016	0.0223569533914362	0.137778145011563	0.129587371939938	0.287688284395223	FALSE	1.42609277321473	1.88460563475848	0.89259317925533	0.999776919795615	0.90502053231814
K11_ACUTPANC	Acute pancreatitis	XI Diseases of the digestive system (K11_)	8446	437418	445864	0.0189429960705507	0.102965959970399	0.1291766184095	0.425396204731566	FALSE	1.42670487601753	1.88605012214916	0.891877138044534	0.999771310662551	0.903899222656662
N14_ACUTERENFAIL	Acute renal failure	XIV Diseases of the genitourinary system (N14_)	8383	480448	488831	0.0171490760610518	-0.115431385925859	0.2136078631909	0.588928642616514	FALSE	1.42814251142146	1.88944467944248	0.890189974903809	0.999757681679738	0.901240211701388
H7_IRIDOACUTE	Acute and subacute iridocyclitis	VII Diseases of the eye and adnexa (H7_)	8334	473095	481429	0.0173109638181331	-0.112135174211163	0.130225714583811	0.389192224766597	FALSE	1.42967939318562	1.89307654750741	0.88837812303307	0.999742385175595	0.898358637668865
M13_PATELLAOTH	Other disorders of patella	XIII Diseases of the musculoskeletal system and connective tissue (M13_)	8408	315115	323523	0.0259888786886867	0.028070101969467	0.129724463118088	0.828689616177247	FALSE	1.42968703486802	1.8930946135445	0.88836909330684	0.999742307196764	0.898344210138369
AB1_VIRAL_NOS	Other viral diseases, not elsewhere classified	I Certain infectious and parasitic diseases (AB1_)	8325	486087	494412	0.0168381835392345	0.0189357854463422	0.129577727782039	0.883815156948445	FALSE	1.42983260940599	1.89343878718973	0.888197037468169	0.999740818014531	0.898069177221163
E4_GOITREMULTINOD	Nontoxic multinodular goitre	IV Endocrine, nutritional and metabolic diseases (E4_)	8337	424208	432545	0.0192742951600412	0.222210269003201	0.20400728984619	0.276053750459737	FALSE	1.43009868104308	1.89406791643532	0.887882374126146	0.999738078050713	0.897565570316022
KRA_PSY_SLEEP_NONORG_EXMORE	Nonorganic sleeping disorders (more control exclusions)	Psychiatric endpoints from Katri Räikkönen	8336	362304	370640	0.0224908266781783	0.0809579998059627	0.135133081302737	0.549107332672059	FALSE	1.43097072533455	1.89613051899792	0.886849355081225	0.999728931875291	0.895906709681775
ASTHMA_CHILD_EXMORE	Childhood asthma (age<16) (more control exclusions)	Asthma and related endpoints	8402	259839	268241	0.0313225793223258	-0.0439337993419528	0.139979330182958	0.753627986088093	FALSE	1.43127589138346	1.89685254618132	0.886487241198526	0.999725670458816	0.895323212571212
I9_PHLETHROMBDVTLOW	DVT of lower extremities	IX Diseases of the circulatory system (I9_)	8134	432223	440357	0.01847137663305	0.103699318948774	0.131979880293582	0.432031155470381	FALSE	1.43624471224684	1.90862585640298	0.880547950813296	0.999667915834968	0.885608922183248
CHILDHOOD_ALLERGY	Childhood allergy (age < 16)	Asthma and related endpoints	8089	492259	500348	0.0161667479434314	-0.11293220302884	0.141510580072694	0.424842768547154	FALSE	1.43707820307965	1.9106038989736	0.879544000922681	0.999657328672465	0.883940843968852
D3_COAGDEF_PURPUR_HAEMORRHAGIC	Coagulation defects, purpura and other haemorrhagic conditions	III Diseases of the blood and blood-forming organs and certain disorders involving the immune mechanism (D3_)	8073	492275	500348	0.0161347701999408	-0.0289824758130656	0.131289333584989	0.825284989281173	FALSE	1.43758595000898	1.91180932704769	0.87893137828327	0.999650746503615	0.882919379515141
ABDOM_HERNIA_POSTOP	Hernia of abdominal wall, postoperative	XI Diseases of the digestive system (K11_)	8152	277113	285265	0.0285769372338002	-0.0803238720610738	0.161795245175771	0.619574241467005	FALSE	1.43836649228658	1.91366304331812	0.877988107411958	0.999640428995161	0.881341351880074
RHEUMA_OTHER_WIDE	Other (seronegative) rheumatoid arthritis, wide	Rheuma endpoints	8048	492300	500348	0.0160848049757369	-0.0575614413830394	0.132406486056662	0.663756393081822	FALSE	1.43838271287092	1.91370157409943	0.877968485944854	0.999640212003718	0.881308459336682
D3_IMMUNEMECHANISM	Certain disorders involving the immune mechanism	III Diseases of the blood and blood-forming organs and certain disorders involving the immune mechanism (D3_)	8037	492311	500348	0.0160628202770871	0.0297817725776242	0.166402768383183	0.857958100484293	FALSE	1.43873461305861	1.91453757061147	0.877542613894044	0.999635478354956	0.880593876032065
FE_MODE	Focal epilepsy, mode (most common among epilepsy diagnosis)	VI Diseases of the nervous system (G6_)	8030	484703	492733	0.0162968585420502	0.0181174209201164	0.132171467670677	0.890971411428185	FALSE	1.43902498831063	1.91522752551582	0.877190926249264	0.999631534577094	0.880002805628552
G6_ROOTPLEXOTHUNS	Other and unspecified nerve root and plexus disorders, also in other diseases	VI Diseases of the nervous system (G6_)	8022	435371	443393	0.0180923018631327	0.113687773355658	0.133133700267671	0.393139977372449	FALSE	1.43976514366081	1.9169866886625	0.876293380173266	0.999621326135481	0.878490406150185
K11_OTHILEUS	Other or unspecified ileus, impaction or obstruction	XI Diseases of the digestive system (K11_)	8037	394725	402762	0.0199547127087461	-0.0530105205225153	0.18343881966634	0.772595137345237	FALSE	1.43977312442747	1.91700566080967	0.876283693723797	0.999621214832895	0.878474053537575
M13_SPONDYLOLISTHESIS	Spondylolisthesis/Spondylolysis	XIII Diseases of the musculoskeletal system and connective tissue (M13_)	8037	353224	361261	0.0222470734455145	0.0703855863223001	0.133798960225398	0.598850126902606	FALSE	1.44038806991347	1.91846777830155	0.875536772528215	0.999612558935252	0.877211152742656
F5_ALZHDEMENT	Dementia in Alzheimer disease	V Mental and behavioural disorders (F5_)	7968	469981	477949	0.0166712347970181	0.987363788443685	0.139061326291194	1.24572848816768e-12	TRUE	1.44116040809224	1.92030481325725	0.874597165215823	0.999601462592998	0.875617021346247
H7_CORNULCER	Corneal ulcer	VII Diseases of the eye and adnexa (H7_)	7927	473095	481022	0.0164794957403196	-0.109853930548061	0.273490089585411	0.68792376703871	FALSE	1.44246979376229	1.92342100259935	0.873000419952888	0.999582066992734	0.872894297579903
L12_PSORI_VULG	Psoriasis vulgaris	XII Diseases of the skin and subcutaneous tissue (L12_)	7912	482181	490093	0.0161438747339791	-0.0896722181954394	0.201673159443647	0.656578987591241	FALSE	1.4428803260927	1.92439848064563	0.872498830320454	0.999575832113681	0.872035488344859
CD2_BENIGN_RECTUM_ANAL	Benign neoplasm: Rectum, anus and anal canal	II Neoplasms from hospital discharges (CD2_)	7879	492469	500348	0.0157470400601182	-0.129749643314378	0.133749806025866	0.33200053758244	FALSE	1.44388049433853	1.92678079705506	0.871274939237522	0.999560329164229	0.869933024727265
TEMPOROMANDIB	Temporomandibular joint disorders	XI Diseases of the digestive system (K11_)	7966	262404	270370	0.0294633280319562	-0.0670646723557139	0.134749144700811	0.61869538757213	FALSE	1.44469077773786	1.92871177442373	0.870281482601036	0.999547438982171	0.868219251576034
AB1_SEXUAL_TRANSMISSION_NOS	Other predominantly sexually transmitted diseases, not elsewhere classified	I Certain infectious and parasitic diseases (AB1_)	7854	485458	493312	0.0159209587441619	0.0700050137736585	0.133694836130656	0.600544305857315	FALSE	1.44477117383364	1.92890341186596	0.87018281949563	0.999546143680325	0.86804870494692
C3_COLORECTAL_ADENO_EXALLC	Colorectal adenocarcinoma, excluding all cancers (controls excluding all cancers)	II Neoplasms, from cancer register (ICD-O-3)	7876	378749	386625	0.0203711606854187	0.149227423284896	0.165725276906973	0.367880508880148	FALSE	1.4452326817078	1.930003654549	0.869616131091536	0.999538650498251	0.867067936679423
GOUT_NOS	Gout, unspecified	Rheuma endpoints	7826	488006	495832	0.0157835718549831	-0.151137135531108	0.135204961272348	0.263636529823826	FALSE	1.44568443495983	1.93108090934723	0.869060896431291	0.999531220042628	0.866105012049277
I9_AVBLOCK	AV-block	IX Diseases of the circulatory system (I9_)	7850	375343	383193	0.0204857604392565	0.331901283814018	0.171039465255084	0.052319521004029	FALSE	1.44614483678907	1.93217905968966	0.868494504376812	0.999523549070044	0.865120733997441
K11_GULC	Gastric ulcer	XI Diseases of the digestive system (K11_)	7787	423785	431572	0.0180433392342413	-0.219500738065474	0.135102267749344	0.104226365376344	FALSE	1.44763274698914	1.93572990061712	0.866660484215676	0.999498069072637	0.86191986514684
N14_CERVICAL_HSIL	HSIL lesion of the cervix uteri	XIV Diseases of the genitourinary system (N14_)	7856	274208	282064	0.0278518350445289	-0.0856415013388743	0.145351930707098	0.555726453740083	FALSE	1.44795876244498	1.93650830709495	0.866257916680945	0.999492343438813	0.861214506919181
L12_FOLLICULARCYST	Follicular cysts of skin and subcutaneous tissue	XII Diseases of the skin and subcutaneous tissue (L12_)	7729	476404	484133	0.015964621292083	-0.225762630302582	0.134657247592653	0.0936261195823325	FALSE	1.44907099139434	1.93916494174133	0.864882632483241	0.999472416459416	0.85879741129264
C3_COLON_EXALLC	Malignant neoplasm of colon, excluding all cancers (controls excluding all cancers)	II Neoplasms, from cancer register (ICD-O-3)	7698	378749	386447	0.0199199372747104	0.157384270641122	0.136262386994226	0.248086779095197	FALSE	1.45123944296954	1.94434904237858	0.862193152350495	0.9994317747303	0.854038195600516
AB1_BACT_INTEST_OTH	Other bacterial intestinal infections	I Certain infectious and parasitic diseases (AB1_)	7671	444292	451963	0.0169726282903689	-0.0108549353741388	0.135083327513363	0.935953063734676	FALSE	1.45137752153786	1.94467935193887	0.862021541645694	0.999429104871862	0.853733092435378
I9_CARDMYO	Cardiomyopathy	IX Diseases of the circulatory system (I9_)	7649	375343	382992	0.0199716965367423	0.102273992218514	0.208332739515187	0.623485462655386	FALSE	1.45298317951673	1.94852219603042	0.860022935165287	0.999397319852392	0.850167491638078
E4_HYPERPARA	Hyperparathyroidism	IV Endocrine, nutritional and metabolic diseases (E4_)	7591	479069	486660	0.0155981588788888	-0.0346109489949522	0.20498372910185	0.865916753189846	FALSE	1.45384151965806	1.95057784245065	0.858952308373368	0.999379761652206	0.848248255224138
N14_ENDOMETRIOSIS_OVARY	Endometriosis of ovary	XIV Diseases of the genitourinary system (N14_)	7878	130160	138038	0.0570712412524088	0.0725690849347922	0.137288217999054	0.597090374985548	FALSE	1.45545863806283	1.95445328386397	0.856931177773903	0.999345581895244	0.84460805702942
G6_POLYOTHUNS	Other and unspecified polyneuropathies, also in other diseases	VI Diseases of the nervous system (G6_)	7512	491583	499095	0.0150512427493764	-0.201376075718425	0.269551820660406	0.455016836000661	FALSE	1.45654539607659	1.95705961196009	0.855570024873773	0.999321786950427	0.84214422176813
N14_SALPHOOPH	Salpingitis and oophoritis	XIV Diseases of the genitourinary system (N14_)	7538	250564	258102	0.0292055078999775	0.154240763034962	0.137686447685933	0.262614915886437	FALSE	1.45957493392941	1.9643332962058	0.851763972806299	0.999251831751951	0.835204107345281
N14_GLOMERULAR	Glomerular diseases	XIV Diseases of the genitourinary system (N14_)	7426	492922	500348	0.0148416701975425	0.0317982536413239	0.137158554716405	0.816665604551504	FALSE	1.45965275558004	1.96452029628814	0.851665988845689	0.999249962789485	0.83502447776906
O15_PREG_ECTOP	Ectopic pregnancy	XV Pregnancy, childbirth and the puerperium (O15_)	7586	199279	206865	0.0366712590336693	0.0940581321737695	0.177734892436598	0.596663488863927	FALSE	1.45995388332404	1.96524395935279	0.851286745665318	0.999242696278164	0.834328783150993
M13_HAMMERTOE	Other hammer toe(s) (acquired)	XIII Diseases of the musculoskeletal system and connective tissue (M13_)	7456	315115	322571	0.0231142911173044	0.187513013298103	0.225505959278824	0.40567918833791	FALSE	1.46086935631696	1.96744472238831	0.850132844683003	0.999220264447109	0.832207718065697
O15_DELIV_PERIN_LACER	Perineal laceration during delivery	XV Pregnancy, childbirth and the puerperium (O15_)	7500	214925	222425	0.0337192312015286	-0.0273214096585133	0.170389861427874	0.872608169184942	FALSE	1.46226472476621	1.97080122051338	0.848371400689185	0.99918507312457	0.828957567402384
M13_ADHCAPSULITIS	Adhesive capsulitis of shoulder	XIII Diseases of the musculoskeletal system and connective tissue (M13_)	7372	357549	364921	0.0202016326821422	0.0811416260622974	0.138639313234607	0.558365236867925	FALSE	1.46318859713328	1.97302494009755	0.847203441965181	0.99916109594184	0.826794457283548
G6_MIGRAINE_NO_AURA_TRIPTAN	Migraine without aura and triptan purchases	VI Diseases of the nervous system (G6_)	7324	445232	452556	0.0161836325228259	0.10237322385694	0.141107973043601	0.468147998505962	FALSE	1.46386859453635	1.97466236827127	0.846342949048193	0.999143097664152	0.825196767788913
M13_RADICULOPATHY	Radiculopathy	XIII Diseases of the musculoskeletal system and connective tissue (M13_)	7349	353224	360573	0.0203814484168254	-0.200912409671567	0.139092861050744	0.148612987423376	FALSE	1.46411088099902	1.97524593647012	0.846036182469241	0.999136612274926	0.824626375438131
N14_ENDOMETRIOSIS_PELVICPERITONEUM	Endometriosis of pelvic peritoneum	XIV Diseases of the genitourinary system (N14_)	7617	130160	137777	0.0552849895120376	-0.0484527726108211	0.139236505270972	0.727848442522721	FALSE	1.46423973592216	1.97555632575429	0.84587299950079	0.999133147550088	0.824322784837762
K11_DISLIVOTH	Other diseases of liver	XI Diseases of the digestive system (K11_)	7266	485213	492479	0.0147539285939096	-0.0164407114475262	0.185909247883074	0.929531683390962	FALSE	1.46568528616788	1.97903987727044	0.844040680974051	0.999093528659431	0.820905725768193
F5_SCHZPHR	Schizophrenia	V Mental and behavioural disorders (F5_)	7234	484776	492010	0.0147029531920083	0.0941135833261048	0.196648082147372	0.632231138183435	FALSE	1.46690930455174	1.9819916821295	0.842486859907403	0.999058888142286	0.817996515266993
K11_UC_STRICT2	Ulcerative colitis (strict definition, require KELA, min 2 HDR)	XI Diseases of the digestive system (K11_)	7220	492160	499380	0.0144579278305098	-0.104455739710891	0.232060355726607	0.652621640892377	FALSE	1.46738410721858	1.98313722249681	0.841883577306936	0.999045176514234	0.81686420543167
N14_VAGINITIS	Vaginitis/vulvovaginitis/vulvitis/abscess of vulva	XIV Diseases of the genitourinary system (N14_)	7279	250564	257843	0.0282303572328898	-0.0254653702697422	0.139639323017926	0.855296037548254	FALSE	1.469057253199	1.98717628603198	0.839755345055058	0.998995614048301	0.812857535589737
N14_HYPERTROPHYBREAST	Hypertrophy of breast	XIV Diseases of the genitourinary system (N14_)	7272	258508	265780	0.0273609752426819	-0.206450748615455	0.139990728912456	0.140280880249043	FALSE	1.46907643508533	1.98722261308757	0.839730925266854	0.998995034469334	0.812811453931789
F5_GAD	Generalized anxiety disorder	V Mental and behavioural disorders (F5_)	7148	444414	451562	0.0158294984963305	-0.0749279276945947	0.141298598372036	0.595917286560046	FALSE	1.4706085244138	1.99092436679836	0.837779036043088	0.998947896433721	0.809120353941701
F5_SOMATOFORM	Somatoform disorder	V Mental and behavioural disorders (F5_)	7148	444414	451562	0.0158294984963305	0.0231867126735211	0.179377571309824	0.897150298804845	FALSE	1.4706085244138	1.99092436679836	0.837779036043088	0.998947896433721	0.809120353941701
AB1_ZOSTER	Zoster [herpes zoster]	I Certain infectious and parasitic diseases (AB1_)	7132	480316	487448	0.0146313042621982	0.0312355764618949	0.140032552133582	0.823489279694071	FALSE	1.47089907173785	1.9916267138146	0.837408564554764	0.99893876682432	0.808418069106637
E4_HYPOOSMNAT	Hypo-osmolality and hyponatraemia	IV Endocrine, nutritional and metabolic diseases (E4_)	7130	420066	427196	0.0166902311819399	-0.15989972113178	0.186677767011551	0.391691023055791	FALSE	1.47157281973878	1.99325580035742	0.836549110571039	0.998917359829134	0.806786782887155
CD2_BENIGN_SIGMOID_COLON	Benign neoplasm: Sigmoid colon	II Neoplasms from hospital discharges (CD2_)	7048	493300	500348	0.0140861960075787	-0.0946078910055184	0.141256687687344	0.503011645506653	FALSE	1.47411700329291	1.99941278311372	0.833299235641803	0.998833491871518	0.80059299283354
CD2_BENIGN_OTHERDIGESTIVE	Benign neoplasm of other and ill-defined parts of digestive system	II Neoplasms from hospital discharges (CD2_)	7013	493335	500348	0.0140162446936932	0.206590732623714	0.141356351653056	0.143881331695043	FALSE	1.47552301436545	2.0028189456441	0.831500430618231	0.998785039560997	0.79714807759752
CD2_BENIGN_OVARY	Benign neoplasm of ovary	II Neoplasms from hospital discharges (CD2_)	7022	275042	282064	0.0248950592773271	0.398851784621598	0.142345533271363	0.00507873155714151	FALSE	1.4783487436328	2.00967218963181	0.827879890164102	0.9986829838504	0.79018021088124
Q17_VACTREL	Vertebral, anorectal, cardiavascular, thracheoesophagial, renal and limb anomaly	XVII Congenital malformations, deformations and chromosomal abnormalities (Q17)	6938	493410	500348	0.0138663490210813	0.0397697144900388	0.163457552032163	0.8077706724536	FALSE	1.47857643079829	2.01022484784403	0.827587870442338	0.998674482803098	0.789616291204232
J10_PHARYNGITIS	Acute pharyngitis	X Diseases of the respiratory system (J10_)	6953	402652	409605	0.0169748904432319	0.207995644543722	0.240657410567539	0.387433506023429	FALSE	1.47886494547055	2.01092524685577	0.827217778328929	0.998663650241253	0.7889012059306
O15_MATERN_CARE_FETAL_ABNORM	Maternal care for known or suspected fetal abnormality and damage	XV Pregnancy, childbirth and the puerperium (O15_)	7051	221186	228237	0.0308933257973072	0.068536253918044	0.215204218918659	0.750127861336141	FALSE	1.47894125844999	2.011110522404	0.827119877123508	0.998660773669991	0.788711968593067
O15_PREG_PROLONGED	Prolonged pregnancy	XV Pregnancy, childbirth and the puerperium (O15_)	7049	221186	228235	0.0308848336144763	0.119716539640757	0.218420904269019	0.583623108532542	FALSE	1.47902082234775	2.01130369865077	0.827017800597454	0.998657769501425	0.788514627577474
F5_PANIC	Panic disorder	V Mental and behavioural disorders (F5_)	6911	444414	451325	0.0153126904115659	-0.348844805656805	0.143349994491172	0.0149528879718983	FALSE	1.48013103000429	2.01400006603558	0.825592966355641	0.998615308757365	0.785756562169197
C3_MELANOMA_EXALLC	Malignant melanoma, excluding all cancers (controls excluding all cancers)	II Neoplasms, from cancer register (ICD-O-3)	6925	378368	385293	0.0179733345791385	-0.0912173187483462	0.143354467158081	0.524576944224579	FALSE	1.48032898611676	2.01448101005359	0.825338816662509	0.998607630925725	0.785263927046509
I9_SAHANEUR	Aneurysms, operations, SAH	IX Diseases of the circulatory system (I9_)	6849	453828	460677	0.0148672497216054	0.137346241667331	0.143964502085273	0.340069203277868	FALSE	1.48262241214079	2.02005668285917	0.822392439944299	0.998516283250964	0.779538305313928
G6_MIGRAINE_WITH_AURA_TRIPTAN	Migraine with aura and triptan purchases	VI Diseases of the nervous system (G6_)	6824	445232	452056	0.0150954748969154	0.0525743926019898	0.145750816464014	0.718313090700946	FALSE	1.4837591635558	2.02282281372705	0.820930844956912	0.998469344689882	0.776688450056163
ASTHMA_ALLERG	Asthma and allergy	Asthma and related endpoints	6883	267434	274317	0.025091408844512	0.236039320148762	0.145143913991733	0.103897904637036	FALSE	1.48422550722502	2.02395807964306	0.820331027137231	0.998449764496374	0.775517135812563
CD2_BENIGN_RECTUM	Benign neoplasm: Rectum	II Neoplasms from hospital discharges (CD2_)	6798	493550	500348	0.0135865437655392	-0.136352458823003	0.143771054141604	0.34292589102565	FALSE	1.48442901667943	2.02445359039356	0.82006923398157	0.998441160280224	0.775005592155855
INFLUENZA	All influenza (not pneumonia)	Asthma and related endpoints	6799	415538	422337	0.0160985184816864	0.119515093833659	0.226905913607383	0.598390459789445	FALSE	1.48513408115945	2.02617071459507	0.819162079127754	0.998411069267849	0.773231534435359
K11_LIP_ORAL_MUCOSA	Other diseases of lip and oral mucosa	XI Diseases of the digestive system (K11_)	6831	310260	317091	0.0215427117136721	0.270885329912492	0.143786798527709	0.0595734411688313	FALSE	1.48538470265397	2.02678123607691	0.818839563183889	0.998400267394562	0.772600266395119
F5_INSOMNIA	Insomnia	V Mental and behavioural disorders (F5_)	6776	490763	497539	0.0136190328798345	-0.0682051214150488	0.143933193289381	0.635595095237215	FALSE	1.48539016788874	2.0267945504543	0.818832529827713	0.998400031220575	0.77258649667505
VOCALCORDDYS	Vocal cord dysfunction	COPD and related endpoints	6926	180057	186983	0.0370408005005803	0.00131797916291839	0.146298786478029	0.992812100314209	FALSE	1.48601837420882	2.02832523991528	0.818023980564762	0.998372706849715	0.771002646704477
RX_RHEUMA_BIOLOGICAL	Biological medication for rheuma	Drug purchase endpoints	6733	493615	500348	0.0134566341826089	-0.136078640598981	0.144532167000114	0.346442999898649	FALSE	1.48721654480559	2.03124611541184	0.816481356706041	0.998319610101582	0.76797600439564
M13_DUPUTRYEN	Palmar fascial fibromatosis [Dupuytren]	XIII Diseases of the musculoskeletal system and connective tissue (M13_)	6766	357549	364315	0.0185718403030345	0.0155126483400187	0.216580831038684	0.942900173850953	FALSE	1.48730781468149	2.0314686870133	0.816363823714619	0.998315512293634	0.76774514853525
GOUT_STRICT	Gout, strict definition	Rheuma endpoints	6715	490619	497334	0.0135019926246748	-0.0571078028795278	0.145818693383319	0.69532742213101	FALSE	1.48802097098471	2.03320816625983	0.815445343161744	0.998283231739429	0.765939868450034
M13_THORACISPINEPAIN	Pain in thoracic spine	XIII Diseases of the musculoskeletal system and connective tissue (M13_)	6744	353224	359968	0.0187349986665481	-0.0847947520867035	0.15852259871358	0.592714584770306	FALSE	1.48831954819218	2.03393662867657	0.815060746242163	0.998269578529384	0.765183305054256
N14_OTHFEMPELINF	Other female pelvic inflammatory diseases	XIV Diseases of the genitourinary system (N14_)	6793	250564	257357	0.0263952408522014	0.0126696791558942	0.144602039861777	0.93018063811065	FALSE	1.48849644593994	2.03436827424892	0.814832869417863	0.998261450727651	0.764734860174768
M13_CHRONDROPATHIES	Chondropathies	XIII Diseases of the musculoskeletal system and connective tissue (M13_)	6678	491365	498043	0.013408480793827	0.0749702083982917	0.195242274538157	0.700989171822793	FALSE	1.48962984726719	2.03713482610042	0.813372590719207	0.998208687351244	0.761858099591719
D3_ANAEMIA_IRONDEF_BLOODLOSS	Iron deficiency anaemia secondary to blood loss (chronic)	III Diseases of the blood and blood-forming organs and certain disorders involving the immune mechanism (D3_)	6667	477015	483682	0.0137838497194438	0.305519229853495	0.182502699162792	0.0941201418199632	FALSE	1.49023257146043	2.03860670648529	0.812595876560814	0.998180140307507	0.760325865807009
WET_AMD	Wet age-related macular degeneration	VII Diseases of the eye and adnexa (H7_)	6699	331070	337769	0.019833081188623	-0.238033392816312	0.195479783143001	0.223342545996773	FALSE	1.49063833105153	2.03959785357681	0.812072927952401	0.998160729553988	0.759293434774994
KRA_PSY_ALCOH_EXMORE	Alcohol abuse, main dg (more control exclusions)	Psychiatric endpoints from Katri Räikkönen	6683	362304	368987	0.0181117491944161	0.0662272496023526	0.157296095295417	0.673729115339086	FALSE	1.4908277990645	2.04006073880764	0.811828724056418	0.998151612432439	0.75881109657311
E4_FH	Familial hypercholesterolemia	IV Endocrine, nutritional and metabolic diseases (E4_)	6545	420066	426611	0.0153418453813896	-0.16212382654777	0.176536367220116	0.358430755778574	FALSE	1.49623436023531	2.05328885939952	0.804857468565685	0.99787680118886	0.744986776045985
K11_ERUPTION	Tooth eruption problems	XI Diseases of the digestive system (K11_)	6494	493854	500348	0.0129789666392191	-0.0111440912275336	0.148862296427933	0.940324714434149	FALSE	1.49787314401727	2.05730586389257	0.802743896368039	0.997787756274444	0.740776098875759
I9_HYPOTE	Hypotension	IX Diseases of the circulatory system (I9_)	6488	492608	499096	0.0129995031016077	-0.123603513263683	0.148103627701467	0.403957316172222	FALSE	1.49815925013559	2.05800752440287	0.802374901004127	0.997771928764832	0.740040138011712
J10_ACUTELOWERNAS	Unspecified acute lower respiratory infection	X Diseases of the respiratory system (J10_)	6465	471806	478271	0.0135174409487508	0.18908259741164	0.147179788180309	0.198895419748998	FALSE	1.49939531614378	2.06104012217839	0.800780770207832	0.997702575759706	0.736857872943947
C3_LUNG_NONSMALL_EXALLC	Non-small cell lung cancer, excluding all cancers (controls excluding all cancers)	II Neoplasms, from cancer register (ICD-O-3)	6446	378749	385195	0.0167343812873999	-0.000759525491586001	0.16465910463584	0.996319599116123	FALSE	1.50128512375739	2.0656804243904	0.798343778196288	0.997593449413255	0.731984733620064
DM_RETINOPATHY_STRICT	Diabetic retinopathy, strict definition	Diabetes endpoints	6833	82271	89104	0.0766856706769618	-0.177946223722967	0.152730764340466	0.24397954988068	FALSE	1.50269209962638	2.06913814490304	0.796529749444435	0.99750973620513	0.728351166202389
N14_LUMPNASBREAST	Unspecified lump in breast	XIV Diseases of the genitourinary system (N14_)	6394	258508	264902	0.0241372281069981	0.0531811039089265	0.148745868224222	0.720695103537049	FALSE	1.50608696414316	2.07749168376161	0.79215452551196	0.997298872328243	0.719567880110498
SPONDYLOPATHY_FG	Spondylopathies (FG)	Rheuma endpoints	6317	374317	380634	0.0165959951029073	-0.332869385648886	0.17936811373473	0.0634836285649951	FALSE	1.50745139344852	2.08085322344653	0.790397034825239	0.997210515817482	0.716032650085068
F5_PHOBANX	Phobic anxiety disorders	V Mental and behavioural disorders (F5_)	6248	444414	450662	0.0138640488880802	0.0719891980640836	0.151616347073765	0.634921274871413	FALSE	1.50999810709906	2.08713394786199	0.787118548312935	0.997039931014543	0.709428379932355
O15_LABOUR_PELVIC_ABNORM	Obstructed labour due to maternal pelvic abnormality	XV Pregnancy, childbirth and the puerperium (O15_)	6313	214925	221238	0.0285348809878954	-0.111937173452052	0.180793258619389	0.5358210908128	FALSE	1.51144394531521	2.09070339018771	0.785258522571585	0.996939745355255	0.705676516429671
RHEUMA_SEROPOS_STRICT	Seropositive rheumatoid arthritis, strict definition	Rheuma endpoints	6179	488830	495009	0.0124826013264405	-0.064803924094635	0.151300063045713	0.668422580998214	FALSE	1.51302813335975	2.09461746666464	0.783221706855981	0.996827147746358	0.701564370690896
CD2_LEIOMYOMA_ENDOMETRIOSIS_EXALLC	Benign leiomyoma with endometriosis (controls excluding all cancers)	II Neoplasms from hospital discharges (CD2_)	6281	206474	212755	0.0295222203943503	-0.0747312088083765	0.254887653738573	0.769374835375537	FALSE	1.51335182570595	2.095417614285	0.782805694964372	0.996803773831234	0.700724042321526
H7_RETINALBREAK	Retinal breaks without detachment	VII Diseases of the eye and adnexa (H7_)	6157	455449	461606	0.0133382148412282	0.0455673668378187	0.1503132445996	0.761776024112406	FALSE	1.51441928314722	2.0980572562143	0.781434209236737	0.996725801669304	0.6979527133081
J10_PLEUREFFUSION	Pleural effusion	X Diseases of the respiratory system (J10_)	6136	479655	485791	0.0126309462299631	-0.0750641573853778	0.236945818515341	0.751396254266084	FALSE	1.51526861594529	2.10015855699825	0.780343451470535	0.99666277939702	0.695747631615016
ULCERNAS	Ulcerative colitis, NAS	Gastrointestinal endpoints	6080	476577	482657	0.012596937369602	0.0281263760978374	0.342430340668253	0.934537363901145	FALSE	1.51815391102436	2.10730386198608	0.776641433065719	0.996442087615949	0.688257756986801
M13_TRIGGERFINGER	Trigger finger	XIII Diseases of the musculoskeletal system and connective tissue (M13_)	6104	357549	363653	0.0167852320756325	-0.285790245018249	0.152133099521472	0.0603054150189763	FALSE	1.51825252907542	2.10754827388158	0.776514999115118	0.996434362356081	0.688001815825732
J10_LARYNGITIS	Acute laryngitis and tracheitis	X Diseases of the respiratory system (J10_)	6038	402652	408690	0.0147740341089824	0.202607444836867	0.164800601926699	0.218918266479761	FALSE	1.52105961829364	2.11451050441592	0.77291913729052	0.996209339149423	0.680719511743207
M13_RHEUMATISM	Rheumatism, unspecified	XIII Diseases of the musculoskeletal system and connective tissue (M13_)	6018	357549	363567	0.0165526574194028	-0.13174739373494	0.15419171928242	0.392861883344379	FALSE	1.52269725485687	2.11857688660134	0.770824160440896	0.996073428249378	0.676474466799783
N14_INFLUTH	Inflammatory disease of uterus	XIV Diseases of the genitourinary system (N14_)	6060	250564	256624	0.0236143151069269	0.00721653158105603	0.152366998364013	0.962224056571918	FALSE	1.5227778066994	2.11877699192859	0.770721169682047	0.996066653910125	0.676265742470732
E4_THYTOXGOITDIF	Thyrotoxicosis with diffuse goitre	IV Endocrine, nutritional and metabolic diseases (E4_)	5996	424208	430204	0.0139375738021962	0.153612775414481	0.152771680322111	0.31465346902595	FALSE	1.52301969048507	2.11937792491133	0.77041193821448	0.996046261189112	0.675639027081854
O15_AMNIOT_OTHER	Other disorders of amniotic fluid and membranes	XV Pregnancy, childbirth and the puerperium (O15_)	6066	221186	227252	0.026692834386496	0.0250316171440156	0.154617231471943	0.871389251031071	FALSE	1.52347262795751	2.12050339859042	0.769833022287043	0.996007870756082	0.674465680315088
Q17_CONGEN_MALFO_CIRCULATO_SYSTEM	Congenital malformations of the circulatory system	XVII Congenital malformations, deformations and chromosomal abnormalities (Q17)	5918	494430	500348	0.01182776787356	0.208264225159232	0.153564011119158	0.175034064580655	FALSE	1.52654351382704	2.1281409664387	0.765912766836239	0.995740496539906	0.666518465338506
L12_ALLERGICCONTACT	Allergic contact dermatitis	XII Diseases of the skin and subcutaneous tissue (L12_)	5926	432874	438800	0.0135050136736554	-0.051155462932437	0.153441716848981	0.738842227669131	FALSE	1.52665584344363	2.12842056923754	0.765769531249244	0.995730479871938	0.666228060327139
M13_LATERALEPICOND	Lateral epicondylitis	XIII Diseases of the musculoskeletal system and connective tissue (M13_)	5911	357549	363460	0.0162631376217465	0.062278587617638	0.154404937775129	0.686693831909494	FALSE	1.52838179772272	2.13271872188889	0.763570219873732	0.995574449639425	0.661768948548884
M13_HALLUXRIGIDUS	Hallux rigidus	XIII Diseases of the musculoskeletal system and connective tissue (M13_)	5903	315115	321018	0.0183883769757459	-0.175551398575938	0.156298488373289	0.26136088538753	FALSE	1.52952336941703	2.13556367927105	0.762117169176876	0.99546904249323	0.658822931622223
G6_PARKINSON	Parkinson's disease	VI Diseases of the nervous system (G6_)	5861	494487	500348	0.011713847162375	-0.347790048629413	0.155956241128079	0.0257441947080217	FALSE	1.52964165153984	2.13585855035942	0.761966688699944	0.995458019741013	0.658517845406265
L12_OTHERDISSKINANDSUBCUTIS	Other disorders of skin and subcutaneous tissue, not elsewhere classified	XII Diseases of the skin and subcutaneous tissue (L12_)	5849	465673	471522	0.012404511348357	0.102018396457172	0.154362140383622	0.508674543678234	FALSE	1.53053603522637	2.13808878135992	0.760829303352854	0.995374053863014	0.656211972969873
K11_CHOLECYST	Cholecystitis	XI Diseases of the digestive system (K11_)	5851	437418	443269	0.0131996598002567	-0.28225502076667	0.322383995634189	0.381288696538159	FALSE	1.53068705359008	2.13846546108824	0.76063733542776	0.995359768059626	0.655822803973731
N14_FEMALE_GENITAL_LSIL	LSIL lesion of the cervix uteri, vagina or vulva	XIV Diseases of the genitourinary system (N14_)	5877	276187	282064	0.0208356968631233	-0.215946996158817	0.242805551882482	0.373797574626189	FALSE	1.53177476923999	2.1411793737474	0.759255388482312	0.995255947661187	0.653021415033897
G6_ULLNLE	Lesion of ulnar nerve	VI Diseases of the nervous system (G6_)	5826	435371	441197	0.0132049855280068	-0.0936956598154723	0.155273780821023	0.546227800044295	FALSE	1.53208608507808	2.14195640323636	0.758860092656131	0.995225932652827	0.652220164738969
H8_HL_PRESBY	Presbycusis	VIII Diseases of the ear and mastoid process (H8_)	5817	437331	443148	0.0131265401175228	0.143858390531738	0.159859845050914	0.368171752330065	FALSE	1.53256561373658	2.14315352654871	0.758251412303302	0.995179436911171	0.650986459280823
J10_CHRONLARYNGITIS	Chronic laryngitis and laryngotracheitis	X Diseases of the respiratory system (J10_)	5825	371520	377345	0.0154368018656667	-0.0861475805476009	0.1547686931706	0.577786068093542	FALSE	1.53288287184817	2.14394570993497	0.757848844748973	0.995148499546885	0.650170562874478
L12_ATROPHICSKIN	Atrophic disorders of skin	XII Diseases of the skin and subcutaneous tissue (L12_)	5786	465673	471459	0.0122725411965834	-0.195950166873959	0.155693436286338	0.208187826967932	FALSE	1.5340331318614	2.14681895239605	0.756390218213065	0.995035154508012	0.647214687358111
ILD_ENDPOINTS	Interstitial lung disease endpoints	Interstitial lung disease endpoints	5765	494583	500348	0.0115219807014318	0.0457043255839308	0.156352315415254	0.770044820464198	FALSE	1.53497817368659	2.1491808455538	0.755192940226262	0.994940642562086	0.644788924674532
J10_EXTERLUNG	Lung diseases due to external agents	X Diseases of the respiratory system (J10_)	5753	494595	500348	0.0114979973938139	0.209916650775215	0.262062037264591	0.423120691201358	FALSE	1.53565598158945	2.1508755586011	0.754334853462371	0.994872080029487	0.643050700287194
C3_MELANOMA_SKIN_EXALLC	Malignant melanoma of skin, excluding all cancers (controls excluding all cancers)	II Neoplasms, from cancer register (ICD-O-3)	5753	378749	384502	0.0149622108597615	-0.068657155080681	0.156746225425389	0.661375608038365	FALSE	1.53681372528692	2.15377160699718	0.752870423545183	0.994753461887334	0.640084891984024
M13_MUSCULOSKELEOTH	Other disorders of the musculoskeletal system and connective tissue	XIII Diseases of the musculoskeletal system and connective tissue (M13_)	5732	494616	500348	0.0114560266054826	-0.0543538525313937	0.190782038397072	0.77572055602545	FALSE	1.5368480093078	2.15385739320235	0.752827081886204	0.994749920148062	0.639997129256168
H7_EYEOTH	Other disorders of eye and adnexa	VII Diseases of the eye and adnexa (H7_)	5665	494683	500348	0.011322119804616	-0.122692916371769	0.156635037102893	0.433448370226772	FALSE	1.54070184957154	2.16351013347097	0.747964238772887	0.994341004563574	0.630156448254774
N14_BENIGNMAMDYSP	Benign mammary dysplasia	XIV Diseases of the genitourinary system (N14_)	5681	258508	264189	0.0215035448107226	0.00559898469578846	0.158101769722597	0.971749779579462	FALSE	1.54321627189412	2.16981825803817	0.744801663848273	0.994062527479449	0.623764279367983
M13_TROCHANTERICBURSITIS	Trochanteric bursitis	XIII Diseases of the musculoskeletal system and connective tissue (M13_)	5646	357549	363195	0.0155453681906414	-0.0186379419441487	0.1591335989654	0.9067638913028	FALSE	1.54325286218007	2.16991011453893	0.744755702968274	0.994058406078972	0.623671436021984
CIRRHOSIS_BROAD	Cirrhosis, broad definition used in the article https://doi.org/10.1101/594523	Gastrointestinal endpoints	5545	494803	500348	0.011082286728437	-0.173806111540322	0.158632481038657	0.273230774727808	FALSE	1.54780392208643	2.18134846131585	0.739053393788711	0.993530159848992	0.612165856713389
MUCOPROCT	Mucosal proctocolitis	Gastrointestinal endpoints	5538	476577	482115	0.0114868859089636	-0.059163616653326	0.312092289792536	0.84964539112182	FALSE	1.5483696530772	2.18277218231924	0.738346580544909	0.993462307351629	0.61074173566308
M13_BURSOPATHY	Other bursopathies	XIII Diseases of the musculoskeletal system and connective tissue (M13_)	5544	357549	363093	0.0152688154274525	-0.156679286779519	0.159048190137274	0.324572128808952	FALSE	1.5493015092659	2.18511818641568	0.737183342509046	0.99334947671559	0.608399052905861
F5_PSYCHDEV	Disorders of psychological development	V Mental and behavioural disorders (F5_)	5519	494829	500348	0.0110303228952649	-0.387812618682508	0.241133312067379	0.107771385425871	FALSE	1.54937768790053	2.18531001973539	0.737088304242738	0.993340194073089	0.608207712130163
N14_ENDOMETRIOSIS_UTERUS	Adenomyosis (Endometriosis of uterus)	XIV Diseases of the genitourinary system (N14_)	5673	130160	135833	0.0417645196675329	-0.107272441340404	0.160368385562551	0.503551201942033	FALSE	1.55075301700609	2.18877465273123	0.735373946051191	0.993171070130506	0.604757795495454
F5_EMOPER	Emotionally unstable personality disorder	V Mental and behavioural disorders (F5_)	5464	486464	491928	0.0111073165178644	0.0819797633096846	0.370275159292987	0.824779219788436	FALSE	1.55281383465557	2.19397063950742	0.732810387485156	0.99291217449191	0.599604918581815
E4_LIPOPROTNAS	Disorder of lipoprotein metabolism, unspecified	IV Endocrine, nutritional and metabolic diseases (E4_)	5471	420066	425537	0.0128566963624785	0.0665599691058541	0.16113523581978	0.67955606839636	FALSE	1.55298138713398	2.19439333163853	0.732602242037834	0.992890834764296	0.599186863064672
H7_OTHERCONJ	Other disorders of conjunctiva	VII Diseases of the eye and adnexa (H7_)	5450	454779	460229	0.0118419308648521	0.221754565888655	0.160214585171019	0.166324858689162	FALSE	1.55394565856968	2.19682663856894	0.731405190718038	0.992767170218945	0.596783601784362
J10_COLD	Acute nasopharyngitis (common cold)	X Diseases of the respiratory system (J10_)	5435	402652	408087	0.0133182385128661	-0.104117274059925	0.274705515263523	0.704677365171657	FALSE	1.55540387537984	2.20050865354838	0.729597680852809	0.992577384944302	0.593158042933082
D3_SARCOIDOSIS	Sarcoidosis	III Diseases of the blood and blood-forming organs and certain disorders involving the immune mechanism (D3_)	5411	492311	497722	0.0108715306938411	-0.00133384899702233	0.228533069429799	0.995343118256646	FALSE	1.55607388087552	2.20220133491334	0.72876829998658	0.992489059411919	0.591495815375003
H7_MYOPIA	Myopia	VII Diseases of the eye and adnexa (H7_)	5406	476776	482182	0.0112115342339614	-0.203589079546955	0.165492331199536	0.218621284008262	FALSE	1.55651039263709	2.2033044328786	0.728228335338674	0.992431132319091	0.590414105420827
K11_APHTA_RECUR_INCLAVO	Recurring oral aphthae, including avohilmo	XI Diseases of the digestive system (K11_)	5394	494954	500348	0.0107804967742451	0.117346591980028	0.160936791368077	0.465911696478271	FALSE	1.55712590897404	2.20486030174421	0.727467456061459	0.992348936266383	0.588890485725442
F5_DEMNAS	Unspecified dementia	V Mental and behavioural disorders (F5_)	5388	469981	475369	0.0113343528921743	0.473285164516024	0.167706878978521	0.00477106692052179	FALSE	1.55770307966387	2.20631968148178	0.726754527750754	0.992271312894571	0.587463584339077
AB1_CANDIDIASIS	Candidiasis	I Certain infectious and parasitic diseases (AB1_)	5341	488977	494318	0.0108047855833694	-0.0244823178972829	0.161199800940778	0.87928504650403	FALSE	1.56055106728528	2.21352705481935	0.723244553984658	0.991880477481885	0.580448740496237
D3_PURPURA_AND3_OTHER_HAEMORRHAGIC	Purpura and other haemorrhagic conditions	III Diseases of the blood and blood-forming organs and certain disorders involving the immune mechanism (D3_)	5340	492275	497615	0.0107311877656421	0.00186754132246695	0.160723061232986	0.990729091106339	FALSE	1.56059025619533	2.21362630191388	0.723196348654515	0.99187500845663	0.580352522299773
FG_CARDMYO	Cardiomyopathy (excluding other)	Cardiometabolic endpoints	5351	394279	399630	0.0133898856442209	0.0645244565318295	0.251405759201178	0.79744538492267	FALSE	1.56081025715334	2.21418349730361	0.722925777967327	0.991844260043381	0.579812524429462
L12_ULCERLOWLIMB	Ulcer of lower limb, not elsewhere classified	XII Diseases of the skin and subcutaneous tissue (L12_)	5324	465673	470997	0.0113036813397962	-0.105420292198798	0.208818596456175	0.613670169338368	FALSE	1.5618350021005	2.21677967686392	0.721666543168203	0.991700003966437	0.577300804296671
DM_NEPHROPATHY	Diabetic nephropathy	Diabetes endpoints	5579	90951	96530	0.0577955039883974	-0.106957371295937	0.165881172579062	0.519067776341605	FALSE	1.56231581495365	2.21799827198205	0.72107631163409	0.991631731218302	0.576124325530649
MACULAR_PUCKER	Macular pucker	VII Diseases of the eye and adnexa (H7_)	5315	455449	460764	0.0115351893811148	-0.0428294686269712	0.280703522890165	0.878730270323801	FALSE	1.56250609054891	2.21848059692245	0.720842842183079	0.991604609284737	0.575659109237426
I9_THROMBOTH	Other embolism and thrombosis	IX Diseases of the circulatory system (I9_)	5316	432223	437539	0.0121497740772823	0.22663597505349	0.162089614383762	0.162048800983222	FALSE	1.56265737303116	2.21886411209908	0.720657261036884	0.991583003366482	0.575289375894605
CONGEN_HEART_ARTER	Congenital malformations of heart and great arteries	Cardiometabolic endpoints	5303	495045	500348	0.0105986233581427	0.0444147345771523	0.162023593989346	0.783988482173264	FALSE	1.56296419976065	2.21964203597733	0.720280989291801	0.991539068323559	0.574539892711806
O15_POOR_FETGRO	Poor fetal growth	XV Pregnancy, childbirth and the puerperium (O15_)	5315	276749	282064	0.0188432412502127	-0.0694557783267887	0.163924753525339	0.671780787450054	FALSE	1.56510043071209	2.22506152852692	0.717665694356349	0.991228910247982	0.569336731923634
CD2_BENIGN_LIPO_SKIN_TRUNK	Benign lipomatous neoplasm of skin and subcutaneous tissue of trunk	II Neoplasms from hospital discharges (CD2_)	5258	495090	500348	0.0105086859545756	-0.273842887344562	0.162688716759018	0.0923301487907948	FALSE	1.56591561787073	2.2271311429839	0.716669760498874	0.991108578150399	0.567358211123101
O15_POSTPART_HAEMORRH_PLACENTA	Postpartum haemorrhage due to retained placenta	XV Pregnancy, childbirth and the puerperium (O15_)	5306	201742	207048	0.0256269077701789	0.196601387676374	0.164277395759326	0.231398282152953	FALSE	1.56813605243986	2.23277272167925	0.713962870674991	0.990775243159392	0.561989102353318
C3_NONHODGKIN_EXALLC	Non-Hodgkin lymphoma, all, excluding all cancers (controls excluding all cancers)	II Neoplasms, from cancer register (ICD-O-3)	5225	378749	383974	0.0136076921874919	0.0239770266291344	0.163858063976672	0.883662444431987	FALSE	1.56923912282664	2.23557768662497	0.712621366448843	0.990606603810581	0.55933291235132
H8_OTIMEDNAS	Otitis media, unspecified	VIII Diseases of the ear and mastoid process (H8_)	5209	465154	470363	0.0110744254969035	-0.121620820317149	0.165077206299025	0.461273699644786	FALSE	1.56941662535082	2.2360291972227	0.712405697922902	0.990579277352732	0.558906183003802
O15_PUERP_SEPSIS	Puerperal sepsis	XV Pregnancy, childbirth and the puerperium (O15_)	5246	270228	275474	0.0190435394991905	0.0401360143482679	0.223895826572385	0.857731980695517	FALSE	1.56977503191784	2.2369409930726	0.711970399382421	0.990523940295473	0.558045138553417
J10_VIRALPNEUMO	Viral pneumonia	X Diseases of the respiratory system (J10_)	5181	415538	420719	0.0123146328071706	-0.0178668339845042	0.259688017754523	0.945147903544082	FALSE	1.57177233618574	2.24202518289313	0.709548822486368	0.990211619290013	0.553261392214015
DM_NEPHROPATHY_EXMORE	Diabetic nephropathy (more control exclusions)	Diabetes endpoints	5579	59084	64663	0.0862780879328209	-0.0891616716976655	0.19007628672082	0.639009870357223	FALSE	1.57313407779265	2.24549444223801	0.707901962064195	0.98999483370001	0.550014281144589
H7_EYELIDINFLAMMATION	Other inflammation of eyelid	VII Diseases of the eye and adnexa (H7_)	5155	453930	459085	0.0112288574011349	0.184895482574686	0.164386679153911	0.260690951643711	FALSE	1.57317178344833	2.24559053713267	0.707856409888718	0.989988786505146	0.549924538906441
H7_DIPLOPIA	Diplopia	VII Diseases of the eye and adnexa (H7_)	5141	475933	481074	0.0106865056103635	-0.140832573112095	0.164404078824327	0.391652403134726	FALSE	1.57394618374653	2.24756453810507	0.706921435033833	0.989864056723686	0.548083424732429
N14_PROSTATITIS	Inflammatory diseases of prostate (prostatitis)	XIV Diseases of the genitourinary system (N14_)	5255	153573	158828	0.0330861057244315	-0.279083630764762	0.165370247417132	0.0914824623810751	FALSE	1.57429235123074	2.24844719020211	0.706503845741051	0.98980797212857	0.547261669306532
K11_COELIAC	Coeliac disease	XI Diseases of the digestive system (K11_)	5130	478189	483319	0.0106141078666471	0.230131917395386	0.166427630058155	0.166733956692181	FALSE	1.57468520970377	2.24944907889036	0.706030200379581	0.989744076467663	0.546330013895408
I9_ICH	Intracerebral haemorrhage	IX Diseases of the circulatory system (I9_)	5112	450016	455128	0.0112320050623121	-0.131089348264142	0.306551891615423	0.668923934531345	FALSE	1.57616735722884	2.25323069837394	0.704245846704021	0.989500651949153	0.542824173080336
I9_THAORTANEUR	Thoracic aortic aneurysm	IX Diseases of the circulatory system (I9_)	5108	463106	468214	0.0109095413635645	-0.295522633995402	0.165902115354437	0.0748622775190334	FALSE	1.57633114757453	2.25364877206379	0.704048911388176	0.989473521639735	0.542437629031552
AB1_DERMATOPHYTOSIS	Dermatophytosis	I Certain infectious and parasitic diseases (AB1_)	5071	488977	494048	0.0102641848565322	-0.230963059516241	0.16608872686821	0.164346617646973	FALSE	1.57871058206692	2.25972610958773	0.701193662810083	0.989074213648409	0.536842209983246
RHEUMA_NOS	Other/unspecified rheumatoid arthritis	Rheuma endpoints	5042	495193	500235	0.0100792627465091	0.0192054888950119	0.202103596430759	0.924292632620249	FALSE	1.58071441314521	2.2648496985855	0.698797468188793	0.988730391759496	0.532159479355965
H7_RETINALDETACHBREAK	Retinal detachment with retinal break	VII Diseases of the eye and adnexa (H7_)	5041	455449	460490	0.0109470346804491	-0.0729755733915373	0.166451800930037	0.661082831396287	FALSE	1.58110371856793	2.26584570448949	0.698332827376173	0.988662789982983	0.531252875899674
M13_TENDOSYNOVITISNAS	Other/unspecified synovitis and tenosynovitis	XIII Diseases of the musculoskeletal system and connective tissue (M13_)	5047	357549	362596	0.0139190724663262	0.253190641300985	0.264531513455004	0.338502418050678	FALSE	1.58176327834614	2.26753357357725	0.697546301811141	0.988547660839058	0.529719275845806
E4_ENDOMETPOSTOP	Postprocedural endocrine and metabolic disorders, not elsewhere classified	IV Endocrine, nutritional and metabolic diseases (E4_)	5016	420066	425082	0.011800076220588	-0.0365818882561307	0.166809559259931	0.82641378472328	FALSE	1.58322131193623	2.27126676642715	0.695810587106832	0.988290477859431	0.52633968852042
N14_BREASTDISOTH	Other disorders of breast	XIV Diseases of the genitourinary system (N14_)	5052	258508	263560	0.0191683108210654	-0.218154356312616	0.166665050727382	0.190555072477857	FALSE	1.58334235412503	2.27157680791395	0.695666678502757	0.988268961190222	0.526059784362974
F5_PSYTRANS	Acute and transient psychotic disorders	V Mental and behavioural disorders (F5_)	5003	484776	489779	0.0102148111699358	0.218262715270589	0.418403099128137	0.601909485432588	FALSE	1.58358230631177	2.27219148445596	0.695381480834829	0.988226231532609	0.525505207188908
N14_HYDROCELE	Hydrocele	XIV Diseases of the genitourinary system (N14_)	5108	153573	158681	0.03219036935739	-0.0126262534834754	0.167533592698976	0.939923905739242	FALSE	1.58419501285983	2.27376136380304	0.694653752921741	0.988116668629178	0.524090937237878
M13_POLYMYALGIA	Polymyalgia rheumatica	XIII Diseases of the musculoskeletal system and connective tissue (M13_)	4992	484260	489252	0.0102033307988521	0.214494808387142	0.168214361631608	0.202264012085858	FALSE	1.58437987455154	2.27423511088704	0.694434332189095	0.98808348360572	0.523664747085222
RHEUMA_SERONEG	Seronegative rheumatoid arthritis	Rheuma endpoints	5002	374317	379319	0.0131867900105189	-0.0725847942568359	0.167589671401307	0.664934720944667	FALSE	1.5847509761299	2.27518626803164	0.69399405740318	0.988016686257612	0.522809910286282
O15_RETAINED_PLAC_MEMB_NO_HEAMORRH	Retained placenta and membranes, without haemorrhage	XV Pregnancy, childbirth and the puerperium (O15_)	4995	214925	219920	0.0227128046562386	0.0381069836883405	0.217648012011042	0.861012550230827	FALSE	1.5888172998202	2.28561997625387	0.68918762363361	0.987268970719505	0.513506738355658
CD2_BENIGN_ENDOCRINE_OTH	Benign neoplasm of other and unspecified endocrine glands	II Neoplasms from hospital discharges (CD2_)	4928	495420	500348	0.00984914499508342	0.282096332437611	0.167284436260685	0.0917327517646759	FALSE	1.58897453846715	2.28602385381414	0.689002428024989	0.987239474706114	0.513149362764014
O15_LABOUR_OTHER	Other complications of labour and delivery, not elsewhere classified	XV Pregnancy, childbirth and the puerperium (O15_)	4944	214925	219869	0.0224861167331456	-0.186236929768021	0.296501825367362	0.529929301713492	FALSE	1.59252022179387	2.29513950297935	0.684839570470533	0.986562763138197	0.50513806522188
K11_OTHINT	Other diseases of intestine	XI Diseases of the digestive system (K11_)	4877	394725	399602	0.0122046436204023	-0.0024704665981511	0.169308624215488	0.988358081454799	FALSE	1.59370034674428	2.29817704274408	0.683459696146906	0.986332594186882	0.502491938087886
K11_DEEP_BITE	Deep bite	XI Diseases of the digestive system (K11_)	4863	495485	500348	0.00971923541215314	0.336713817595295	0.220834122511518	0.127324867170465	FALSE	1.59383472531554	2.29852303366214	0.683302753239886	0.986306228496855	0.502191276913409
N14_GENITOUROTH	Other disorders of the genitourinary system	XIV Diseases of the genitourinary system (N14_)	4858	495490	500348	0.00970924236731235	0.00903720309828206	0.169680780760863	0.957524728178327	FALSE	1.59421325710332	2.29949778068965	0.682860858965372	0.986231786329748	0.501345057069479
C3_BLADDER_EXALLC	Malignant neoplasm of bladder, excluding all cancers (controls excluding all cancers)	II Neoplasms, from cancer register (ICD-O-3)	4852	378749	383601	0.0126485593103251	-0.183041037791489	0.173347061977325	0.291003690209693	FALSE	1.5957801626999	2.30353461090202	0.681034803926305	0.985920926818122	0.49785344095118
N14_KIDUROTH	Other disorders of kidney and ureter	XIV Diseases of the genitourinary system (N14_)	4837	495511	500348	0.00966727157898103	0.141143736622079	0.169009821441183	0.403649299025365	FALSE	1.59581050566132	2.30361281443476	0.680999492538657	0.985914863902181	0.497786005572769
C3_RECTUM_EXALLC	Malignant neoplasm of rectum, excluding all cancers (controls excluding all cancers)	II Neoplasms, from cancer register (ICD-O-3)	4844	378749	383593	0.0126279676636435	0.136367431166542	0.170492469201347	0.423801007694452	FALSE	1.59638810246582	2.3051016891605	0.68032768181603	0.985799139575907	0.496503635778661
K11_CHRONPANC	Chronic pancreatitis	XI Diseases of the digestive system (K11_)	4820	437418	442238	0.0108991086247677	-0.0735415826155417	0.221002894418239	0.739313201820813	FALSE	1.59759076077903	2.30820314650087	0.678931072625529	0.985556270836165	0.493841485609904
H8_HL_MIX_NAS	Mixed conductive and sensorineural hearing loss	VIII Diseases of the ear and mastoid process (H8_)	4810	437331	442141	0.0108788825284242	0.0028320324437203	0.170348787996018	0.986735855861957	FALSE	1.59836091309483	2.31019020570609	0.678038298799118	0.985399386457438	0.492142386171191
G6_BELLPA	Bell's palsy	VI Diseases of the nervous system (G6_)	4800	435371	440171	0.010904852886719	0.314372530531409	0.170033667323992	0.064474561496422	FALSE	1.59915138378288	2.31223047023393	0.677123258579242	0.985237259634226	0.490403084856242
E4_PCOS_BROAD	Polycystic ovarian syndrome, broad definition	IV Endocrine, nutritional and metabolic diseases (E4_)	4810	273021	277831	0.0173126828899583	0.373475217605097	0.2109882453367	0.0767065961508616	FALSE	1.60081265043942	2.31652090698981	0.6752044599659	0.984892882628355	0.486763068146367
CD2_BENIGN_MELANOCYTIC_TRUNK	Melanocytic naevi of trunk	II Neoplasms from hospital discharges (CD2_)	4762	495586	500348	0.00951737590636917	-0.271930250727444	0.170356915980351	0.110435577622511	FALSE	1.60161468012555	2.31859350502951	0.674280175253831	0.984724851414579	0.485013197457388
CD2_BENIGN_ASCENDING_COLON	Benign neoplasm: Ascending colon	II Neoplasms from hospital discharges (CD2_)	4736	495612	500348	0.00946541207319706	0.0689401798915367	0.220413599547509	0.754450519902184	FALSE	1.60366403657347	2.32389313711075	0.671924604680261	0.984290244805593	0.480564094129
KRA_PSY_HYPERKIN_EXMORE	Hyperkinetic disorders (more control exclusions)	Psychiatric endpoints from Katri Räikkönen	4737	362304	367041	0.0129059151429949	-0.340952237265862	0.180808589820146	0.0593342896659968	FALSE	1.60490322580993	2.32710026031936	0.670504580251981	0.984023782695113	0.477889384496256
CD2_BENIGN_BREAST	Benign neoplasm of breast	II Neoplasms from hospital discharges (CD2_)	4750	277314	282064	0.0168401497532475	0.0617573457188166	0.171166169943437	0.718246378845276	FALSE	1.60537911380369	2.32833241447538	0.669960115205169	0.983920717298295	0.476865335245122
T1D	Type 1 diabetes, definitions combined	Diabetes endpoints	4721	403489	408210	0.0115651257930967	-0.403124836378371	0.177645260117587	0.0232519880264024	FALSE	1.6056728849778	2.32909318074311	0.669624251951299	0.983856889953423	0.476234044884208
L12_INFECT_DERM	Infective dermatitis	XII Diseases of the skin and subcutaneous tissue (L12_)	4713	432874	437587	0.0107704296517035	0.110654506996553	0.17253384646907	0.521295594588588	FALSE	1.60601223735708	2.32997212274218	0.669236506103146	0.983782965427853	0.475505629021744
H7_CHALAZION	Chalazion	VII Diseases of the eye and adnexa (H7_)	4708	453930	458638	0.0102651764572495	-0.119240169003848	0.171698964995483	0.487386088679039	FALSE	1.60622183258663	2.33051505920668	0.668997144509864	0.98373720339056	0.475056177376007
N14_OTHBLADD	Other disorders of  bladder	XIV Diseases of the genitourinary system (N14_)	4699	403328	408027	0.0115163947483868	0.00739823529173028	0.172660097524855	0.965822260030185	FALSE	1.60743291705789	2.33365334781363	0.667615906899839	0.983471227714859	0.472465773486668
H7_RETINAVASC	Retinal vascular disorders	VII Diseases of the eye and adnexa (H7_)	4691	455449	460140	0.0101947233450689	-0.187808581967728	0.172944446611446	0.277502239210959	FALSE	1.60757322884164	2.33401705845192	0.667456085216311	0.983440241507008	0.472166389432705
G6_MYONEU	Diseases of the myoneural junction and muscle	VI Diseases of the nervous system (G6_)	4681	495667	500348	0.00935548857994836	-0.000537827935503114	0.172208768076424	0.997508118121407	FALSE	1.60806436119958	2.33529034864866	0.666896995754818	0.983331500482014	0.471119654268679
MACULA_NAS	Degenerative macular diseases	VII Diseases of the eye and adnexa (H7_)	4683	455449	460132	0.0101775142785114	0.0540931111106589	0.172957247323218	0.754467389456967	FALSE	1.60821829281048	2.33568948849157	0.666721871684619	0.983297328929854	0.470791968024437
AB1_HERPES_SIMPLEX	Herpesviral [herpes simplex] infections	I Certain infectious and parasitic diseases (AB1_)	4677	480316	484993	0.00964343815271561	0.00122604960523399	0.172300832911714	0.994322501064418	FALSE	1.60850209498433	2.33642545729714	0.666399130893678	0.983234214880006	0.470188296233256
G6_CPETAL	Cerebral palsy and other paralytic syndromes	VI Diseases of the nervous system (G6_)	4661	495687	500348	0.00931551640058519	0.090078961033308	0.174810025259853	0.606345976836899	FALSE	1.60968685849396	2.33949894197278	0.665053689208766	0.982969164856108	0.467674933799438
C3_SQUOMOUS_CELL_CARCINOMA_SKIN_EXALLC	Squamous cell neoplasms and carcinomas of the skin, excluding all cancers (controls excluding all cancers)	II Neoplasms, from cancer register (ICD-O-3)	4663	378749	383412	0.0121618520025456	-0.091599555414038	0.177422283566151	0.605658945987083	FALSE	1.61062571685762	2.34193576774829	0.663989656016139	0.982757323579164	0.46569096408757
E4_HYPOKALAEMIA	Hypokalaemia	IV Endocrine, nutritional and metabolic diseases (E4_)	4638	420066	424704	0.0109205470162749	0.257865367062592	0.248934911515698	0.300260620370164	FALSE	1.61220949881187	2.34604903466728	0.662199042918727	0.982396345615265	0.462359687673771
N14_CERVICAL_LSIL	LSIL lesion of the cervix uteri	XIV Diseases of the genitourinary system (N14_)	4655	277409	282064	0.0165033467581825	-0.298556441821965	0.328642439486287	0.36363856239049	FALSE	1.61298074624907	2.34805320397519	0.661329049246173	0.982218915920803	0.460744545259959
L12_ACNE	Acne	XII Diseases of the skin and subcutaneous tissue (L12_)	4617	476404	481021	0.00959833354468932	0.171252357304406	0.254675702272405	0.501308053261496	FALSE	1.61344379667871	2.34925685193592	0.660807334795391	0.982111870488571	0.459777057654276
G6_SLEEPDISOTH	Other sleep disorders	VI Diseases of the nervous system (G6_)	4625	374605	379230	0.0121957651029718	-0.124460605556553	0.301968206165164	0.680218780432042	FALSE	1.61378923363484	2.35015495350798	0.660418438808796	0.982031761034428	0.459056399932725
G6_RLS	Restless leg syndrome	VI Diseases of the nervous system (G6_)	4599	495749	500348	0.00919160264455939	-0.297295993352416	0.17439582240636	0.0882467146708316	FALSE	1.6147945620732	2.35276956621407	0.659288113769908	0.981797386004916	0.45696437246245
K11_DULC	Duodenal ulcer	XI Diseases of the digestive system (K11_)	4590	423785	428375	0.0107149110008754	-0.516518774971553	0.225586637628625	0.0220405004578077	FALSE	1.6161495306009	2.35629553032358	0.657768175209929	0.981478596550302	0.454157288075977
M13_CERVICOCRANSDR	Cervicocranial syndrome	XIII Diseases of the musculoskeletal system and connective tissue (M13_)	4595	353224	357819	0.0128416881160587	0.0490421879160753	0.210536152681776	0.815808378860151	FALSE	1.61656219802697	2.35736985472216	0.657306064346351	0.981380844373909	0.453305226548799
K11_MISS_TEETH_ACCID_EXTR_PAROD	Missing teeth due to accident, extraction or parodontitis	XI Diseases of the digestive system (K11_)	4597	310260	314857	0.0146002788567508	-0.032237367131203	0.175098116091871	0.853926924363968	FALSE	1.61708573760543	2.35873312994302	0.656720335427212	0.981256383954386	0.452226164155668
H7_KERATITISOTH	Other keratitis	VII Diseases of the eye and adnexa (H7_)	4563	473095	477658	0.00955285999606413	0.197681038015516	0.174293933698404	0.256718223143143	FALSE	1.61798593210348	2.36107800943587	0.655714619108714	0.981041218103458	0.450375817483948
H7_RETIVASCOCCLUSION	Retinal vascular occlusion	VII Diseases of the eye and adnexa (H7_)	4560	455449	460009	0.00991284953120482	-0.165434114079642	0.175387963724533	0.345554743019585	FALSE	1.61838361039693	2.36211423161361	0.655270892625877	0.98094569572453	0.449560420648037
M13_EARLY_LUMBAR_PROLAPSE	Early lumbar disc prolapse, operated	XIII Diseases of the musculoskeletal system and connective tissue (M13_)	4559	353224	357783	0.0127423605928733	0.0151780822767374	0.176155144925714	0.931336723312454	FALSE	1.61958533792209	2.36524676376652	0.653932133060603	0.980655294910348	0.447103972354342
COPD_INSUFFICIENCY	COPD-related respiratory insufficiency	Comorbidities of COPD	4541	477322	481863	0.00942384038616785	0.280099288095745	0.286025096971858	0.32744055973767	FALSE	1.61981979522678	2.36585813438315	0.653671312450843	0.980598331791939	0.446626045104548
C3_URINARY_TRACT_EXALLC	Malignant neoplasm of urinary organs, excluding all cancers (controls excluding all cancers)	II Neoplasms, from cancer register (ICD-O-3)	4535	378749	383284	0.0118319575040962	0.143698738383988	0.176383499260362	0.415246969825157	FALSE	1.62128911281628	2.36969110799544	0.652039547222454	0.980239076231614	0.443640799850947
N14_HYDRONEPHR	Hydronephrosis	XIV Diseases of the genitourinary system (N14_)	4509	447142	451651	0.00998337211696642	0.0717748605831012	0.203316826937573	0.724073615163304	FALSE	1.62281145906889	2.3736652950578	0.650353936372093	0.97986271755618	0.44056579208098
K11_CROWDI_TEETH	Crowding of teeth, including avohilmo	XI Diseases of the digestive system (K11_)	4491	495857	500348	0.00897575287599831	0.129081642771865	0.181341818512112	0.476579970473797	FALSE	1.62398452843149	2.37672966966341	0.64905857228116	0.979569835813822	0.438208789055538
C3_COLON_ADENO_EXALLC	Colon adenocarcinoma, excluding all cancers (controls excluding all cancers)	II Neoplasms, from cancer register (ICD-O-3)	4478	378749	383227	0.011684980442401	0.0692278143374244	0.244752898657639	0.777293525081367	FALSE	1.62620834267372	2.38254364729168	0.646611332763921	0.979007752514878	0.433770452413294
F5_ADHD	Disturbance of activity and attention	V Mental and behavioural disorders (F5_)	4452	490708	495160	0.00899103320138945	-0.351576630826653	0.179770374975924	0.050500695881909	FALSE	1.62743580577771	2.38575542382352	0.645265275521416	0.978693657052987	0.431337430440474
N14_GLOMEINOTH	Glomerular disorders in diseases classified elsewhere	XIV Diseases of the genitourinary system (N14_)	4446	492922	497368	0.00893905518650175	-0.180617227424443	0.176545335043182	0.306277450819659	FALSE	1.62794970625311	2.38710065959988	0.644702724116794	0.97856134288469	0.430322345873248
I9_ABAORTANEUR	Abdominal aortic aneurysm (AAA)	IX Diseases of the circulatory system (I9_)	4439	463106	467545	0.00949427327850795	0.159039816773958	0.179755377424505	0.376287740845133	FALSE	1.62879768993785	2.38932115336358	0.643775754847294	0.978341964325912	0.42865193887038
D3_ANAEMIA_B12_DEF	Vitamin B12 deficiency anaemia	III Diseases of the blood and blood-forming organs and certain disorders involving the immune mechanism (D3_)	4426	477015	481441	0.00919323447732952	-0.137465636244765	0.177748265624875	0.439301907898109	FALSE	1.62984321117564	2.39206016064342	0.642635067191409	0.978069685890289	0.426600258986683
DM_MACULOPATHY	Diabetic maculopathy	Diabetes endpoints	4603	82287	86890	0.0529750258948095	-0.386683905678598	0.18026223504306	0.0319433512800373	FALSE	1.63222982758605	2.39831767746889	0.64004041101457	0.977440729459288	0.421949358081085
L12_PRURITUS	Pruritus	XII Diseases of the skin and subcutaneous tissue (L12_)	4387	432874	437261	0.0100329094065101	0.395796788267113	0.178079456780549	0.0262437743048242	FALSE	1.63371790374388	2.40222293335001	0.638429106597481	0.977043347560893	0.419072343998457
N14_ENDOMET_INFERT	Endometriosis diagnosis and infertility diagnosis occurring together	XIV Diseases of the genitourinary system (N14_)	4413	268626	273039	0.0161625262325162	-0.0306479023997493	0.178506225245309	0.863680505392614	FALSE	1.63383895904892	2.40254074966554	0.638298246106069	0.977010844176878	0.418839070645294
F5_DELIRIUM	Delirium, not induced by alcohol and other psychoactive substances	V Mental and behavioural disorders (F5_)	4381	469981	474362	0.0092355627137081	0.237805496836515	0.180480727539039	0.187629995157992	FALSE	1.63394389734472	2.40281626765486	0.638184834796756	0.976982646760522	0.418636948760865
H8_EXT_NAS	Otitis externa, unspecified	VIII Diseases of the ear and mastoid process (H8_)	4338	485292	489630	0.0088597512407328	-0.0542389975513942	0.178750439895256	0.761558982122928	FALSE	1.63776184954021	2.41284984193885	0.634075516537665	0.9759432088806	0.411342540450535
O15_LABOUR_ABNORM_FORCES	Abnormalities of forces of labour	XV Pregnancy, childbirth and the puerperium (O15_)	4378	214925	219303	0.0199632471968008	-0.144142211558218	0.179735794717401	0.422571933357961	FALSE	1.63860576732506	2.41507013878131	0.633171642698215	0.97570990096404	0.409745772136076
M13_ACHILLESTEND	Achilles tendinitis	XIII Diseases of the musculoskeletal system and connective tissue (M13_)	4343	353224	357567	0.012145975439568	-0.112097832072424	0.179158571768159	0.531517908035731	FALSE	1.63863885766693	2.41515721577999	0.633136234305293	0.97570072671003	0.409683277101802
O15_POSTPART_HAEMORRH_ANATOMY	Postpartum haemorrhage due to anatomy	XV Pregnancy, childbirth and the puerperium (O15_)	4372	202676	207048	0.0211158765117268	0.111634083717968	0.264378672214946	0.672842026668996	FALSE	1.63963778636149	2.41778653965453	0.632068495949064	0.9754228462482	0.407800760906121
H7_GLAUCOMA_XFG	Glaucoma, exfoliation	VII Diseases of the eye and adnexa (H7_)	4277	473757	478034	0.00894706234284591	-0.0545568839947265	0.228198216905109	0.811046083675952	FALSE	1.64354917789768	2.42809399388321	0.62790945030383	0.974317505923535	0.400505518526878
F5_MENTORG	Other mental disorders due to brain damage and dysfunction and to physical disease	V Mental and behavioural disorders (F5_)	4277	469981	474258	0.00901829805717563	0.299015829651843	0.183223616561638	0.102685364508907	FALSE	1.6435785282452	2.428171411994	0.627878372885543	0.974309107802637	0.400451232991502
M13_PSORIARTH	Psoriatic arthropathies	XIII Diseases of the musculoskeletal system and connective tissue (M13_)	4290	315115	319405	0.0134312236815329	-0.0638017177379363	0.1803470584643	0.723509849692718	FALSE	1.64416198270346	2.42971062905728	0.627260992232216	0.974141841370549	0.39937350253677
CD2_BENIGN_MOUTH_PHARYNX	Benign neoplasm of mouth and pharynx	II Neoplasms from hospital discharges (CD2_)	4257	496091	500348	0.00850807837744929	0.357967992099384	0.180267395159164	0.0470598501116065	FALSE	1.64528490143254	2.43267421976446	0.626074956440332	0.973818203319262	0.397306848781176
C_DIFFICILE_ENTEROCOLITIS	Enterocolitis due to Clostridium difficile	I Certain infectious and parasitic diseases (AB1_)	4250	492689	496939	0.0085523575328159	-0.0936546690667487	0.180886641764211	0.604630353539176	FALSE	1.64597772121296	2.43450349230342	0.625344624717389	0.973617398940384	0.396036715415508
D3_AGRANULOCYTOSIS	Agranulocytosis	III Diseases of the blood and blood-forming organs and certain disorders involving the immune mechanism (D3_)	4238	491224	495462	0.00855363277102987	0.221753235854459	0.180452609330282	0.219119641182984	FALSE	1.64713911363728	2.43757130783633	0.624122799236838	0.973278860422085	0.39391602714599
M13_MUSCLE	Disorders of muscles	XIII Diseases of the musculoskeletal system and connective tissue (M13_)	4232	357549	361781	0.0116976845107952	-0.0918787269554752	0.181494876798962	0.612692971412232	FALSE	1.64903005538916	2.44256986224414	0.622140030105677	0.972722512678802	0.390485861968299
I9_SAH	Subarachnoid haemorrhage	IX Diseases of the circulatory system (I9_)	4180	450276	454456	0.00919781012903339	0.232984789235709	0.183799781386781	0.204940469693629	FALSE	1.65310203797524	2.45334911597533	0.617897955570328	0.971502871695584	0.383194386777573
HERING_BILATERAL	Inguinal hernia, bilateral	XI Diseases of the digestive system (K11_)	4091	426666	430757	0.00949723393932078	-0.213890087303863	0.18637799943818	0.251127757448449	FALSE	1.66224408997384	2.47762576149803	0.608511703650775	0.968658077840952	0.367293831436858
N14_ENDOMETRIOSIS_NOS	Unspecified/other endometriosis	XIV Diseases of the genitourinary system (N14_)	4152	130160	134312	0.0309130978616952	-0.332538917696774	0.186190042507004	0.0740962129794219	FALSE	1.66523284324862	2.48558517327346	0.605484431176302	0.967696378183177	0.362235194123314
AB1_VIRAL_WARTS	Viral warts	I Certain infectious and parasitic diseases (AB1_)	4044	480316	484360	0.00834916178049385	-0.125432933254488	0.185353991552105	0.498583007898682	FALSE	1.66665241743118	2.48936960451711	0.604053686958443	0.967234181375718	0.35985637071381
H7_PTOSIS	Ptosis of eyelid	VII Diseases of the eye and adnexa (H7_)	4013	453930	457943	0.0087630993376905	-0.140808985827185	0.186698935622629	0.450727051946856	FALSE	1.67011642614682	2.49861490633638	0.600581667045267	0.966091783724161	0.354115833512605
M13_PLANTARFASC	Plantar fascial fibromatosis	XIII Diseases of the musculoskeletal system and connective tissue (M13_)	4020	357549	361569	0.0111182098022784	0.0166465512289915	0.186976834817556	0.929058052820771	FALSE	1.67038886494629	2.49934267414568	0.600309755492133	0.966001063486832	0.353668197902299
K11_EMBED_TEETH	Embedded teeth, including avohilmo	XI Diseases of the digestive system (K11_)	4006	496342	500348	0.0080064275264416	-0.00919624609745827	0.187617630549717	0.960906628709383	FALSE	1.67053750492544	2.49973977654835	0.600161474291443	0.965951513921368	0.353424208149321
K11_PERITON	Diseases of peritoneum	XI Diseases of the digestive system (K11_)	4005	496343	500348	0.00800442891747344	0.163857325081689	0.186018681330166	0.378390953328922	FALSE	1.67064365777737	2.50002338851995	0.600055608395112	0.965916104461547	0.353250062127726
O15_PREG_GU_INFECT	Infections of genitourinary tract in pregnancy	XV Pregnancy, childbirth and the puerperium (O15_)	4028	237906	241934	0.0166491687815685	0.0780167229070499	0.290081403045779	0.787969938143722	FALSE	1.67194250024332	2.50349469356351	0.598762349853298	0.965481292285439	0.351126150314813
J10_PLEUROTH	Other pleural conditions	X Diseases of the respiratory system (J10_)	3964	479655	483619	0.00819653487559422	0.0383526116083295	0.274719925259176	0.888971122211762	FALSE	1.67515581988638	2.51209176177189	0.595579301064226	0.964393251795306	0.34592597438935
E4_GRAVES_STRICT	Graves disease, strict definition	IV Endocrine, nutritional and metabolic diseases (E4_)	3962	496386	500348	0.00791848873184264	0.241367249555185	0.186723840751888	0.196134590163824	FALSE	1.67525277820191	2.51235137015154	0.59548362011657	0.964360149716389	0.345770263526696
L12_INFECT_SKIN_OTHER	Other local infections of skin and subcutaneous tissue	XII Diseases of the skin and subcutaneous tissue (L12_)	3961	470507	474468	0.00834829746157802	0.188174821845017	0.288470652477583	0.514195552458712	FALSE	1.67554923174065	2.51314520531951	0.595191204343502	0.964258840505357	0.345294606170139
Q17_CONGEN_MALFO_GENITAL_ORGANS	Congenital malformations of genital organs	XVII Congenital malformations, deformations and chromosomal abnormalities (Q17)	3957	496391	500348	0.00790849568700185	0.072069579437002	0.269207762417696	0.788922639425546	FALSE	1.67579443930849	2.51380189879579	0.594949487055409	0.964174931937274	0.344901666784077
CD2_BENIGN_CONNECTIVE_SOFT	Other benign neoplasms of connective and other soft tissue	II Neoplasms from hospital discharges (CD2_)	3937	496411	500348	0.00786852350763868	0.273629353951162	0.223898007121293	0.221663734492421	FALSE	1.67797318791424	2.51964014730625	0.592807731324084	0.96342493399947	0.341429877586404
C3_HEAD_AND_NECK_EXALLC	Malignant neoplasm of head and neck, excluding all cancers (controls excluding all cancers)	II Neoplasms, from cancer register (ICD-O-3)	3942	378749	382691	0.0103007387160921	-0.163405109172899	0.282770848334083	0.563351129083475	FALSE	1.67848814174153	2.52102090545372	0.592303090700443	0.963246505779916	0.340614445523693
C3_KIDNEY_NOTRENALPELVIS_EXALLC	Malignant neoplasm of kidney, except renal pelvis, excluding all cancers (controls excluding all cancers)	II Neoplasms, from cancer register (ICD-O-3)	3926	378749	382675	0.0102593584634481	0.182537611818817	0.188843547270561	0.333740223760356	FALSE	1.68024037120881	2.52572169308532	0.590590445132931	0.962636049572729	0.337854430764025
KRA_PSY_EATING_EXMORE	Eating disorder (more control exclusions)	Psychiatric endpoints from Katri Räikkönen	3923	362304	366227	0.01071193549356	0.336820248778167	0.309340066157751	0.276226714313313	FALSE	1.68077328642985	2.52715213351879	0.590070944616575	0.96244937312677	0.337019491506464
N14_GLOMER_NEPHRITIS	Glomerulonephritis	XIV Diseases of the genitourinary system (N14_)	3905	496443	500348	0.00780456802065762	0.277424148878734	0.188016098031984	0.140069029101241	FALSE	1.68150002313717	2.52910339992481	0.589363535010797	0.96219404153505	0.33588424223374
K11_OTHDISOES	Other diseases of oesophagus	XI Diseases of the digestive system (K11_)	3907	423785	427692	0.00913507851444497	-0.0982930419224614	0.279206923201718	0.724805480031418	FALSE	1.68186271781606	2.53007747215499	0.589010931855861	0.962066284533305	0.335319117054623
H8_PERFORATION	Perforation of tympanic membrane	VIII Diseases of the ear and mastoid process (H8_)	3902	465154	469056	0.00831883613044072	-0.422321793424159	0.188342326644728	0.0249413744335293	FALSE	1.6820626173579	2.53061440358902	0.58881672113405	0.961995777922145	0.335008059107418
G6_BRACHPLE	Brachial plexus disorders	VI Diseases of the nervous system (G6_)	3899	435371	439270	0.00887608987638582	0.0632709642325303	0.235273715513018	0.7879874626746	FALSE	1.68264512541623	2.53217930973856	0.588251304294871	0.961789944061678	0.334103300298313
M13_METATARSALGIA	Metatarsalgia	XIII Diseases of the musculoskeletal system and connective tissue (M13_)	3901	357549	361450	0.0107926407525246	0.0466465845890531	0.189734517436576	0.80579690799234	FALSE	1.68326834451729	2.53385405719908	0.587647218000153	0.961569103385161	0.33313805053106
O15_MULTIP_GEST	Multiple gestation	XV Pregnancy, childbirth and the puerperium (O15_)	3921	221186	225107	0.0174183832577397	-0.157645370951792	0.189664768954215	0.405872522353271	FALSE	1.68397297527748	2.53574816507984	0.586965273586778	0.961318642009766	0.332050117177805
Q17_LVOTO_BROAD	Left ventricular outflow tract obstruction (LVOTO), broad definition	XVII Congenital malformations, deformations and chromosomal abnormalities (Q17)	3879	496469	500348	0.00775260418748551	-0.0416518780430241	0.189223092207854	0.825777324562575	FALSE	1.68440328795976	2.5369051886657	0.586549365281024	0.961165284834767	0.331387500260698
M13_SHOULDERNAS	Other shoulder lesions	XIII Diseases of the musculoskeletal system and connective tissue (M13_)	3880	357549	361429	0.0107351651361678	0.131454717753667	0.189452398244246	0.48776578413212	FALSE	1.68561332479311	2.54015997684361	0.585382067275708	0.960732414114073	0.329531425735588
H8_HL_IDIOP	Sudden idiopathic hearing loss	VIII Diseases of the ear and mastoid process (H8_)	3861	437331	441192	0.0087512919545232	-0.0956850787680222	0.189671658529261	0.613925889247214	FALSE	1.68689333618423	2.54360498235093	0.5841508501571	0.960271899543929	0.327579546300718
M13_FLATFOOT	Flat foot [pes planus] (acquired)	XIII Diseases of the musculoskeletal system and connective tissue (M13_)	3872	315115	318987	0.0121384257038688	-0.0388688728599157	0.191771386395657	0.839382514075307	FALSE	1.68714827882403	2.54429137683092	0.583906065638027	0.960179858118979	0.327192197856296
N14_UTER_POLYP	Uterine polyps	XIV Diseases of the genitourinary system (N14_)	3935	130160	134095	0.029344867444722	0.0320020687171418	0.232467670994256	0.890507198759083	FALSE	1.68778029130115	2.5459933261103	0.583299864913084	0.959951226941339	0.32623396404241
AB1_EBV	Infectious mononucleosis	I Certain infectious and parasitic diseases (AB1_)	3838	486087	489925	0.00783385212022248	-0.0473848742054673	0.277460263174029	0.864396159263591	FALSE	1.68912469042129	2.549615329727	0.582013353016155	0.959462728076419	0.324205178106215
M13_ANKYLOSPON	Ankylosing spondylitis	XIII Diseases of the musculoskeletal system and connective tissue (M13_)	3838	353224	357062	0.0107488335359125	-0.403754629557695	0.265476559586355	0.128293130845443	FALSE	1.69042880166074	2.55313095619481	0.580769265446852	0.958986068761138	0.322249550977148
F5_OTHPER	Other specified and unspecified personality disorders	V Mental and behavioural disorders (F5_)	3809	486464	490273	0.00776914086641524	-0.167479130842746	0.368265175029171	0.649268507655683	FALSE	1.69246334362282	2.5586199349649	0.578835967595075	0.958236955755609	0.319222772119347
N14_OTHNONINFVULV	Other noninflammatory disorders of vulva and perineum	XIV Diseases of the genitourinary system (N14_)	3879	130160	134039	0.0289393385507203	-0.290804973057036	0.191924698776518	0.129720879998928	FALSE	1.69395967191539	2.56266017933509	0.577420002948298	0.957681773829851	0.317015411396295
L12_LICHENSCLERATROPH	Lichen sclerosus et atrophicus	XII Diseases of the skin and subcutaneous tissue (L12_)	3788	465673	469461	0.00806882786855564	-0.277498070143232	0.229535155437979	0.226679470815492	FALSE	1.69506534324579	2.56564741021853	0.576376922931071	0.957269241543688	0.315394484624817
L12_SEBORRHOEIC	Seborrhoeic dermatitis	XII Diseases of the skin and subcutaneous tissue (L12_)	3787	432874	436661	0.00867263162957077	-0.0897781814851848	0.191466037034757	0.639142024574964	FALSE	1.69545589973908	2.56670295623102	0.576009126623758	0.957123057995967	0.314823977789429
L12_PILONIDALCYST	Pilonidal cyst	XII Diseases of the skin and subcutaneous tissue (L12_)	3784	470507	474291	0.0079782243390661	0.065672285937685	0.191700058741923	0.731915706959856	FALSE	1.69549719330894	2.56681457036163	0.575970259346413	0.957107587841961	0.314763720612575
N14_ENDOMETRIOSIS_DEEP	Deep endometriosis	XIV Diseases of the genitourinary system (N14_)	3806	271937	275743	0.0138027075936651	-0.312590749095161	0.191320738481643	0.102288857090857	FALSE	1.69553815482839	2.5669252890886	0.575931708360101	0.957092239413673	0.314703959789928
M13_BONECONTINUITY	Disorders of continuity of bone	XIII Diseases of the musculoskeletal system and connective tissue (M13_)	3781	473264	477045	0.00792587701369892	-0.0906265585862948	0.191727723999498	0.636438899749476	FALSE	1.6958286651832	2.56771059702002	0.575658401358061	0.956983307776291	0.314280457102257
K11_ALCOLIV	Alcoholic liver disease	XI Diseases of the digestive system (K11_)	3769	485213	488982	0.00770785018671444	-0.045131837524336	0.192265082923684	0.814412429068868	FALSE	1.69715536525647	2.57129827736329	0.574412652160462	0.956484141559899	0.312353914587349
M13_REACTARTH	Reactive arthropathies	XIII Diseases of the musculoskeletal system and connective tissue (M13_)	3779	315115	318894	0.0118503327124374	-0.191354915650603	0.192375977820247	0.319885910720116	FALSE	1.69784417754382	2.57316184191885	0.573767411952058	0.956223882498235	0.311358512979721
O15_TWIN_GEST	Twin gestation	XV Pregnancy, childbirth and the puerperium (O15_)	3795	221186	224981	0.016868091083247	-0.124366346192658	0.192753337303625	0.518791222868094	FALSE	1.69823342134636	2.57421519401133	0.573403256429359	0.95607648132759	0.310797477568209
C3_RECTUM_ADENO_MUCINO_EXALLC	Adenocarcinoma, papilloma adenocarcinoma and mucinous carcinomas of rectum, excluding all cancers (controls excluding all cancers)	II Neoplasms, from cancer register (ICD-O-3)	3768	378749	382517	0.00985054259026396	0.218841120306639	0.192859342256054	0.256493160088613	FALSE	1.69824576823371	2.57424860964304	0.573391710850442	0.956071801836702	0.310779698651432
I9_POSTAMI	Status post-ami	IX Diseases of the circulatory system (I9_)	3757	416171	419928	0.00894677182755139	-0.116613528731741	0.41095238198673	0.776591175728386	FALSE	1.69915090467865	2.57669879179404	0.57254623868005	0.955728101826828	0.309479228185587
F5_SOCPHOB	Social phobias	V Mental and behavioural disorders (F5_)	3754	444414	448168	0.00837632316452759	-0.0217738366041233	0.194651955947066	0.910934132563013	FALSE	1.69925152715162	2.57697123769219	0.572452361204898	0.955689813951058	0.309335007904482
N14_RENFAILNAS	Unspecified kidney failure	XIV Diseases of the genitourinary system (N14_)	3743	480448	484191	0.00773042043325878	-0.074584353161709	0.332899681925549	0.822722652984575	FALSE	1.70028099265953	2.57975935150545	0.571493192582612	0.955297182099222	0.307863517818017
KRA_PSY_SPEELING_EXMORE	Speech and linguistic disorders (more control exclusions)	Psychiatric endpoints from Katri Räikkönen	3752	362304	366056	0.0102497978451384	-0.353990081840797	0.201378458716247	0.0787756060490734	FALSE	1.70034445591161	2.57993127319436	0.571434139721863	0.955272923442959	0.307773044704226
CD2_BENIGN_SALIVARY	Benign neoplasm of major salivary glands	II Neoplasms from hospital discharges (CD2_)	3739	496609	500348	0.00747279893194337	-0.128041100284602	0.192101199621063	0.505072768380538	FALSE	1.70064645432585	2.58074945471232	0.57115325090534	0.955157399332941	0.307342896778825
DM_NEUROPATHY	Diabetic neuropathy	Diabetes endpoints	3862	92612	96474	0.0400315110807057	-0.0394422412118736	0.193578737998471	0.838546552679843	FALSE	1.70109226853387	2.58195747409504	0.570738967847849	0.95498660143509	0.306709054916184
CD2_BENIGN_EYE	Benign neoplasm of eye and adnexa	II Neoplasms from hospital discharges (CD2_)	3735	496613	500348	0.00746480449607074	0.190997674776682	0.192803698998976	0.321864898789686	FALSE	1.70112631879014	2.58204975003916	0.570707343940697	0.954973543575448	0.306660699776968
CD2_BENIGN_MENINGES	Benign neoplasm of meninges	II Neoplasms from hospital discharges (CD2_)	3728	496620	500348	0.00745081423329363	0.0197615651198032	0.193197674788962	0.918529060369672	FALSE	1.70196827105523	2.58433189590223	0.569926202756428	0.954650092239495	0.305467568643211
H7_OPTNERVE	Disorders of optic nerve and visual pathways	VII Diseases of the eye and adnexa (H7_)	3727	496621	500348	0.00744881562432547	-0.159471075665332	0.33578239546344	0.634841235061647	FALSE	1.70208877811926	2.58465860775766	0.569814527632435	0.954603707275612	0.305297196085997
E4_VOLUME	Volume depletion	IV Endocrine, nutritional and metabolic diseases (E4_)	3729	420066	423795	0.00879906558595547	-0.0719059107119105	0.247399713387147	0.77132153833619	FALSE	1.70246224094239	2.58567123419018	0.569468639566708	0.954459812998866	0.304769827561864
J10_BRONCH	Bronchitis, not specified as acute or chronic	X Diseases of the respiratory system (J10_)	3729	409070	412799	0.00903345211592082	0.268698149602411	0.193391257691398	0.164710622017026	FALSE	1.70256936387672	2.5859617250632	0.569369482932965	0.954418498963442	0.304618735085062
N14_OTHPENIS	Other disorders of penis	XIV Diseases of the genitourinary system (N14_)	3777	153573	157350	0.0240038131553861	-0.0288198383976551	0.193232458568584	0.881438469327424	FALSE	1.70367216094962	2.58895307224157	0.568350168643017	0.953992153359856	0.303067846079424
J10_PLEURPLAGUE	Pleural plaque	X Diseases of the respiratory system (J10_)	3689	479655	483344	0.00763224535734384	0.116973848352949	0.204732461301261	0.567762558630707	FALSE	1.70683004180447	2.59752726720981	0.565446159588472	0.952760970216171	0.298672596175865
N14_ORHCEPINDIDYMITIS	Orchitis and epididymitis	XIV Diseases of the genitourinary system (N14_)	3741	153573	157314	0.0237804645486098	-0.171414676983205	0.230610405007238	0.457294919368779	FALSE	1.70793008336422	2.60051699960253	0.564439699705913	0.952328517220196	0.29715734400801
H8_MENIERE	Ménière disease	VIII Diseases of the ear and mastoid process (H8_)	3680	474839	478519	0.0076903947387669	-0.00828391804155205	0.220248091382551	0.96999723256273	FALSE	1.70797238489147	2.60063199841743	0.564401049799734	0.952311850811981	0.297099238177742
CD2_INSITU_CERVIX_UTERI_EXALLC	Carcinoma in situ of cervix uteri (controls excluding all cancers)	II Neoplasms from hospital discharges (CD2_)	3701	219058	222759	0.0166143679941102	-0.21093280328127	0.194605966895634	0.278410516455864	FALSE	1.70950281877615	2.6047940638498	0.563005364500631	0.951707054890042	0.295005080719925
M13_ENTESOPATHYNAS	Other/unspecified enthesopathies, not elsewhere classified	XIII Diseases of the musculoskeletal system and connective tissue (M13_)	3671	357549	361220	0.0101627816842921	0.204295919450568	0.194911410890325	0.294570627523501	FALSE	1.71023648490051	2.60679033123689	0.562338111927343	0.951415873562857	0.294006722814363
Q17_CONGEN_MALFO_DEFORMAT_MUSCULOS_SYSTEM	Congenital malformations and deformations of the musculoskeletal system	XVII Congenital malformations, deformations and chromosomal abnormalities (Q17)	3646	496702	500348	0.00728692829790466	0.00394159108152171	0.195537374209192	0.983917541533289	FALSE	1.71204366366595	2.6117104400176	0.560699537676821	0.950695190015907	0.291562810910694
M13_SCOLIOSIS	Scoliosis	XIII Diseases of the musculoskeletal system and connective tissue (M13_)	3654	353224	356878	0.0102387930889548	0.290827197335206	0.195402290258175	0.136658347360359	FALSE	1.7124056304158	2.61269639800189	0.56037219745179	0.950550255530865	0.291075910321305
H7_STENOLACRI	Stenosis and insufficiency of lacrimal passages	VII Diseases of the eye and adnexa (H7_)	3633	453930	457563	0.00793989024462205	-0.0927275498989943	0.227760079533908	0.683913836748368	FALSE	1.71399373765664	2.61702416374481	0.558939382473671	0.94991206475584	0.288949869553408
F5_VASCDEM	Vascular dementia	V Mental and behavioural disorders (F5_)	3624	475484	479108	0.00756405653840053	0.776326918452328	0.199131178119285	9.67622664749427e-05	TRUE	1.71496498128653	2.61967246142762	0.558065812815769	0.949519926300858	0.287657801787598
M13_FIBROMYALGIA	Fibromyalgia	XIII Diseases of the musculoskeletal system and connective tissue (M13_)	3623	357549	361172	0.0100312316569391	0.393414049538493	0.204001436091283	0.0537946210862325	FALSE	1.71624523394241	2.62316513666217	0.556917436420144	0.949000905814561	0.285964069779974
H7_VISDISTNAS	Other and unspecified visual disturbances	VII Diseases of the eye and adnexa (H7_)	3613	475933	479546	0.00753420943976178	-0.390347162402847	0.195802527743772	0.0461984425383815	FALSE	1.71635871596908	2.6234748273398	0.556815815298119	0.948954783729205	0.285814451976536
H8_CERUMEN	Impacted cerumen	VIII Diseases of the ear and mastoid process (H8_)	3609	485292	488901	0.00738186258567685	-0.239177622163529	0.195560258643528	0.221315354560865	FALSE	1.71680125498965	2.62468266305787	0.556419795855025	0.94877474432351	0.285231796008732
H7_CORNEALOTH	Other disorders of cornea	VII Diseases of the eye and adnexa (H7_)	3609	473095	476704	0.00757073571860106	-0.27663269809752	0.200015515473446	0.166647635375417	FALSE	1.71688954610034	2.62492366803758	0.556340836591063	0.948738790368477	0.28511570228457
CD2_BENIGN_STOMACH	Benign neoplasm: Stomach	II Neoplasms from hospital discharges (CD2_)	3603	496745	500348	0.00720098811227386	0.290887108543038	0.196861835243163	0.139509349977437	FALSE	1.71748905365652	2.62656037909793	0.555805139313291	0.948494357888758	0.284328748332789
CD2_BENIGN_CAECUM	Benign neoplasm: Caecum	II Neoplasms from hospital discharges (CD2_)	3599	496749	500348	0.00719299367640123	-0.000973299916407501	0.196755885080702	0.996053089802927	FALSE	1.71800145851861	2.62795964746884	0.555347889425133	0.948285024361331	0.283657975440842
O15_ANTEPART_HAEM_NAS	Antepartum haemorrhage, not elsewhere classified	XV Pregnancy, childbirth and the puerperium (O15_)	3627	221186	224813	0.0161334086551934	0.170896463936047	0.197564129307452	0.387029087296278	FALSE	1.71860428551243	2.62960625910345	0.554810676276077	0.948038262379844	0.282871005050334
E4_FH_IHD	Familial hypercholesterolemia, with ischemic heart disease	IV Endocrine, nutritional and metabolic diseases (E4_)	3596	416260	419856	0.00856484127891468	-0.203509148390578	0.202268188882913	0.314350529335661	FALSE	1.71903276950772	2.63077693167618	0.554429306750225	0.947862546038216	0.282313057856419
O15_ANTENAT_ABNORM	Abnormal findings on antenatal screening of mother	XV Pregnancy, childbirth and the puerperium (O15_)	3609	237906	241515	0.0149431712316005	-0.246519253025753	0.202189238666983	0.222749275091744	FALSE	1.72035928948012	2.63440260549912	0.553251154330358	0.947316874723422	0.280593220014957
ASTHMA_EOSINOPHIL_SUGG	Suggestive for eosinophilic asthma	Comorbidities of Asthma	3565	441248	444813	0.00801460388972445	-0.0981108698528087	0.197926981554545	0.620111559269151	FALSE	1.72281787741497	2.64112828037305	0.551077557218791	0.946298844309974	0.277435385745061
K11_ABSCANAL	Abscess of anal and rectal regions	XI Diseases of the digestive system (K11_)	3566	394725	398291	0.00895325277247038	-0.241864156801404	0.196934031449899	0.219391376938155	FALSE	1.72313012810001	2.64198300835197	0.550802429615716	0.946168933370627	0.277037077199408
CD2_BENIGN_TRANSVERSE_COLON	Benign neoplasm: Transverse colon	II Neoplasms from hospital discharges (CD2_)	3549	496799	500348	0.00709306322799332	0.0353004612869579	0.198309967710979	0.858717878849424	FALSE	1.72449281498323	2.64571453333525	0.549604193595261	0.945600374404923	0.275306039305886
N14_FIANOV	Female infertility, associated with anovulation	XIV Diseases of the genitourinary system (N14_)	3617	130160	133777	0.0270375326102394	0.440533629684088	0.200055647653002	0.0276613916910205	FALSE	1.7251097587464	2.64740470830946	0.549063008891429	0.945342102284148	0.27452617541321
N14_NEUROMUSCDYSBLADD	Neuromuscular dysfunction of bladder	XIV Diseases of the genitourinary system (N14_)	3550	403328	406878	0.00872497407085171	-0.0759048298436175	0.284760715406037	0.78981062441938	FALSE	1.72513367021173	2.64747022555709	0.549042050051932	0.945332081404019	0.274495997641166
I9_ARTOTH	Other diseases of arteries and capillaries	IX Diseases of the circulatory system (I9_)	3541	463106	466647	0.00758817693031349	-0.192886955991156	0.197766737640702	0.329398790994327	FALSE	1.72578889977176	2.64926582752082	0.548468204056573	0.945057173465262	0.273670452263685
AB1_BACT_BIR_OTHER_INF_AGENTS	Bacterial, viral and other infectious agents	I Certain infectious and parasitic diseases (AB1_)	3521	496827	500348	0.00703710217688489	0.0411090897334003	0.19776625483764	0.835332770574346	FALSE	1.72819932045097	2.65587599283296	0.546365042812589	0.944040692011452	0.270656559269389
ALCO_PRESCRIPTION	Use of disulfiram, acamprosate or naltrexone	Alcohol related diseases	3513	496835	500348	0.00702111330513962	0.328226407718239	0.202393183070514	0.104861901643717	FALSE	1.72926794888343	2.65880884124985	0.545436584173751	0.943587466071222	0.269331933124723
NAFLD	Nonalcoholic fatty liver disease	Gastrointestinal endpoints	3504	496844	500348	0.0070031258244262	-0.0772415691583615	0.222724716660824	0.728739426919836	FALSE	1.73047533252806	2.6621242162233	0.544390482552082	0.943073496972472	0.267843789204343
Q17_OTHER_CONGEN_MALFO	Other congenital malformations	XVII Congenital malformations, deformations and chromosomal abnormalities (Q17)	3493	496855	500348	0.00698114112577646	-0.0674314077890145	0.198907977381058	0.734603657352252	FALSE	1.73195852389859	2.66619942371799	0.543109634987251	0.942439385408812	0.266027948304565
CD2_NONFOLLICULAR_LYMPHOMA_EXALLC	Non-follicular lymphoma (controls excluding all cancers)	II Neoplasms from hospital discharges (CD2_)	3500	378749	382249	0.00915633526837219	0.125390220449704	0.199045742769271	0.52872284469391	FALSE	1.73204932402216	2.66644899465411	0.543031373100299	0.942400467980149	0.265917220428121
O15_GESTAT_OEDEM_PREINUR	Gestational [pregnancy-induced] oedema and proteinuria without hypertension	XV Pregnancy, childbirth and the puerperium (O15_)	3491	259313	262804	0.013283663871174	0.100185218787926	0.234935921609445	0.669789912964311	FALSE	1.73526827103576	2.6753031502353	0.540268132074685	0.94101360002336	0.262024162285204
CD2_BENIGN_HEAMANGIOMA_LYMPHANGIOMA	Haemangioma and lymphangioma, any site	II Neoplasms from hospital discharges (CD2_)	3466	496882	500348	0.00692717868363619	0.106855929574701	0.199583135164519	0.592376341836637	FALSE	1.73563451362616	2.67631136882643	0.53995511743313	0.940854923014324	0.261585186947053
O15_ICP_WIDE	Intrahepatic Cholestasis of Pregnancy (ICP) , incl. ICD-8	XV Pregnancy, childbirth and the puerperium (O15_)	3482	278582	282064	0.0123447160928016	-0.137110852706222	0.199830330474768	0.492627133345705	FALSE	1.73604836151588	2.67745083977067	0.539601754454075	0.940675405016112	0.261090121768612
C3_RECTUM_ADENO	Adenocarcinoma and papilloma adenocarcinoma of rectum	II Neoplasms, from cancer register (ICD-O-3)	3461	496887	500348	0.0069171856387954	0.247427574365125	0.199785755780739	0.215543862089248	FALSE	1.73632084270993	2.67820119423827	0.539369292876124	0.940557084027115	0.260764727120577
C3_CORPUS_UTERI_EXALLC	Malignant neoplasm of corpus uteri, excluding all cancers (controls excluding all cancers)	II Neoplasms, from cancer register (ICD-O-3)	3490	222078	225568	0.015472052773443	0.247360872560818	0.203199853785826	0.223479443315284	FALSE	1.7364682090017	2.67860704777573	0.539243635182479	0.940493051159125	0.260588928884861
L12_OTHERCONTACT	Other contact dermatitis	XII Diseases of the skin and subcutaneous tissue (L12_)	3454	432874	436328	0.00791606314515686	0.0273506249694044	0.200740005818288	0.891624440232748	FALSE	1.73777443638405	2.68220564059661	0.538131813625897	0.939924215014416	0.259036358302527
F5_MENTALUNSPE	Mental disorders, not otherwise specified	V Mental and behavioural disorders (F5_)	3449	479456	482905	0.00714219152835444	-0.100689472811272	0.208305362659323	0.628829945236849	FALSE	1.73809569481319	2.68309101754707	0.537858914049098	0.939783967227794	0.258656071255241
K11_APPENDOTH	Other appendicitis	XI Diseases of the digestive system (K11_)	3450	458424	461874	0.00746956962288416	0.540874826579942	0.199866316306265	0.00680615291153258	FALSE	1.73811485849787	2.68314383605185	0.537842641868386	0.939775596870626	0.258633405792545
F5_PTSD	Post-traumatic stress disorder	V Mental and behavioural disorders (F5_)	3444	444414	447858	0.00768993743552644	0.230038500592476	0.203037161024389	0.257219636842061	FALSE	1.7390584874611	2.68574521014266	0.537042338892467	0.939362838113636	0.257520043302001
O15_ICP_WIDE_EXMORE	Intrahepatic Cholestasis of Pregnancy (ICP) , incl. ICD-8 (more control exclusions)	XV Pregnancy, childbirth and the puerperium (O15_)	3482	176660	180142	0.019329195856602	-0.182430382924051	0.200789252527806	0.363579010866131	FALSE	1.7394558200031	2.68684089890352	0.536705911300746	0.939188688255034	0.257052819083337
H8_PERIPHVERTIGO	Other peripheral vertigo	VIII Diseases of the ear and mastoid process (H8_)	3436	474839	478275	0.00718415137734567	-0.131864938876273	0.220788148883672	0.55034284885897	FALSE	1.73993287320397	2.68815668598517	0.536302416906009	0.938979323807531	0.256493083125933
K11_STOMATITIS	Stomatitis and related lesions	XI Diseases of the digestive system (K11_)	3437	310260	313697	0.0109564324810247	0.285815039766913	0.201469534449298	0.156000668821731	FALSE	1.74162920997743	2.69283774250098	0.534871474195095	0.93823244804039	0.254513585533882
ULCERRECT	Ulcerative rectosigmoiditis	Gastrointestinal endpoints	3391	476577	479968	0.0070650543369558	-0.363478807157828	0.277315483533108	0.189957428893045	FALSE	1.74625915583895	2.70563234984965	0.530996176231274	0.936175070382715	0.249196111773805
E4_GLUCOPANCREAS	Other disorders of glucose regulation and pancreatic internal secretion	IV Endocrine, nutritional and metabolic diseases (E4_)	3387	496961	500348	0.0067692885751517	-0.121118791175125	0.293004574426489	0.679336825333989	FALSE	1.74668884137748	2.70682111556806	0.53063876454423	0.935982750197321	0.248708889762953
CD2_BENIGN_LIPO_NOS	Benign lipomatous neoplasm of other sites/unspecified	II Neoplasms from hospital discharges (CD2_)	3386	496962	500348	0.00676728996618354	0.142973842870303	0.202285298629722	0.479695095188652	FALSE	1.74683170846389	2.70721642177372	0.530520011874715	0.935918753666179	0.248547126333731
MEMLOSS	Memory loss	Neurological endpoints	3377	472508	475885	0.00709625224581569	0.312680593709115	0.230131695006158	0.174240763362289	FALSE	1.7482914859084	2.71125700947976	0.529309026155077	0.935263384874618	0.246900945749399
AD_AM_EXMORE	Alzheimer’s disease (Atypical or mixed) (more control exclusions)	Neurological endpoints	3403	216472	219875	0.0154769755542922	0.246992357947743	0.361424511201727	0.494363126818492	FALSE	1.74868559097037	2.712348326145	0.528982836539106	0.935085993729761	0.246458594511181
I9_HYPTENSEC	Secondary hypertension	IX Diseases of the circulatory system (I9_)	3388	252810	256198	0.0132241469488443	0.205413597787471	0.205040865292328	0.316431576965098	FALSE	1.74972823030778	2.71523643126544	0.528121403331349	0.934615757582899	0.245292558126623
CD2_BENIGN_MENINGES_CEREBRAL	Benign neoplasm: Cerebral meninges	II Neoplasms from hospital discharges (CD2_)	3353	496995	500348	0.00670133587023432	-0.057424907256224	0.203519867521521	0.777821802145023	FALSE	1.75158886187749	2.72039372937986	0.526589646021742	0.933773260859026	0.243226941923062
H8_EUSTSALP	Eustachian salpingitis and obstruction	VIII Diseases of the ear and mastoid process (H8_)	3346	465154	468500	0.00714194236926361	-0.271895631183251	0.202978071224642	0.180397528980701	FALSE	1.75283381621417	2.7238468972924	0.525568671288417	0.933207170776678	0.241855658330713
H8_VESTIBNEUR	Vestibular neuronitis	VIII Diseases of the ear and mastoid process (H8_)	3342	474839	478181	0.00698898534237036	-0.384957826879517	0.203406891890148	0.0584176640401919	FALSE	1.75334662076659	2.72526983929536	0.525149039053053	0.932973445289255	0.241293328152996
F5_MIXPER	Mixed and other personality disorders	V Mental and behavioural disorders (F5_)	3333	486464	489797	0.00680485997260089	-0.209152671308885	0.271509399832045	0.441102340455082	FALSE	1.75458404813952	2.7287048277266	0.524138632805362	0.932408139535896	0.23994239624353
CD2_BENIGN_BONE_CARTILAGE	Benign neoplasm of bone and articular cartilage	II Neoplasms from hospital discharges (CD2_)	3326	497022	500348	0.00664737342809405	-0.00202104139807109	0.203909838518574	0.99209193956362	FALSE	1.75554357165134	2.73136968985504	0.523357274037966	0.931968520466741	0.238900678569087
L12_URTICA_ALLERG	Allergic urticaria	XII Diseases of the skin and subcutaneous tissue (L12_)	3315	482901	486216	0.00681795745100943	0.137172468078649	0.26126511196821	0.599561148511391	FALSE	1.75726722840879	2.73615963517983	0.521958323670471	0.931176036344787	0.237042061154223
AMN2	Transient global amnesia	Neurological endpoints	3315	471699	475014	0.00697874167919261	0.246910483467288	0.206939341317047	0.23280910292319	FALSE	1.75734742930476	2.73638259885287	0.521893376599005	0.93113907637338	0.236955975875982
M13_SJOGREN	Sicca syndrome [Sjögren]	XIII Diseases of the musculoskeletal system and connective tissue (M13_)	3309	484260	487569	0.0067867317241252	-0.0758558772544094	0.239609561700053	0.751561419651214	FALSE	1.75814962158601	2.73861318498525	0.521244467532628	0.930768973184784	0.236096852503319
I9_ANEURYSM	Cerebral aneurysm, nonruptured	IX Diseases of the circulatory system (I9_)	3310	453828	457138	0.00724070193245803	0.181342189659841	0.232246940275705	0.434910563324424	FALSE	1.75822651872655	2.73882704815419	0.521182331696795	0.930733455622423	0.236014681696137
O15_EXCESS_VOMIT_PREG	Excessive vomiting in pregnancy	XV Pregnancy, childbirth and the puerperium (O15_)	3329	237906	241235	0.0137998217505752	-0.289562257876253	0.205072961963691	0.157951058738764	FALSE	1.75867569352868	2.74007642145361	0.520819617916263	0.930525849713343	0.235535342856863
CD2_BENIGN_SALIVARY_KNOWN	Benign neoplasm: salivary glands, exclude unknown (D119)	II Neoplasms from hospital discharges (CD2_)	3265	497083	500348	0.0065254582810364	-0.265257319359566	0.205428477870168	0.196620719220591	FALSE	1.76469267096046	2.75683672065621	0.515999627238008	0.927722213721232	0.229218723597305
G6_NEUINFL	Inflammatory diseases of the central nervous system	VI Diseases of the nervous system (G6_)	3261	497087	500348	0.00651746384516377	0.132895162973531	0.205852279008508	0.51854809307894	FALSE	1.76530327489042	2.75854007126775	0.515514507736365	0.927435380739548	0.228588453363137
K11_ORAL_LEUCOPLAC_RELAT_INCLAVO	Oral leukoplakia and related diseases, including avohilmo	XI Diseases of the digestive system (K11_)	3257	497091	500348	0.00650946940929113	0.103933771650906	0.205942003139801	0.613787152885961	FALSE	1.76591521770894	2.76024762120804	0.515029062681822	0.927147496408453	0.227958764221047
H8_HL_CON_NAS	Conductive hearing loss, unspecified	VIII Diseases of the ear and mastoid process (H8_)	3255	437331	440586	0.00738788794923125	-0.217136270956388	0.205683092064122	0.291112783659534	FALSE	1.76666823172296	2.76234945058166	0.514432720670841	0.926792668169882	0.227186601420129
H7_HETEROPHORIA	Heterophoria	VII Diseases of the eye and adnexa (H7_)	3245	476776	480021	0.00676012091137679	-0.0531569964107583	0.304983318071785	0.861633811505477	FALSE	1.76789835825411	2.76578452082836	0.513460933165359	0.926211655234649	0.225931548321926
AB1_STREPTO_SEPSIS	Streptococcal septicaemia	I Certain infectious and parasitic diseases (AB1_)	3239	439048	442287	0.00732329912477645	-0.0326928342048747	0.206835370432794	0.874407860374939	FALSE	1.76911732141056	2.76919027022263	0.512500893543214	0.925634256874064	0.22469562204297
L12_NAILDIS	Nail disorders	XII Diseases of the skin and subcutaneous tissue (L12_)	3236	476404	479640	0.00674672671170044	-0.270536327059782	0.206356572401419	0.189853080162298	FALSE	1.76929193666101	2.76967829138106	0.512363607108847	0.925551410738934	0.224519204872896
K11_BILIAOTH	Other diseases of biliary tract	XI Diseases of the digestive system (K11_)	3236	437418	440654	0.00734363014973199	-0.166865655942252	0.20701647951567	0.420213956738959	FALSE	1.76959543948364	2.77052662231387	0.512125128282394	0.925407334093268	0.224212943585968
GOUT_IDIO	Idiopathic gout	Rheuma endpoints	3233	488006	491239	0.00658131785139209	-0.187215724952328	0.208516376871444	0.36926732434685	FALSE	1.76967616529256	2.77075228097526	0.512061727904832	0.925368995478048	0.224131563842021
L12_ROSACEANAS	Other and unspecified rosacea	XII Diseases of the skin and subcutaneous tissue (L12_)	3232	476404	479636	0.0067384433195173	0.386968858351094	0.487424679254357	0.427250776451112	FALSE	1.76991234408369	2.77141253497174	0.51187631110979	0.925256787444568	0.223893664118612
H7_VISFIELDDEF	Visual field defects	VII Diseases of the eye and adnexa (H7_)	3228	475933	479161	0.00673677532186468	-0.279218519448095	0.2086220160145	0.180767932335302	FALSE	1.77053749347679	2.77316051695799	0.511386051079629	0.9249594853581	0.22326534074258
K11_ADHE	Intestinal adhesions without obstruction	XI Diseases of the digestive system (K11_)	3213	394725	397938	0.00807412209942252	-0.0621250952027348	0.231289227711437	0.78823482154444	FALSE	1.77358163209585	2.78167916929211	0.509009625398725	0.923505718381205	0.220234219035528
O15_DELIV_MULTIP	Multiple delivery	XV Pregnancy, childbirth and the puerperium (O15_)	3271	119890	123161	0.0265587320661573	-0.357584113561302	0.208844463034496	0.0868592670650713	FALSE	1.77404939668864	2.78298917040364	0.508646056483501	0.923281447250225	0.21977261420193
SMOKING_DEPEND	Smoking dependency	V Mental and behavioural disorders (F5_)	3200	495423	498623	0.00641767427495322	0.0314373701236547	0.208032663393786	0.879883050350144	FALSE	1.7747950372193	2.78507793970542	0.508067384490018	0.922923465237092	0.219039067831022
G6_MYOPOTHUNS	Other and unspecified myopathies	VI Diseases of the nervous system (G6_)	3194	495667	498861	0.00640258508883236	0.127244600381105	0.208352847405784	0.541387030734508	FALSE	1.77574343382308	2.78773568738863	0.507332910658479	0.922467287475479	0.218110080031164
CD2_BENIGN_HEMANGIOMA	Haemangioma, any site	II Neoplasms from hospital discharges (CD2_)	3193	497155	500348	0.00638155843532901	0.129289231199246	0.207863644015384	0.533948053624546	FALSE	1.77589230896916	2.78815299024842	0.507217773736086	0.922395592358722	0.217964659718983
N14_OTHNONINFVAG	Other noninflammatory disorders of vagina	XIV Diseases of the genitourinary system (N14_)	3250	130160	133410	0.0243609924293531	0.393253854239754	0.209080621629539	0.0599893542147409	FALSE	1.77618128057973	2.78896306740977	0.506994411049827	0.92225636309505	0.217682709450083
H7_ENTROPION	Entropion and trichiasis of eyelid	VII Diseases of the eye and adnexa (H7_)	3193	453930	457123	0.00698499091054268	0.023136222709767	0.210362906556875	0.912423312728485	FALSE	1.77620217395872	2.78902164205234	0.506978267597948	0.92224629305958	0.21766233985811
AB1_SEQULEAE_OF_INFECTIONS_AND_PARASITES	Sequelae of infectious and parasitic diseases	I Certain infectious and parasitic diseases (AB1_)	3188	497160	500348	0.00637156539048822	0.0525427285324183	0.250214747859728	0.833675061055898	FALSE	1.77668683697345	2.79038054795694	0.50660402434492	0.922012570060566	0.217190436648492
M13_SPONTRUPTSYNOTEND	Spontaneous rupture of synovium and tendon	XIII Diseases of the musculoskeletal system and connective tissue (M13_)	3192	357549	360741	0.008848453599674	0.451551477010446	0.356342194888925	0.205089155211924	FALSE	1.7773212639921	2.79215980462495	0.506114820343385	0.921706253117674	0.216574475201145
N14_ENDOMETRIOSIS_RECTPVAGSEPT_VAGINA	Endometriosis of rectovaginal septum and vagina	XIV Diseases of the genitourinary system (N14_)	3226	130160	133386	0.0241854467485343	-0.150032877696553	0.210706501402386	0.476435832442269	FALSE	1.77988146600586	2.79934498441053	0.504148503417189	0.920465874645191	0.214108976956942
J10_PNEUMONISOLLIQ	Pneumonitis due to solids and liquids	X Diseases of the respiratory system (J10_)	3168	494595	497763	0.00636447465962717	0.260979115312975	0.349573529871462	0.455326608692207	FALSE	1.77990435160864	2.79940924924235	0.504130983098637	0.920454756429261	0.214087083048756
O15_EXIST_HYPERT_COMPLIC	Pre-existing hypertension complicating pregnancy, childbirth and the puerperium	XV Pregnancy, childbirth and the puerperium (O15_)	3174	259313	262487	0.012092027414691	0.169523077762913	0.318758098328502	0.594848179308907	FALSE	1.78190278163011	2.80502352311802	0.502604914448035	0.9194818232778	0.212185093595812
I9_OTHPER	Other peripheral vascular diseases	IX Diseases of the circulatory system (I9_)	3153	463106	466259	0.00676233595490918	-0.247571053348287	0.213032080793743	0.245182508131098	FALSE	1.78255048316018	2.80684420008391	0.50211193819938	0.919165621213983	0.211572807032163
O15_PUERP_INFECT_OTHER	Other puerperal infections	XV Pregnancy, childbirth and the puerperium (O15_)	3168	270228	273396	0.0115875872360971	0.0324815955346211	0.302835727562257	0.914584195831419	FALSE	1.78261429293765	2.80702359630405	0.502063414633496	0.919134446969677	0.211512595896156
E4_GOITRENAS	Other and/or unspecified nontoxic goitre	IV Endocrine, nutritional and metabolic diseases (E4_)	3151	424208	427359	0.0073731920937666	0.0368176127513277	0.211135637371393	0.861567648892629	FALSE	1.78319465424886	2.8086554684846	0.501622438699991	0.918850723785519	0.210965865896041
H8_HL_NAS	Other specified/unspecified hearing loss	VIII Diseases of the ear and mastoid process (H8_)	3150	437331	440481	0.00715127326717838	-0.183049719010503	0.214625851149324	0.393726827754951	FALSE	1.78324306414641	2.80879160730806	0.501585684259755	0.918827042204925	0.210920334576615
C3_PANCREAS_EXALLC	Malignant neoplasm of pancreas, excluding all cancers (controls excluding all cancers)	II Neoplasms, from cancer register (ICD-O-3)	3139	378749	381888	0.00821968744762862	0.193263893445556	0.210457334528421	0.358459531507415	FALSE	1.78560678822323	2.81544242788462	0.499796456347959	0.917667894421957	0.208710821705265
H7_DIVERGSTRAB	Divergent concomitant strabismus	VII Diseases of the eye and adnexa (H7_)	3123	476776	479899	0.00650761931156348	0.175155703559697	0.210869630391696	0.406179834524526	FALSE	1.7873614669541	2.82038404935503	0.498475058549633	0.916803852171909	0.207087811177574
I9_CARDMYOOTH	Cardiomyopathy, other and unspecified	IX Diseases of the circulatory system (I9_)	3122	375343	378465	0.00824911154267898	0.0762377988310393	0.242476322599908	0.75320709943809	FALSE	1.78843910935823	2.82342085382615	0.497666382386453	0.916271710606339	0.206098231937356
H7_GLAUCOMAMEDICATION	Use of antiglaucoma preparations and miotics	VII Diseases of the eye and adnexa (H7_)	3099	473757	476856	0.0064988172530072	-0.308982859929655	0.212051536208667	0.145085437952366	FALSE	1.79137292867142	2.83169566263565	0.495475805294996	0.914817332751366	0.203431650530306
L12_DERM_NUMMULAR	Nummular dermatitis	XII Diseases of the skin and subcutaneous tissue (L12_)	3098	432874	435972	0.00710596093327094	0.080091663703033	0.212450012125956	0.706180568992733	FALSE	1.79186083548173	2.83307283209449	0.495113057285571	0.914574670342099	0.202992057011792
F5_SCHIZOAFF	Schizoaffective disorder	V Mental and behavioural disorders (F5_)	3095	484776	487871	0.00634389008569888	0.0158621241211804	0.273207171542297	0.953701664754145	FALSE	1.79196619391959	2.83337025629129	0.495034783631456	0.914522240465719	0.202897275385077
E4_MINERAL_MET	Disorders of mineral metabolism	IV Endocrine, nutritional and metabolic diseases (E4_)	3094	420066	423160	0.0073116551658947	0.172228203954703	0.353671428348277	0.626277930879818	FALSE	1.79264470423206	2.83528600273313	0.494531193135425	0.914184341412118	0.202288103086423
K11_ACUTGASTR	Acute gastritis	XI Diseases of the digestive system (K11_)	3080	423785	426865	0.00721539596828037	0.0888933348911221	0.300813851261805	0.767604736606831	FALSE	1.79497074649561	2.84185781219017	0.492811269892695	0.913022714035056	0.200215751116331
N14_AMENORRHEAPRIM	Amenorrhoea	XIV Diseases of the genitourinary system (N14_)	3123	130160	133283	0.0234313453328632	0.146062992778502	0.213433496297297	0.493754832912623	FALSE	1.79633940738853	2.84572784220511	0.491803915962352	0.912336874232204	0.199007847217169
AB1_TUBERCULOSIS	Tuberculosis, wide	I Certain infectious and parasitic diseases (AB1_)	3063	497285	500348	0.00612173926946845	0.096701531872286	0.441864933682113	0.826767969880238	FALSE	1.79730265490745	2.8484529130167	0.491097015054185	0.91185316570265	0.198162799567094
H7_OCUPAIN	Ocular pain	VII Diseases of the eye and adnexa (H7_)	3063	494683	497746	0.00615374106471976	-0.298260758612908	0.212607067979394	0.160654652738018	FALSE	1.79731961995906	2.84850091819733	0.491084580112433	0.911844638934833	0.198147953612007
F5_MOODOTH	Other and unspecified mood [affective] disorders	V Mental and behavioural disorders (F5_)	3063	434831	437894	0.00699484350093858	-0.310705086908044	0.383934868298462	0.418362680260989	FALSE	1.79776586350482	2.84976375963404	0.49075768445689	0.911620260249728	0.197757912893641
T1D_EARLY	Type1 diabetes, definitions combined, early onset	Diabetes endpoints	3051	497297	500348	0.00609775596185055	-0.40904515898508	0.219590839621813	0.062495958941542	FALSE	1.7993613030952	2.85428076807909	0.489591922880773	0.910816586016964	0.196370680434209
AB1_VIRAL_HEMOR_FEVER_NOS	Viral haemorrhagic fevers, not elsewhere classified/unspecified	I Certain infectious and parasitic diseases (AB1_)	3042	496577	499619	0.00608863954333202	0.16041695671535	0.214561505006223	0.454671163826822	FALSE	1.80091958033434	2.85869560021734	0.488457794116999	0.91002944859593	0.19502665741806
CD2_BENIGN_MELANOCYTIC_NOS	Melanocytic naevi, other sites/unspecified	II Neoplasms from hospital discharges (CD2_)	3038	497310	500348	0.0060717740452645	-0.294739509000548	0.239160932044344	0.217803484631045	FALSE	1.80160797037273	2.86064686785393	0.487958182496002	0.909681039880016	0.194436324015553
CD2_BENIGN_EAR_RESP	Benign neoplasm of middle ear and respiratory system	II Neoplasms from hospital discharges (CD2_)	3037	497311	500348	0.00606977543629634	-0.0943924798911764	0.213044921693617	0.65771963117585	FALSE	1.80178150601613	2.86113885364219	0.487832371459157	0.909593144474991	0.194287835521256
M13_RECUDISLOCATIO	Recurrent dislocation and subluxation of joint	XIII Diseases of the musculoskeletal system and connective tissue (M13_)	3043	315115	318158	0.00956443025163598	-0.0856919443338776	0.292429616923374	0.769495839538955	FALSE	1.80260337477518	2.86346941507059	0.487237268261173	0.909176513969569	0.193586380209776
AB1_OTHER_INFECTIONS	Other infectious diseases	I Certain infectious and parasitic diseases (AB1_)	3031	497317	500348	0.00605778378248739	-0.218647429528254	0.212937987909184	0.304508669750014	FALSE	1.80282487869498	2.86409767335839	0.487077089547244	0.909064126626092	0.193397833728155
E4_OVARDYS	Ovarian dysfunction	IV Endocrine, nutritional and metabolic diseases (E4_)	3045	267780	270825	0.01124342287455	0.409370413792464	0.214625205752208	0.0564722481711263	FALSE	1.8031557169676	2.86503615289626	0.4868380117104	0.908896185939893	0.193116618657096
O15_LABOUR_OBSTR_OTHER	Other obstructed labour	XV Pregnancy, childbirth and the puerperium (O15_)	3047	214925	217972	0.0139788596700494	0.354898922585446	0.233513934100202	0.12855646304711	FALSE	1.80428016502002	2.86822685379303	0.486026914063122	0.908324687969754	0.192164382776354
CD2_INSITU_BREAST_INTRADUCTAL_EXALLC	Carcinoma in situ of breast, intraductal (controls excluding all cancers)	II Neoplasms from hospital discharges (CD2_)	3030	222001	225031	0.013464811514858	-0.273282590218243	0.215307750622436	0.20434656810784	FALSE	1.80698689331535	2.87591379267819	0.484083794905805	0.906944590130088	0.189894556547734
G6_POSTOPNEURO	Postprocedural disorders of nervous system	VI Diseases of the nervous system (G6_)	3006	463029	466035	0.00645015932279764	0.0698053919347602	0.254597527881483	0.783946774769168	FALSE	1.80745056928938	2.87723151135066	0.483752246012009	0.906707554673576	0.189508870453213
I9_CARDARR	Cardiac arrest	IX Diseases of the circulatory system (I9_)	3011	252810	255821	0.0117699485186908	-0.0821424421312945	0.224773403028025	0.714778837496287	FALSE	1.80943635381158	2.88287790707554	0.482336661098477	0.90569038767705	0.187867411978224
H8_OTALGIA	Otalgia	VIII Diseases of the ear and mastoid process (H8_)	2986	437331	440317	0.00678147788979304	-0.246394975784147	0.391590431954205	0.529207637746074	FALSE	1.81121044392146	2.88792648747083	0.481077913879343	0.904778923990005	0.186414989198662
N14_SPERMATOCELE	Spermatocele	XIV Diseases of the genitourinary system (N14_)	3014	153573	156587	0.0192480857287003	-0.239653814514405	0.216864899021827	0.269123423717065	FALSE	1.81298672862065	2.89298520583249	0.479823189376234	0.903863790035204	0.184973925101658
CD2_BENIGN_LIPO_SKIN_LIMBS	Benign lipomatous neoplasm of skin and subcutaneous tissue of limbs	II Neoplasms from hospital discharges (CD2_)	2969	497379	500348	0.00593387002646158	-0.487845840650368	0.216317329895475	0.0241187482522427	FALSE	1.81382792708435	2.89538223140816	0.479230928042901	0.903429531588351	0.184296035910663
M13_ENTESOPATHYLOWNAS	Other/unspecified enthesopathies of lower limb, excluding foot	XIII Diseases of the musculoskeletal system and connective tissue (M13_)	2961	353224	356185	0.00831309572272836	0.0526050634112671	0.216555926175987	0.808069883693142	FALSE	1.81658458909842	2.90324355965843	0.477298752110478	0.902002549695289	0.182094891024341
F5_DELUSIO	Persistent delusional disorders	V Mental and behavioural disorders (F5_)	2953	484776	487729	0.00605459179175321	0.0897134273225955	0.23609195699034	0.70395018273327	FALSE	1.81681810555858	2.9039099224705	0.477135688462747	0.901881399509701	0.181909854964186
C3_MYELOMA_MONOCLONAL_EXALLC	Multiple myeloma, Monoclonal gammopathy of undetermined significance (MGUS), excluding all cancers (controls excluding all cancers)	II Neoplasms, from cancer register (ICD-O-3)	2951	377997	380948	0.00774646408433697	-0.197183560287745	0.217380094973599	0.36435859781701	FALSE	1.81811085974433	2.90760014421143	0.476234682584016	0.901209952911168	0.1808894798321
H7_GLAUCOMA_NTG	Normotensive glaucoma	VII Diseases of the eye and adnexa (H7_)	2938	473757	476695	0.00616327001541866	0.0268918555415104	0.369492685256007	0.941980803269915	FALSE	1.81964546516076	2.91198341658889	0.475168885709715	0.900411244226205	0.179686938380903
J10_BRONCHIECTASIS	Bronchiectasis	X Diseases of the respiratory system (J10_)	2932	409070	412002	0.00711647030839656	0.495066918283372	0.313899911644138	0.114761254572928	FALSE	1.82128351008178	2.91666534647839	0.474035748810252	0.899556752955576	0.178413712571889
RHEUMA_ARHTROPAT_REACTIVE	Reactive arthropathies, FINNGEN	Rheuma endpoints	2932	374317	377249	0.00777205506177617	-0.280730780487175	0.217166007144177	0.196114386813559	FALSE	1.82164421782748	2.9176967812677	0.473786847301301	0.899368321529027	0.178134770379352
G6_MS	MS-disease / Multiple Sclerosis	VI Diseases of the nervous system (G6_)	2926	495931	498857	0.00586540832342736	-0.185708719746814	0.28654855926648	0.516927951272282	FALSE	1.8217145485923	2.91789790902269	0.473738342627928	0.899331570025045	0.178080442170651
H8_OTOSCLE	Otosclerosis	VIII Diseases of the ear and mastoid process (H8_)	2920	474839	477759	0.00611186811760741	-0.0971436845838786	0.217979857774862	0.655846902209865	FALSE	1.82297256884312	2.92149655099157	0.472872167773848	0.89867357655423	0.177111955825039
CD2_BENIGN_PAROTID	Benign neoplasm: Parotid gland	II Neoplasms from hospital discharges (CD2_)	2911	497437	500348	0.00581795070630841	-0.329355624193592	0.217473626847998	0.129908611026662	FALSE	1.8245019912534	2.92587418285124	0.471822785468407	0.897872081305065	0.175942889659557
OFFICIAL_TILASTOKESKUS_DEATH	Alcohol related diseases, tilastokeskus definition, death only	Alcohol related diseases	2900	497448	500348	0.00579596600765867	-0.0693259263661688	0.219809826667707	0.752465195436487	FALSE	1.82656972006457	2.93179718106139	0.470410412033955	0.896785825615213	0.174376810887207
G6_HYDROCEPH	Hydrocephalus	VI Diseases of the nervous system (G6_)	2897	463029	465926	0.00621772556156986	0.269700417645748	0.383484828894042	0.481876061161359	FALSE	1.82737310982014	2.93409990804455	0.469863616145889	0.896362960962952	0.173772780692421
M13_BAKERCYST	Synovial cyst of popliteal space [Baker]	XIII Diseases of the musculoskeletal system and connective tissue (M13_)	2891	357549	360440	0.00802075241371657	-0.304847750895745	0.264870990866666	0.249761374221041	FALSE	1.82951879725224	2.94025391255955	0.46840860169305	0.895231379686474	0.172171641229048
F5_OTHERSUB	Mental and behavioural disorders due to multiple drug use and use of multiple drugs and use of other psychoactive substances	V Mental and behavioural disorders (F5_)	2866	491508	494374	0.00579723043687573	-0.137959277331535	0.228141575976996	0.545372329026316	FALSE	1.83308992457031	2.95050876743553	0.466004188064162	0.89334111386795	0.169545412684648
ERECTILE_DYSFUNCTION	Erectile dysfunction	V Mental and behavioural disorders (F5_)	2886	215272	218158	0.0132289441597374	-0.102792543145331	0.220732958219054	0.64143931885626	FALSE	1.83339491985045	2.95138532030995	0.465799828170344	0.893179279748269	0.169323328429624
M13_OSTEOCHONDROPATHY	Other osteochondropathies	XIII Diseases of the musculoskeletal system and connective tissue (M13_)	2860	491365	494225	0.00578683797865345	-0.0750281303818096	0.219712179721786	0.732739465809	FALSE	1.83424910416567	2.95384084563773	0.465228314820391	0.892725714253704	0.168703185153466
C3_THYROID_GLAND_EXALLC	Malignant neoplasm of thyroid gland, excluding all cancers (controls excluding all cancers)	II Neoplasms, from cancer register (ICD-O-3)	2859	378749	381608	0.00749198130018239	0.154187819937681	0.220166443874326	0.483725056896987	FALSE	1.83539963893231	2.95714971003575	0.464460442639179	0.892114037249116	0.16787215004045
AB1_VIRAL_CNS	Viral infections of the central nervous system	I Certain infectious and parasitic diseases (AB1_)	2847	497501	500348	0.00569003973234629	0.168759551396419	0.220482014761565	0.444026326457917	FALSE	1.83673406147914	2.96098946493093	0.463572597737015	0.891403528453459	0.166914381202536
N14_TUBULOINTNEPHRNAS	Tubulo-interstitial nephritis, not specified as acute or chronic	XIV Diseases of the genitourinary system (N14_)	2844	447142	449986	0.00632019662833955	0.0104806784451836	0.220215445187929	0.962040738428757	FALSE	1.83767735368094	2.96370507800277	0.462946767104076	0.890900591240316	0.166241263766888
O15_ICP_EXMORE	Intrahepatic Cholestasis of Pregnancy (ICP)  (more control exclusions)	XV Pregnancy, childbirth and the puerperium (O15_)	2853	177289	180142	0.0158375059675145	-0.248528851578145	0.221820335984997	0.2625407581299	FALSE	1.84130114175826	2.97414766597654	0.460556187857272	0.888963320602111	0.163685281086924
CHRONOTH	Other Crohn's disease	Gastrointestinal endpoints	2819	476577	479396	0.00588031606438101	0.24280968876926	0.278066397414233	0.382549938521205	FALSE	1.84238235757285	2.97726651040985	0.459847090246176	0.888383746903393	0.162931758389424
J10_BRONCHIOLITIS	Acute bronchiolitis	X Diseases of the respiratory system (J10_)	2818	471806	474624	0.00593733144552319	-0.636854358906776	0.227178703861728	0.0050579626241119	FALSE	1.84261439805448	2.97793603521011	0.459695159027856	0.888259272480974	0.162770584453697
F5_OCD	Obsessive-compulsive disorder	V Mental and behavioural disorders (F5_)	2813	444414	447227	0.00628987069206466	0.234065139083827	0.225726665184502	0.299763550398557	FALSE	1.8438151423013	2.98140169578916	0.458910358714598	0.887614639181883	0.161939590248394
MYELOPROF_NONCML	Myeloproliferative diseases (CML excluded)	Other, not yet classified endpoints (same as #MISC)	2791	497256	500047	0.00558147534131792	-0.130595430519843	0.222253912343354	0.556803736265577	FALSE	1.84785352850093	2.99307053849525	0.456288035670767	0.885440396436538	0.159181730310783
K11_CROSSBITE	Crossbite	XI Diseases of the digestive system (K11_)	2790	497558	500348	0.00557611902116127	0.24116222501914	0.224202027426672	0.282085185328754	FALSE	1.84805380313315	2.99364975018771	0.456158672057508	0.885332326318281	0.159046429443913
AB1_CHLAMYDIA_OTHER	Other sexually transmitted chlamydial diseases	I Certain infectious and parasitic diseases (AB1_)	2782	485458	488240	0.00569801736850729	-0.412001966735931	0.223583740510908	0.0653700745855981	FALSE	1.84975493170469	2.9985715501235	0.455062454685666	0.884413473363173	0.157902724621273
RHINITIS_VASOMOTOR	Vasomotor rhinitis (mode)	Comorbidities of Asthma	2781	492187	494968	0.00561854503725493	0.00817507754902562	0.282952276354022	0.976950668588772	FALSE	1.8499139961943	2.99903194619477	0.454960189480597	0.884327473374161	0.157796286928121
L12_FOLICULAROTH	Other follicular disorders	XII Diseases of the skin and subcutaneous tissue (L12_)	2778	476404	479182	0.00579737970124087	-0.0342837920135351	0.223326199975689	0.877992619741522	FALSE	1.85063081236537	3.00110708385915	0.454499837947769	0.883939745570838	0.157317696843325
AB1_VIRAL_HEPATITIS	Viral hepatitis	I Certain infectious and parasitic diseases (AB1_)	2776	497572	500348	0.00554813849560706	0.00442554622654719	0.462932743296191	0.992372496274928	FALSE	1.85089829167266	3.00188158137187	0.454328268269648	0.883794992993491	0.157139557507748
E4_GOITRENOD	Nontoxic single thyroid nodule	IV Endocrine, nutritional and metabolic diseases (E4_)	2775	424208	426983	0.00649908778569639	-0.0446100967201388	0.222801400819575	0.841305717188648	FALSE	1.85164908549312	3.00405600596396	0.453847294473273	0.883388475086176	0.156640825544518
K11_JAWS	Other diseases of jaws	XI Diseases of the digestive system (K11_)	2779	310260	313039	0.00887748810851044	0.530282719553311	0.223080683740278	0.0174498602429167	FALSE	1.85219482120684	3.00563698264248	0.453498247982254	0.883092794162643	0.15627950000348
D3_COAGOTHER	Other coagulation defects	III Diseases of the blood and blood-forming organs and certain disorders involving the immune mechanism (D3_)	2769	492275	495044	0.00559344219907725	0.0021262750497995	0.223755031962567	0.992418063242018	FALSE	1.8523643310226	3.0061281209451	0.453389927716846	0.883000920638968	0.15616747313508
I9_LBBB	Left bundle-branch block	IX Diseases of the circulatory system (I9_)	2766	375343	378109	0.00731535086443327	0.297171811693454	0.290238352211972	0.305887778865176	FALSE	1.853974610003	3.01079550905119	0.452363198492138	0.882127390927732	0.155108055326551
K11_PANCOTH	Other diseases of pancreas	XI Diseases of the digestive system (K11_)	2762	437418	440180	0.00627470580217184	0.0310046886650856	0.244013927821767	0.898892005241014	FALSE	1.85420321478127	3.01145837741913	0.452217770589575	0.882003267954871	0.15495835486852
K11_DEPOSITS	Deposits [accretions] on teeth	XI Diseases of the digestive system (K11_)	2767	310260	313027	0.00883949307887179	0.246080320343113	0.223949976014706	0.271847350957446	FALSE	1.854647383032	3.01274648277091	0.451935447063518	0.88176202433834	0.154667990090521
H8_CHRON_SUPOTITIS	Chronic suppurative otitis media	VIII Diseases of the ear and mastoid process (H8_)	2748	465154	467902	0.00587302469320499	-0.26180970770305	0.224014082314143	0.242516516290881	FALSE	1.85688591778992	3.01924200919807	0.450517313213628	0.880544635277565	0.153214517730988
CHRONSMALL	Crohn's disease of small intestine	Gastrointestinal endpoints	2740	476577	479317	0.0057164673900571	0.383643298345641	0.232269311902539	0.0985921436935143	FALSE	1.85847246506492	3.02384939834988	0.449516981400086	0.87968026736569	0.152194324711161
CD2_INSITU_SKIN_EXALLC	Carcinoma in situ of skin (controls excluding all cancers)	II Neoplasms from hospital discharges (CD2_)	2742	377301	380043	0.00721497304252414	-0.053355846546554	0.23917833066585	0.823473424304268	FALSE	1.85892099957383	3.02515251871746	0.449234889910904	0.879435671604924	0.15190738940631
THYROIDITIS	Thyroiditis	Comorbidities of Gastrointestinal endpoints	2729	486722	489451	0.00557563474178212	0.107421511296078	0.225670458242099	0.634066885980499	FALSE	1.86071107182417	3.03035564757757	0.448112201981551	0.878458514220875	0.15076872178705
H7_HYPERMETRO	Hypermetropia	VII Diseases of the eye and adnexa (H7_)	2721	476776	479497	0.00567469660915501	0.450108904856573	0.508789021648482	0.376336208683688	FALSE	1.86246682160497	3.03546283339663	0.447015871220373	0.877498577189798	0.149661870387064
J10_PNEUMOTHORAX	Pneumothorax	X Diseases of the respiratory system (J10_)	2713	479655	482368	0.00562433660607669	0.49973909651705	0.225066679699325	0.0263913133913684	FALSE	1.86414468148404	3.04034698527858	0.445972625935231	0.876579853220091	0.148613274164888
J10_EMPHYSEMA	Emphysema	X Diseases of the respiratory system (J10_)	2711	409070	411781	0.00658359662053373	-0.242766988792475	0.226736076766129	0.284303010926693	FALSE	1.86513372690203	3.04322765675006	0.445359694574753	0.876037677677006	0.147999316759895
IPF	Idiopathic pulmonary fibrosis	Interstitial lung disease endpoints	2700	494583	497283	0.00542950392432478	0.189483881725974	0.228253433870624	0.406455730148524	FALSE	1.86682423772949	3.0481541790916	0.444315521178935	0.875109932640241	0.146957002380882
M13_PYOGARTH	Pyogenic arthritis	XIII Diseases of the musculoskeletal system and connective tissue (M13_)	2695	315115	317810	0.00847990937981813	-0.34584791952621	0.345802858752007	0.317247450675805	FALSE	1.86969984437114	3.05654238477751	0.442549360340299	0.873528869780084	0.145204322346732
F5_SEDAHYP	Mental and behavioural disorders due to sedatives or hypnotics	V Mental and behavioural disorders (F5_)	2668	491508	494176	0.00539888622676941	0.269511381625508	0.230722466442847	0.242758618991568	FALSE	1.87378688447648	3.06848181267462	0.440060668868733	0.871275600346121	0.142756642745341
K11_OESULC	Ulcer of oesophagus	XI Diseases of the digestive system (K11_)	2667	423785	426452	0.00625392775740294	0.188043520509758	0.32142356261086	0.558525257120131	FALSE	1.87451380304059	3.07060749695707	0.439620658781832	0.870874106333953	0.142326559134647
E4_HYPOPIT	Hypopituitarism	IV Endocrine, nutritional and metabolic diseases (E4_)	2665	479069	481734	0.00553209862704314	-0.00322888738540263	0.251000042002163	0.989736223473371	FALSE	1.87452798416644	3.07064897241113	0.439612082678611	0.870866271628295	0.142318184485102
INV_VENT	Invasive ventilation	Comorbidities of COPD	2664	493611	496275	0.00536799153695028	0.561343357594281	0.244914444622999	0.0219057726417583	FALSE	1.87465184722078	3.07101124442281	0.43953718867718	0.870797837022669	0.142245062717161
H7_CONJUHAEMOR	conjunctival haemorrhage	VII Diseases of the eye and adnexa (H7_)	2664	454779	457443	0.00582367639246857	0.112478286469236	0.228445842674521	0.622462732135969	FALSE	1.87492182334964	3.07180092997776	0.439374026536519	0.870648653101582	0.142085842064832
K11_MN_RETRGN	Mandibular retrognathia	XI Diseases of the digestive system (K11_)	2659	497689	500348	0.00531430124633255	0.0875149229487345	0.413250647494684	0.83228490094696	FALSE	1.87572743966421	3.07415790465051	0.438887792286425	0.870203309675844	0.141612008354458
K11_FIBROCHIRLIV	Fibrosis and cirrhosis of liver	XI Diseases of the digestive system (K11_)	2653	485213	487866	0.0054379686225316	-0.0510450749130346	0.228015319842033	0.822860898984029	FALSE	1.87713478822528	3.078277262662	0.438040696148256	0.869424709988781	0.140788856383103
I9_CEREBDOTH	Other specified cerebrovascular diseases, other cerebrovascular disorders in diseases classified elsewhere	IX Diseases of the circulatory system (I9_)	2644	453828	456472	0.00579225012706146	0.0502934813118591	0.230202193872885	0.827058842041076	FALSE	1.87935728201298	3.0847875204484	0.436708933563369	0.868193569140883	0.139500745416692
F5_ANOREX	Anorexia (incl.atypical)	V Mental and behavioural disorders (F5_)	2621	484901	487522	0.00537616763961421	0.0450503946493311	0.230206144901854	0.844848207505127	FALSE	1.88430590306973	3.09930503820119	0.433769704150925	0.865445674524712	0.136683802746699
Q17_CONGEN_MALFO_EYE_EAR_FACE_NECK	Congenital malformations of eye, ear, face and neck	XVII Congenital malformations, deformations and chromosomal abnormalities (Q17)	2617	497731	500348	0.00523035966966991	0.219898624512091	0.511879882736664	0.667493705555608	FALSE	1.88513053083799	3.10172712099165	0.433283390289288	0.864986917328245	0.136221159656659
F5_DEPRESSION_PSYCHOTIC	Psychotic depression	V Mental and behavioural disorders (F5_)	2622	254393	257015	0.0102017391981013	0.0701071404064128	0.399842110879818	0.860814792695252	FALSE	1.88698615879854	3.10718048382066	0.432192659543023	0.863953736556446	0.135187063027381
ALCODELIRIUM	Alcohol withdrawal state with delirium 	V Mental and behavioural disorders (F5_)	2605	497743	500348	0.00520637636205201	0.19260733740845	0.232231434151952	0.406891289261314	FALSE	1.88786769727872	3.10977264613412	0.431676236659474	0.863462503492035	0.134699163173353
CHRONNAS	Crohn's disease NAS	Gastrointestinal endpoints	2602	476577	479179	0.00543012110296987	0.372899386653189	0.301672183240279	0.216418436898464	FALSE	1.88869425764903	3.11220400918129	0.431193036891192	0.863001672505924	0.134243645160864
L12_URTICA_DERTMATOG	Dermatographic urticaria	XII Diseases of the skin and subcutaneous tissue (L12_)	2596	482901	485497	0.00534709792233526	-0.0611592107586035	0.231102720604766	0.791286180169983	FALSE	1.89003164500072	3.11613976223323	0.430413288601057	0.862255568757836	0.133510592103455
L12_CORNSANDCALLOS	Corns and callosities	XII Diseases of the skin and subcutaneous tissue (L12_)	2582	465673	468255	0.00551408954522643	-0.130059603747497	0.232619987860371	0.576088286435578	FALSE	1.89339342711801	3.12604270157163	0.428464515641075	0.860377593296238	0.131689440786022
H7_PARASTRAB	Paralytic strabismus	VII Diseases of the eye and adnexa (H7_)	2581	476776	479357	0.00538429604657906	-0.347281271334792	0.257184050541743	0.176912731127278	FALSE	1.89354867936191	3.12650036835776	0.428374906268208	0.860290781490295	0.131606074481864
CD2_BENIGN_ADRENAL	Benign neoplasm: Adrenal gland	II Neoplasms from hospital discharges (CD2_)	2570	497778	500348	0.00513642504816648	0.259753621821685	0.231117691282927	0.261054627833631	FALSE	1.89598377388803	3.13368261930614	0.426973861061346	0.858928221439369	0.130306918721055
H7_BLINDANDVISIMPAIRMENT	Visual impairment including blindness (binocular or monocular)	VII Diseases of the eye and adnexa (H7_)	2569	475933	478502	0.00536883858374678	-0.220457888409235	0.232239913334183	0.342484389294958	FALSE	1.89636159061653	3.13479763003186	0.426757230858711	0.858716658444541	0.130106760223762
D3_THROMBOCYTOPENIANAS	Thrombocytopenia, unspecified	III Diseases of the blood and blood-forming organs and certain disorders involving the immune mechanism (D3_)	2567	492275	494842	0.00518751439853529	-0.00720479226376379	0.230661412842494	0.97508184047714	FALSE	1.89672363923277	3.13586626971122	0.426549829835686	0.858513886619678	0.129915309096228
I9_VARICVESOTH	Varicose veins of other sites	IX Diseases of the circulatory system (I9_)	2560	432223	434783	0.00588799470080477	0.026118027942919	0.232494860322597	0.910555343528545	FALSE	1.89881189016214	3.14203317624078	0.425357151424455	0.857343603774148	0.128817766507395
DRUGADVERS_NEUTROPENIA	Drug-induced neutropenia	III Diseases of the blood and blood-forming organs and certain disorders involving the immune mechanism (D3_)	2547	497801	500348	0.00509045704189884	-0.0118891128495967	0.232431777605814	0.959205214192398	FALSE	1.90142765011548	3.14976541151446	0.423871771697892	0.855876019430197	0.127458995377547
K11_VASCINT	Vascular disorders of the intestines	XI Diseases of the digestive system (K11_)	2545	394725	397270	0.00640622246834646	0.105531156270446	0.553801428731679	0.848872091228575	FALSE	1.90271717577255	3.15358034985914	0.423142995745756	0.855151863904343	0.126795629215023
D3_OTHERBLOOD	Other diseases of blood and blood-forming organs	III Diseases of the blood and blood-forming organs and certain disorders involving the immune mechanism (D3_)	2517	491224	493741	0.00509781444117462	-0.346581530657373	0.364359993193525	0.34149964750229	FALSE	1.90870620721454	3.17132494637327	0.419788230831427	0.851783261585945	0.123769846081836
VIRALPNEUMONAS	Viral pneumonia (unknown virus, not influenza)	Interstitial lung disease endpoints	2513	481551	484064	0.00519146228597871	0.157307476134477	0.233707540181236	0.500886584171746	FALSE	1.90974618247228	3.17441069869149	0.419210668146076	0.851197467465109	0.123253535188432
L12_CHRONICULCEROFSKIN	Chronic ulcer of skin, not elsewhere classified	XII Diseases of the skin and subcutaneous tissue (L12_)	2511	465673	468184	0.00536327597696632	-0.00725197683766566	0.235825322125237	0.975467738288671	FALSE	1.91034498535649	3.17618802964518	0.418878779631749	0.850860067997623	0.1229574562545
AB1_ANOGENITAL_HERPES_SIMPLEX	Anogenital herpesviral [herpes simplex] infection	I Certain infectious and parasitic diseases (AB1_)	2510	485458	487968	0.00514377991999475	-0.0513025571613328	0.234246541291022	0.826641519229439	FALSE	1.9104548421064	3.17651414739754	0.418817943734528	0.850798160057554	0.122903232761244
H7_GLAUCNAS	Other and unspecified glaucoma	VII Diseases of the eye and adnexa (H7_)	2505	473757	476262	0.00525970999155927	0.0883905345478443	0.235060923975699	0.706892773709569	FALSE	1.9117610562272	3.18039286772356	0.418095842085583	0.850061867769361	0.122260763580269
Z21_PROBL_RELATED_MEDICAL_FACILITI_OTH_HEALTH_CARE	Problems related to medical facilities and other health care	XXI Factors influencing health status and contact with health services (Z21_)	2504	400757	403261	0.00620937804548419	0.140861845575026	0.254009863182127	0.579200676237499	FALSE	1.91260050303574	3.18288665099918	0.417632990343974	0.849588496235456	0.121850065176464
K11_CD_STRICT2	Crohn disease (strict definition, require KELA, min 2 HDR)	XI Diseases of the digestive system (K11_)	2489	497622	500111	0.0049768951292813	0.402948884604922	0.281029148554536	0.151619907596263	FALSE	1.91556371543959	3.19169647651067	0.416006685078598	0.847916381024295	0.120413881115634
I9_LYMPHADE	Nonspecific lymphadenitis	IX Diseases of the circulatory system (I9_)	2476	432223	434699	0.00569589532067017	-0.295760810295975	0.236537452888918	0.211162140895826	FALSE	1.9192830750783	3.20276953581793	0.413981899670163	0.845815228446797	0.118640726510321
M13_POSTOPMUSCULOSKE	Postprocedural musculoskeletal disorders, not elsewhere classified	XIII Diseases of the musculoskeletal system and connective tissue (M13_)	2467	494616	497083	0.00496295387289447	-0.0504484963883675	0.26025183438223	0.846297311854531	FALSE	1.92110252147273	3.20819242895115	0.412998052644824	0.844786496071386	0.117785111557273
AUTOIMMUNE_HYPERTHYROIDISM	Autoimmune hyperthyroidism	IV Endocrine, nutritional and metabolic diseases (E4_)	2469	370637	373106	0.00661742239470821	0.17063605111788	0.277270567011591	0.538281675748382	FALSE	1.92163812235683	3.20978956599939	0.41270925860163	0.844483557467807	0.117534697641207
K11_OTHINFLIV	Other inflammatory liver diseases	XI Diseases of the digestive system (K11_)	2463	485213	487676	0.00505048433796209	0.00577223197235062	0.236496289932612	0.980527738741353	FALSE	1.92217612748278	3.21139422442161	0.412419545696759	0.844179212347735	0.117283823949826
N14_INFLAMMBREAST	Inflammatory disorders of breast	XIV Diseases of the genitourinary system (N14_)	2468	258508	260976	0.0094568082888848	0.0444590688880247	0.237357864954899	0.851419012440057	FALSE	1.92369153003453	3.21591597262287	0.411605538127067	0.843321716298571	0.116580748310272
L12_PSORI_NAS	Other and unspecified psoriasis	XII Diseases of the skin and subcutaneous tissue (L12_)	2452	482181	484633	0.00505949863092278	-0.242436846893603	0.236841199155362	0.306011884859473	FALSE	1.92499817647812	3.21981706883387	0.410906061405604	0.842582064681788	0.115978720801789
L12_SKINSUBCUTISNAS	Other and unspecified disorders of skin and subcutaneous tissue	XII Diseases of the skin and subcutaneous tissue (L12_)	2434	465673	468107	0.00519966588835459	0.243543215737251	0.248069028510143	0.326220151837901	FALSE	1.92974627353695	3.23401040049686	0.408382847318506	0.839892291164798	0.113823329334508
OSTEOPOROSIS_FRACTURE_FG	Osteoporosis with pathological fracture (FG)	Rheuma endpoints	2429	374317	376746	0.00644731463638632	0.0903180594598034	0.273667409188935	0.741378386425205	FALSE	1.93184950572255	3.24030629928975	0.407274380591892	0.838699894378308	0.112884500741893
K11_OTHDISSTOMDUOD	Other diseases of stomach and duodenum	XI Diseases of the digestive system (K11_)	2427	423785	426212	0.00569434929096318	-0.0301911663636338	0.237905418769078	0.899016323808493	FALSE	1.93189158655319	3.24043232068316	0.407252260133652	0.838676031927834	0.112865815497207
Q17_SEPTA_DEFEC	Septal defects	XVII Congenital malformations, deformations and chromosomal abnormalities (Q17)	2420	497928	500348	0.00483663370294275	0.157360832958522	0.238631639882368	0.509619761773327	FALSE	1.93318144096119	3.24429615266956	0.406575316527697	0.837944506964639	0.112294942359415
ULCERPROCT	Ulcerative proctitis	Gastrointestinal endpoints	2417	476577	478994	0.00504599222537234	-0.420668916491072	0.248843092270815	0.090932592511091	FALSE	1.93410639048515	3.24706813836611	0.406091178532458	0.837419820757672	0.111887784760684
M13_MCTD	Mixed connective tissue disease	XIII Diseases of the musculoskeletal system and connective tissue (M13_)	2415	497933	500348	0.00482664065810196	-0.139027259366286	0.238875986018686	0.560562633084516	FALSE	1.93449393999585	3.24822989695762	0.405888647876016	0.837199952726398	0.111717734587429
N14_INFCERVIX	Inflammatory disease of cervix uteri	XIV Diseases of the genitourinary system (N14_)	2426	250564	252990	0.00958931183050714	0.187067759513033	0.238672099592444	0.433165913113521	FALSE	1.93465526120322	3.24871354402236	0.405804398324458	0.837108425945914	0.11164704452346
L12_LYMPHADENITIS	Acute lymphadenitis	XII Diseases of the skin and subcutaneous tissue (L12_)	2412	470507	472919	0.00510023915300506	0.0126422613372449	0.36108415855293	0.97207021015643	FALSE	1.93546337131413	3.25113676538126	0.405382857945708	0.836649898770405	0.111293773171029
CD2_BENIGN_BRAIN_CNS	Benign neoplasm of brain and other parts of central nervous system	II Neoplasms from hospital discharges (CD2_)	2404	497944	500348	0.00480465595945222	0.113263394587972	0.239477926021361	0.636241971215067	FALSE	1.93739902568474	3.25694430398329	0.404376480489101	0.835551335818641	0.110453238840251
G6_NEUROOTH	Other disorders of nervous system	VI Diseases of the nervous system (G6_)	2404	463029	465433	0.00516508283684225	0.273938988915537	0.239799346535223	0.253301279057964	FALSE	1.93763112340974	3.25764097229095	0.404256123953122	0.835419587373228	0.110352985711558
ALCOPANCCHRON	Alcohol-induced chronic pancreatitis	Alcohol related diseases	2400	497948	500348	0.00479666152357959	-0.142798564362706	0.322415110099539	0.657836021110623	FALSE	1.93846146495297	3.26013387568092	0.403826092565351	0.834948211226938	0.109995253548758
H8_EXT_OTH	Other otitis externa (chronic)	VIII Diseases of the ear and mastoid process (H8_)	2400	485292	487692	0.0049211387515071	-0.503331930312909	0.239368465154004	0.0354876689380201	FALSE	1.93854171472913	3.26037485104063	0.403784576981493	0.834902651078018	0.109960756668908
ASTHMA_MIXED_EXMORE	Asthma mixed form (mode) (more control exclusions)	Asthma and related endpoints	2407	259839	262246	0.00917840500903732	0.273667221659037	0.353357092064931	0.438648294135474	FALSE	1.93942446205443	3.26302609647576	0.403328434453988	0.834401453463588	0.10958218107294
C3_THYROID_PAPILLARY_ADENO_EXALLC	Papillary adenocarcinoma of thyroid gland, excluding all cancers (controls excluding all cancers)	II Neoplasms, from cancer register (ICD-O-3)	2400	378749	381149	0.00629675008985987	0.23888898902728	0.240031135460412	0.319618737724026	FALSE	1.93942978928411	3.26304209916799	0.403325684651674	0.834398428623759	0.10957990137807
CD2_BENIGN_LIPO_SKIN_HEADFACENECK	Benign lipomatous neoplasm of skin and subcutaneous tissue of head, face and neck	II Neoplasms from hospital discharges (CD2_)	2384	497964	500348	0.00476468378008906	0.150096988303035	0.240861293600979	0.533174297815622	FALSE	1.94274386724893	3.27300408980115	0.401621837271631	0.832516244185572	0.108173108897873
K11_PERITONITIS	Acute peritonitis	XI Diseases of the digestive system (K11_)	2384	496343	498727	0.00478017031361847	-0.00483862982952607	0.253344238107592	0.984762103267763	FALSE	1.94275390541867	3.27303428444437	0.401616696993735	0.832510541930363	0.108168882194476
H7_CONVERSTRAB	Convergent concomitant strabismus	VII Diseases of the eye and adnexa (H7_)	2382	476776	479158	0.00497122034902892	-0.151574662034014	0.241264055105772	0.529838770350057	FALSE	1.94341945727084	3.2750365264487	0.401276162065854	0.83213245523249	0.107889102989265
L12_LICHSIMPANDPRURIGO	Lichen simplex chronicus and prurigo	XII Diseases of the skin and subcutaneous tissue (L12_)	2381	432874	435255	0.0054703564577087	0.381159325383459	0.241906728563144	0.115107450497987	FALSE	1.94401475622471	3.27682787643364	0.400972033343889	0.83179425319896	0.107639622479485
N14_CYSTKID	Cyst of kidney	XIV Diseases of the genitourinary system (N14_)	2377	495511	497888	0.00477416607751141	-0.159511668071453	0.240698631305706	0.507520886490896	FALSE	1.94464927614673	3.27873772301903	0.400648345400204	0.831433744345949	0.107374499075081
F5_SPEECH	Specific development disorders of speech and language	V Mental and behavioural disorders (F5_)	2362	494829	497191	0.00475068937289694	-0.425678004352643	0.243129950325755	0.0799760524522336	FALSE	1.94873851130666	3.29105768604163	0.398574077422635	0.829109867454738	0.105685346844355
BACT_INTEST_INFECTION_NOS	Other specified/unspecified bacterial intestinal infections	I Certain infectious and parasitic diseases (AB1_)	2356	492689	495045	0.00475916330838611	-0.120176402176138	0.241437078424194	0.618657060467255	FALSE	1.95039926452801	3.29606697208227	0.39773744455491	0.828165851960998	0.105008846449473
H7_INTERHETEROTRO	Intermittent heterotropia	VII Diseases of the eye and adnexa (H7_)	2347	476776	479123	0.00489853336199682	-0.0125779737946894	0.242921341868456	0.958705609908297	FALSE	1.95298817201615	3.30388250916458	0.396439850401333	0.826694053333885	0.103965060100102
M13_OLECRANONBURSITIS	Olecranon bursitis	XIII Diseases of the musculoskeletal system and connective tissue (M13_)	2342	357549	359891	0.0065075258897833	-0.337207191117212	0.244748579667662	0.168274386260503	FALSE	1.95544368563352	3.31130287267171	0.395216511513204	0.825297923885683	0.102987059701608
M13_OSTEOMYELITIS	Osteomyelitis	XIII Diseases of the musculoskeletal system and connective tissue (M13_)	2336	473264	475600	0.00491169049621531	-0.0479984518720963	0.285759679011915	0.866608535965374	FALSE	1.95607351962146	3.31320736005295	0.394903881755853	0.824939800965343	0.102738068676388
K11_MAXIL_MOLAR_FAILED_ERUPT_OBSTRUCTION_TOOTH	Impacted maxillary molar	XI Diseases of the digestive system (K11_)	2335	498013	500348	0.00466675194064931	-0.340267460283394	0.357088190757136	0.340643403173176	FALSE	1.95619299480951	3.31356868260404	0.39484463103648	0.824871866829011	0.102690922158948
C3_OVARY_EXALLC	Malignant neoplasm of ovary, excluding all cancers (controls excluding all cancers)	II Neoplasms, from cancer register (ICD-O-3)	2339	222078	224417	0.0104225615706475	0.0315789551157253	0.29367669323315	0.91436879606654	FALSE	1.95888053994732	3.3217010644409	0.393516262055656	0.823343676380382	0.10163753007778
H7_OPTNEUROTH	Other disorders of optic [2nd] nerve and visual pathways	VII Diseases of the eye and adnexa (H7_)	2322	496621	498943	0.00465383821398436	-0.105827331115354	0.24406048936603	0.664570891182399	FALSE	1.95985714710639	3.32465840269458	0.393035659728503	0.822788348275198	0.101258113758668
K11_CHOLANGI	Cholangitis (primary sclerosing, PSC)	XI Diseases of the digestive system (K11_)	2317	437418	439735	0.00526908251560599	-0.372477734352171	0.343134506589279	0.277693520041531	FALSE	1.96168831954669	3.33020663525162	0.392137520456613	0.821747092017795	0.100551486089733
M13_CALCIFICTEND	Calcific tendinitis of shoulder	XIII Diseases of the musculoskeletal system and connective tissue (M13_)	2319	357549	359868	0.00644402947747507	-0.108416664205733	0.245861744730394	0.659237628939605	FALSE	1.9618992112027	3.330845872969	0.392034335069577	0.821627174177417	0.100470504619108
N14_VULVOVAGINFINOTH	Vulvovaginal ulceration/inflammation in other diseases	XIV Diseases of the genitourinary system (N14_)	2320	250564	252884	0.00917416681166068	-0.534327961470142	0.244724524212983	0.0290074377228137	FALSE	1.96343472544184	3.3355018264936	0.391284594638121	0.820754058388918	0.0998833430153934
H7_PRESBYOPIA	Presbyopia	VII Diseases of the eye and adnexa (H7_)	2305	476776	479081	0.00481129495847258	0.0453095248182302	0.245039253886932	0.85330181561592	FALSE	1.9648221992524	3.33971135538358	0.390609486969011	0.819965147977968	0.0993565032561396
C3_BILIARY_GALLBLADDER_EXALLC	Malignant neoplasm of intrahepatic ducts, biliary tract and gallbladder, excluding all cancers (controls excluding all cancers)	II Neoplasms, from cancer register (ICD-O-3)	2298	378749	381047	0.0060307521119442	-0.262628790243111	0.245732726720818	0.285178779159089	FALSE	1.96765891625511	3.34832508661069	0.389236119910364	0.81835232925197	0.0982902259302432
C3_STOMACH_EXALLC	Malignant neoplasm of stomach, excluding all cancers (controls excluding all cancers)	II Neoplasms, from cancer register (ICD-O-3)	2296	378749	381045	0.00602553504179296	-0.556527567185618	0.245299381043184	0.0232823930060464	FALSE	1.96823542965508	3.35007687102049	0.38895813537165	0.818024578035923	0.0980752909952634
G6_PLANTAR	Lesion of plantar nerve	VI Diseases of the nervous system (G6_)	2289	435371	437660	0.00523008728236531	0.20690450358473	0.309159011991407	0.503336356785493	FALSE	1.96973853538626	3.35464607940649	0.388235148499428	0.817170104587437	0.0975176878195994
CD2_BENIGN_DESCENDING_COLON	Benign neoplasm: Descending colon	II Neoplasms from hospital discharges (CD2_)	2286	498062	500348	0.00456882010120956	-0.126958261971703	0.246145530556445	0.606004326179165	FALSE	1.97017058643757	3.35595995451612	0.38802780997891	0.81692451056378	0.0973581518760355
H7_ASTIGMATISM	Astigmatism	VII Diseases of the eye and adnexa (H7_)	2286	476776	479062	0.00477182494123934	0.11141079373342	0.389381103068288	0.774784104240157	FALSE	1.97030684288926	3.35637435980897	0.387962465384005	0.816847058760491	0.0973079071988214
ULCEROTH	Other ulcerative colitis	Gastrointestinal endpoints	2281	476577	478858	0.00476341629460091	-0.101384432857152	0.268395092223399	0.70562133959396	FALSE	1.97176546395601	3.36081196572607	0.387264272789861	0.81601798675163	0.0967720857124508
I9_ARTEMBTHR	Arterial embolism and thrombosis	IX Diseases of the circulatory system (I9_)	2266	463106	465372	0.00486922290124889	-0.00910452989465763	0.246731115912107	0.970564249455186	FALSE	1.97626547380296	3.37451872904104	0.385125387079766	0.813460846699819	0.0951423431869135
M13_PATELLADISLOCATIO	Recurrent dislocation of patella	XIII Diseases of the musculoskeletal system and connective tissue (M13_)	2266	315115	317381	0.00713968385000993	0.130773973018193	0.334836560598694	0.696122042524025	FALSE	1.97780448750425	3.3792121047519	0.384399085150631	0.812586561745528	0.0945929440343143
CD2_BENIGN_MELANOCYTIC_FACE	Melanocytic naevi of other and unspecified parts of face	II Neoplasms from hospital discharges (CD2_)	2250	498098	500348	0.00449687017835586	-0.270551055293604	0.248424675537588	0.276124448941722	FALSE	1.98079615610928	3.38834370607735	0.382994756607362	0.810887504693191	0.0935364183732246
M13_DEQUERVAIN	Radial styloid tenosynovitis [de Quervain]	XIII Diseases of the musculoskeletal system and connective tissue (M13_)	2251	357549	359800	0.00625625347415231	-0.0102653258205217	0.249395204433289	0.967167641299901	FALSE	1.98169329077515	3.39108418226972	0.38257555533568	0.810378123044094	0.0932225067848763
NECROVASC_FG	Other necrotizing vasculopathies (FG)	Rheuma endpoints	2250	374317	376567	0.00597503233156384	0.326584274986247	0.290375783598751	0.260718179960523	FALSE	1.98180267359468	3.39141838049876	0.382524504901504	0.81031602114786	0.0931843246131066
O15_FAILED_INDUCT	Failed induction of labour	XV Pregnancy, childbirth and the puerperium (O15_)	2255	214925	217180	0.0103830923657795	-0.189276791054676	0.249240653091796	0.447605061946414	FALSE	1.98331192553061	3.3960310893761	0.381821456533333	0.809459244462042	0.0926595098344668
H8_EXT_INFNAS	Other infective otitis externa	VIII Diseases of the ear and mastoid process (H8_)	2237	485292	487529	0.00458844499506696	-0.441382193028858	0.270392891096183	0.102600825800622	FALSE	1.98479085010326	3.40055378434378	0.381134951940463	0.808619869642054	0.0921488721048537
AB1_PEDICULOSIS_ACARIASIS_OTHERINFEST	Pediculosis, acariasis and other infestations	I Certain infectious and parasitic diseases (AB1_)	2231	498117	500348	0.00445889660796086	0.303276201653595	0.269374635014885	0.260227807904417	FALSE	1.98653132040469	3.40587970295288	0.380330089908384	0.807632302463331	0.0915524938118825
F5_EMOCHILD	Emotional disorders and disorders of social functioning with onset specific to childhood	V Mental and behavioural disorders (F5_)	2230	490708	492938	0.0045238955000426	-0.465170192536889	0.283519015457727	0.100859306538374	FALSE	1.98688156720779	3.40695191731742	0.380168519197102	0.807433601623701	0.0914330732583672
TBC_RESP	Respiratory tuberculosis	I Certain infectious and parasitic diseases (AB1_)	2226	497387	499613	0.00445544851715228	0.278769502442705	0.359529164769482	0.438118799415557	FALSE	1.98806005932513	3.41056073827383	0.379625848691586	0.806765110522449	0.091032703005824
G6_TRINEU	Trigeminal neuralgia	VI Diseases of the nervous system (G6_)	2226	435371	437597	0.0050868721677708	-0.129389281597848	0.278275058127342	0.641953640869413	FALSE	1.98849354133813	3.41188858528315	0.379426616582244	0.806519255516558	0.090885996065375
C3_NSCLC_ADENO_EXALLC	Non-small cell lung cancer, adenocarcinoma, excluding all cancers (controls excluding all cancers)	II Neoplasms, from cancer register (ICD-O-3)	2219	378749	380968	0.00582463618991621	0.173761810490369	0.24921870096893	0.485661238320682	FALSE	1.99115739784001	3.42005353220437	0.378206719519558	0.805008840973414	0.089991010242208
Q17_CONGEN_MALFO_OVARIES_FALLOP_TUBES_BROAD_LIGAM	Congenital malformations of ovaries, fallopian tubes and broad ligaments	XVII Congenital malformations, deformations and chromosomal abnormalities (Q17)	2215	278792	281007	0.00788236591971019	-0.0925773308906293	0.249567738230697	0.710674240670866	FALSE	1.99381953121743	3.42822177339717	0.376995189739507	0.803500179985177	0.0891077691860311
E4_PCOS	Polycystic ovarian syndrome	IV Endocrine, nutritional and metabolic diseases (E4_)	2214	267780	269994	0.0082001822262717	0.610529415995431	0.343288990225541	0.0753265774843836	FALSE	1.99435075229118	3.42985274830988	0.376754334010939	0.803199229162973	0.0889328428752056
AB1_SEQULAE_INF_NOS	Sequelae of other and unspecified infectious and parasitic diseases	I Certain infectious and parasitic diseases (AB1_)	2203	497160	499363	0.0044116204043952	-0.0278094312726141	0.295355051706831	0.924985287386011	FALSE	1.99515527285401	3.43232346734499	0.376390133166767	0.802743511351493	0.0886687529100067
M13_CONNECTNAS	Other specified/unspecified systemic involvement of connective tissue	XIII Diseases of the musculoskeletal system and connective tissue (M13_)	2195	484260	486455	0.00451223648641704	0.180710997394793	0.251082916421347	0.471693483425366	FALSE	1.99773576400174	3.44025355307782	0.375226569749594	0.801282342595562	0.0878283977321499
I9_OTHILLHEART	Other or ill-defined heart diseases	IX Diseases of the circulatory system (I9_)	2192	375343	377535	0.00580608420411353	0.321226400791357	0.384521578032659	0.403496812103372	FALSE	1.99958221441526	3.44593280509216	0.374398280332111	0.800237343048108	0.0872333090731339
Q17_CONGEN_MALFO_URINARY_SYSTEM	Congenital malformations of the urinary system	XVII Congenital malformations, deformations and chromosomal abnormalities (Q17)	2168	498180	500348	0.00433298424296689	-0.249172576658181	0.513276159388906	0.627353489742974	FALSE	2.00621033339426	3.46635329532858	0.371454169672782	0.796490098965559	0.0851390567746135
G6_CERCYST	Cerebral cysts	VI Diseases of the nervous system (G6_)	2163	463029	465192	0.00464969302997472	0.0272001094947541	0.252710562996519	0.914286462646811	FALSE	2.00804715291893	3.4720217209028	0.370646274393369	0.795452813262032	0.0845700751683574
L12_INTERNALSUBSTANCEDERM	Dermatitis due to substances taken internally	XII Diseases of the skin and subcutaneous tissue (L12_)	2157	432874	435031	0.00495826734186759	0.247462325397559	0.536908552726352	0.644868783666144	FALSE	2.01021137860188	3.47870574988354	0.369698780273117	0.794231331570448	0.0839058974034686
F5_EATOTH	Other eating disorders	V Mental and behavioural disorders (F5_)	2155	484901	487056	0.00442454255773463	0.162402627036907	0.346462914291329	0.639252189177015	FALSE	2.01048611302187	3.47955464851691	0.369578841534503	0.794076327627137	0.0838220621946809
TONGUEABNORMALITY	Tongue abnormality	XI Diseases of the digestive system (K11_)	2151	498197	500348	0.00429900789050821	-0.140392580111155	0.254168066369353	0.580700902857304	FALSE	2.01170278927047	3.48331513728132	0.36904860246769	0.79339003698164	0.083452079043064
M13_HYPERMOBILITY	Hypermobility syndrome	XIII Diseases of the musculoskeletal system and connective tissue (M13_)	2150	484260	486410	0.00442013938858165	-0.331356313795658	0.35833353376648	0.355114290794874	FALSE	2.01211536308009	3.4845907212875	0.368869137628643	0.793157373614117	0.0833270927147405
E4_THYTOXGOITMULT	Thyrotoxicosis with toxic multinodular goitre	IV Endocrine, nutritional and metabolic diseases (E4_)	2149	489345	491494	0.00437238297924288	0.597489922505768	0.329965776013848	0.0701774971967289	FALSE	2.01240892301692	3.48549846667545	0.368741546719445	0.792991843733227	0.0832383066649353
N14_URETHRALSTRICT	Urethral stricture	XIV Diseases of the genitourinary system (N14_)	2132	403328	405460	0.00525822522566961	0.0962869360427648	0.255902046647966	0.706720034721347	FALSE	2.01864731086556	3.50481338125243	0.366050496238059	0.789477830798769	0.0813798518340499
L12_DECUBITANSULCERANDPRESSURE	Decubitus ulcer and pressure area	XII Diseases of the skin and subcutaneous tissue (L12_)	2121	465673	467794	0.00453404703779869	0.506236008981053	0.375971079669942	0.178149078032772	FALSE	2.02180474774298	3.51460713704629	0.364703159288235	0.787702056504517	0.0804594976010731
ST19_FRACT_NECK	Fracture of neck	XIX Injury, poisoning and certain other consequences of external causes (ST19_)	2108	490069	492177	0.00428301200584343	0.117485424939706	0.355856293887199	0.741287751066581	FALSE	2.02601121700747	3.52767346122209	0.362923313899426	0.785339378214633	0.0792540167255014
I9_NONISCHCARDMYOP_STRICT	Nonischemic cardiomyopathy	IX Diseases of the circulatory system (I9_)	2108	413400	415508	0.00507330785448174	-0.229291235412029	0.293782786190829	0.43510910333772	FALSE	2.02657932675694	3.52943978404436	0.362684249806878	0.785020563053735	0.0790929922636195
KRA_PSY_CHILDOTH_EXMORE	Other disorders starting during childhood or adolescence (more control exclusions)	Psychiatric endpoints from Katri Räikkönen	2097	362304	364401	0.00575464941095112	0.0897718692536042	0.270725259272738	0.740193067849893	FALSE	2.03082500048997	3.54265241730416	0.360907466840318	0.782640132396761	0.0779028250803131
O15_OBSTET_TRAUMA_OTHER	Other obstetric trauma	XV Pregnancy, childbirth and the puerperium (O15_)	2104	214925	217029	0.00969455694861055	0.107710643862442	0.257341397033552	0.675543895438542	FALSE	2.03128410735469	3.54408246943262	0.360716366895067	0.78238295928191	0.0777755105018464
L12_BULLOUS	Bullous disorders	XII Diseases of the skin and subcutaneous tissue (L12_)	2082	498266	500348	0.00416110387170529	0.178666211525109	0.257744049041481	0.488188827744548	FALSE	2.03484666569276	3.55518795631776	0.359240274244739	0.780388967134497	0.0767966294107276
L12_NAIL_INGROW	Ingrowing nail	XII Diseases of the skin and subcutaneous tissue (L12_)	2074	476404	478478	0.00433457755633488	-0.303447444550697	0.275736695996825	0.271115576296927	FALSE	2.03776027185911	3.56428183853417	0.35804195686669	0.778760370317349	0.0760078328345067
H7_HORDEOLUM	Hordeolum and other deep inflammation of eyelid	VII Diseases of the eye and adnexa (H7_)	2071	453930	456001	0.00454165670689319	-0.131648227272406	0.258288676347238	0.610265752244372	FALSE	2.03896186411496	3.56803519753384	0.35755007508595	0.778089309333657	0.0756855708522451
L12_HYPETROPHICSCAR	Hypertrophic scar	XII Diseases of the skin and subcutaneous tissue (L12_)	2068	465673	467741	0.00442125022181079	-0.362433193258756	0.258639752412223	0.161122869320287	FALSE	2.03992745790863	3.57105263818191	0.357155775305236	0.777550299276912	0.0754278791136703
KRA_PSY_CHILDEMOT_EXMORE	Emotional disorders starting during childhood or adolescence (more control exclusions)	Psychiatric endpoints from Katri Räikkönen	2068	362304	364372	0.00567551842622375	-0.333257765498919	0.420587328283345	0.428149146402615	FALSE	2.04084461773144	3.57391976370632	0.35678205491193	0.777038535301195	0.0751841607129906
E4_ENDODIS	Other endocrine disorders	IV Endocrine, nutritional and metabolic diseases (E4_)	2056	479069	481125	0.0042733177448688	0.19323562993446	0.25824786066761	0.454305481628503	FALSE	2.04406116350845	3.5839829792231	0.355477531077941	0.775245380720549	0.0743374168345233
I9_MYOCARD	Myocarditis	IX Diseases of the circulatory system (I9_)	2062	252810	254872	0.00809033554097743	-0.0615197233871399	0.261564073632864	0.814053941380282	FALSE	2.0447385822838	3.5861039236221	0.355204005195738	0.774868064314952	0.0741606613905501
G6_DYSTON	Dystonia	VI Diseases of the nervous system (G6_)	2051	484084	486135	0.0042189926666461	-0.265023768437353	0.299428550235465	0.376103494419026	FALSE	2.0458022078559	3.58943516452244	0.35477538525575	0.774275869074315	0.0738842293267778
CHRONLARGE	Crohn's disease of large intestine	Gastrointestinal endpoints	2049	476577	478626	0.00428100437502351	0.521716321073688	0.441981135396081	0.237839552985055	FALSE	2.04656246828803	3.59181710945972	0.354469648305487	0.773852755824595	0.0736874565060099
K11_OESITIS	Oesophagitis	XI Diseases of the digestive system (K11_)	2046	423785	425831	0.00480472300043914	-0.522124204335464	0.318328901463123	0.100962844862917	FALSE	2.04802301722355	3.59639505372507	0.353883767733824	0.77304032449189	0.073311330405472
M13_OSTEONECROSIS	Osteonecrosis	XIII Diseases of the musculoskeletal system and connective tissue (M13_)	2043	473264	475307	0.00429827458884468	-0.305206803087031	0.260158855939419	0.240733437532523	FALSE	2.04872699471507	3.59860251674317	0.353602067481176	0.772648934788786	0.073130926252392
CD2_BENIGN_CHOROID	Benign neoplasm: Choroid	II Neoplasms from hospital discharges (CD2_)	2024	498324	500348	0.00404518455155212	0.102826395720042	0.262032399872003	0.694748921991451	FALSE	2.05543106243467	3.6196543191441	0.350941741703424	0.768928299876799	0.071441371722859
K11_OPEN_BITE	Open bite	XI Diseases of the digestive system (K11_)	2021	498327	500348	0.00403918872464765	-0.367630562164518	0.419801655590581	0.381179865427326	FALSE	2.05652562559445	3.62309654453525	0.350511203112267	0.768322000577747	0.0711703393842231
E4_HYPERKALAEMIA	Hyperkalaemia	IV Endocrine, nutritional and metabolic diseases (E4_)	2019	420066	422085	0.00478339670919365	-0.375257483021563	0.332629352489732	0.259254444562197	FALSE	2.05781484232683	3.62715277012224	0.350005458297145	0.767608307407846	0.070852814906809
N14_FITUB	Female infertility, tubal origin	XIV Diseases of the genitourinary system (N14_)	2038	130160	132198	0.0154162695350913	0.0274620869596287	0.262606765559505	0.916713100006906	FALSE	2.05883629277121	3.63036794786305	0.349605795696446	0.767043177843464	0.0706025427458642
G6_HEMIPLE	Hemiplegia	VI Diseases of the nervous system (G6_)	2008	495687	497695	0.00403459950371211	0.19648486252549	0.312497647637271	0.529508617984757	FALSE	2.06131990861481	3.63819075119144	0.348637852540122	0.765670325575523	0.0699987834781363
I9_OTHANEUR	Other aneurysm	IX Diseases of the circulatory system (I9_)	1998	463106	465104	0.00429581340947401	0.222085319125177	0.263196700134601	0.398781295384881	FALSE	2.06524639655178	3.65057337084707	0.34711854448232	0.76350354624421	0.0690578729072012
OSTPOPATFRCTURE_POSTEMENO	Postmenopausal osteoporosis with pathological fracture	Rheuma endpoints	2001	279785	281786	0.0071011334842753	0.280644268483368	0.365880855298139	0.443059330495044	FALSE	2.06623628810687	3.6536980256814	0.346737623389384	0.762958003476866	0.0688232607406303
JUVEN_ARTHR	Juvenile arthritis (FINNGEN)	Rheuma endpoints	1994	374317	376311	0.00529880869812469	0.0409335641895567	0.513302259123034	0.936439641631118	FALSE	2.06750492461513	3.65770427576658	0.346250670623375	0.762259267472146	0.0685240964370379
M13_SPONDYLINFLAMNAS	Other specified/unspecified inflammatory spondylopathies	XIII Diseases of the musculoskeletal system and connective tissue (M13_)	1986	353224	355210	0.00559105881028124	-0.655422128253761	0.265979820847887	0.0137327165444131	FALSE	2.07075013478608	3.6679611715901	0.345011298554192	0.760474087707696	0.0677664847098232
M13_SACROILIITIS	Sacroiliitis, not elsewhere classified	XIII Diseases of the musculoskeletal system and connective tissue (M13_)	1976	353224	355200	0.00556306306306306	-0.207742844003345	0.266534543446958	0.435731263294757	FALSE	2.07454159011959	3.67996054545218	0.343574636283982	0.758392509641258	0.0668950995733517
K11_ORAL_LEUCOPLAC_RELAT	Oral leukoplakia and related diseases	XI Diseases of the digestive system (K11_)	1972	498376	500348	0.0039412568852079	0.246743805162478	0.264617837431033	0.351102253006129	FALSE	2.07484198923575	3.68091199956376	0.343461326877003	0.758227776195416	0.0668266847323115
M13_FOREIGNBODY	Residual foreign body in soft tissue	XIII Diseases of the musculoskeletal system and connective tissue (M13_)	1974	357549	359523	0.00549060838944935	0.660980552064737	0.264729293432293	0.0125313672028594	FALSE	2.07525325058133	3.6822147630788	0.343306323502146	0.758002293812245	0.066733169180583
M13_NEURALGIA	Neuralgia and neuritis, unspecified	XIII Diseases of the musculoskeletal system and connective tissue (M13_)	1972	357549	359521	0.00548507597609041	-0.184991256993597	0.265060589357175	0.485226823758792	FALSE	2.07601729023257	3.68463557015682	0.34301873523759	0.757583534795514	0.0665598885943717
M13_SOFTTISSUENAS	Other specified/unspecified soft tissue disorders	XIII Diseases of the musculoskeletal system and connective tissue (M13_)	1969	357549	359518	0.00547677724063886	0.0542763277028075	0.265532671596117	0.838036664326996	FALSE	2.07716606472699	3.68827670033584	0.342587249860743	0.756954255318714	0.0663004541279966
D3_OTHERWHITECELL	Other disorders of white blood cells	III Diseases of the blood and blood-forming organs and certain disorders involving the immune mechanism (D3_)	1966	491224	493190	0.00398629331494961	-0.416339789597696	0.263836808192018	0.114560989480906	FALSE	2.07718672146615	3.68834218795808	0.342579501171324	0.756942943731638	0.0662958011716268
O15_LABOUR_UMBILICAL	Labour and delivery complicated by umbilical cord complications	XV Pregnancy, childbirth and the puerperium (O15_)	1975	214925	216900	0.0091055786076533	-0.363250311555586	0.266303475448255	0.172552945438	FALSE	2.0776314763748	3.6897523090833	0.342412752417556	0.756699429787514	0.0661957227586138
H7_EPISCLERITIS	Episcleritis	VII Diseases of the eye and adnexa (H7_)	1961	473095	475056	0.00412793439089286	0.414980975567828	0.265422250327421	0.117940979879938	FALSE	2.07923042624468	3.69482383047157	0.34181462898392	0.75582448803687	0.0658375514584907
O15_ABORT_UNS	Unspecified abortion	XV Pregnancy, childbirth and the puerperium (O15_)	1965	199279	201244	0.00976426626383892	0.115021885468772	0.26601731329291	0.665461647067487	FALSE	2.08200335282336	3.70362621516587	0.34078237273408	0.75430910037282	0.0652223763785891
J10_NECROTIC	Suppurative and necrotic conditions of lower respiratory tract	X Diseases of the respiratory system (J10_)	1943	498405	500348	0.00388329722513131	0.204482323539547	0.517558173846409	0.692776091309471	FALSE	2.08608757388512	3.71660795338978	0.339273474578409	0.752081673076033	0.0643298859147167
CD2_LYMPHOID_LEUKAEMIA_EXALLC	Lymphoid leukaemia (controls excluding all cancers)	II Neoplasms from hospital discharges (CD2_)	1945	378749	380694	0.00510909024045559	-0.499500608870854	0.265535996848459	0.0599578841100912	FALSE	2.08624291036555	3.71710208639214	0.339216354882111	0.751997065478635	0.0642962573931824
E4_HYPERPIT	Hyperfunction of pituitary gland	IV Endocrine, nutritional and metabolic diseases (E4_)	1917	479069	480986	0.00398556298935936	0.0757650870362621	0.268294735584612	0.777640662243643	FALSE	2.09655991434303	3.74998566072261	0.335466108125674	0.746395949618005	0.0621132861107246
H8_CHOLEASTOMA	Cholesteatoma of middle ear	VIII Diseases of the ear and mastoid process (H8_)	1916	465154	467070	0.00410216883978847	0.0596115218456604	0.268000021228398	0.823978355184717	FALSE	2.09705583568322	3.75156952860021	0.335287975596614	0.746127635628224	0.0620108157564452
F5_NEUROTICOTH	Other neurotic disorders	V Mental and behavioural disorders (F5_)	1914	444414	446328	0.00428832607409797	0.157710733947933	0.466918292053045	0.735536934802425	FALSE	2.09801243863718	3.75462554724219	0.334944915708559	0.745610316937101	0.0618137815056538
N14_IMPOTENCE	Impotence	XIV Diseases of the genitourinary system (N14_)	1919	153573	155492	0.0123414709438428	-0.848093970539109	0.368725351137926	0.0214442772909896	FALSE	2.10230706977141	3.76835890894883	0.333413595620823	0.743291812962525	0.0609392489969687
M13_DISSYNOTENDNAS	Other specified/unspecified disorders of synovium and tendon +Other specified/unspecified bursopathies	XIII Diseases of the musculoskeletal system and connective tissue (M13_)	1904	357549	359453	0.00529693729082801	0.27634590286063	0.378543891788377	0.465375875018455	FALSE	2.10288525793608	3.77020952231277	0.333208530808028	0.742980172602456	0.0608227527307068
C3_NSCLC_SQUAM_EXALLC	Non-small cell lung cancer, squamous, excluding all cancers (controls excluding all cancers)	II Neoplasms, from cancer register (ICD-O-3)	1898	378749	380647	0.0049862471003318	-0.649919515544015	0.271331052817309	0.016606730541648	FALSE	2.10511069204195	3.7773362239324	0.332421654883919	0.741781795128323	0.0603770792962802
CD2_BENIGN_PITUITARY_CRANIPHAR	Benign neoplasm: Pituitary gland, craniopharyngeal duct	II Neoplasms from hospital discharges (CD2_)	1893	498455	500348	0.0037833667767234	0.309912738783787	0.26940593234803	0.249997262329435	FALSE	2.10623150507751	3.78092774285236	0.332026800180237	0.741178923275761	0.06015424431783
C3_BRAIN_EXALLC	Malignant neoplasm of brain, excluding all cancers (controls excluding all cancers)	II Neoplasms, from cancer register (ICD-O-3)	1894	378749	380643	0.00497579096423683	-0.127109616342626	0.26858867850165	0.636034765147305	FALSE	2.10675689562829	3.78261181446891	0.331842040922175	0.740896478794206	0.0600501603717645
SCND_OTH_KNEEARTHROSIS	Other secondary gonarthrosis	Rheuma endpoints	1891	438992	440883	0.00428911978915041	0.169074157689434	0.271245593488565	0.533070976997745	FALSE	2.1074599432203	3.78486585889157	0.331595137643317	0.740518684752528	0.0599112509922938
G6_ATYFAC	Atypical facial pain	VI Diseases of the nervous system (G6_)	1891	435371	437262	0.00432463831753045	-0.271724579632848	0.335363073520986	0.417802247037566	FALSE	2.10748796550428	3.78495571351853	0.331585304339684	0.74050363025338	0.0599057230533615
Z21_TOBAC_USE	Tobacco use	XXI Factors influencing health status and contact with health services (Z21_)	1887	498461	500348	0.00377137512291445	0.00584440031454454	0.388787452694128	0.988006348642086	FALSE	2.10871586017307	3.78889393060916	0.331155012882458	0.739844246046486	0.0596641537344851
O15_LABOUR_INTRAPART_HAEMORRH	Labour and delivery complicated by intrapartum haemorrhage, not elsewhere classified	XV Pregnancy, childbirth and the puerperium (O15_)	1896	214925	216821	0.00874454042735713	-0.181526604504939	0.272034406730509	0.504585116197066	FALSE	2.10890967325586	3.78951571044258	0.331087200051467	0.739740218052266	0.0596261410541462
MENINGITIS	Meningitis	Comorbidities of Neurological endpoints	1878	495910	497788	0.00377269038225108	0.00507947602833811	0.270557891928414	0.985021329806872	FALSE	2.11248557478317	3.80099576182585	0.329841155194712	0.737823354449496	0.0589304751553367
N14_CALCULOWER	Calculus of lower urinary tract	XIV Diseases of the genitourinary system (N14_)	1878	486185	488063	0.00384786390281583	-0.631209807793444	0.270744362949855	0.0197329780243315	FALSE	2.11254518548909	3.80118726509635	0.329820465484696	0.737791440153081	0.0589189690105319
CD2_BENIGN_UTERUS_OTH	Other benign neoplasms of uterus	II Neoplasms from hospital discharges (CD2_)	1879	280185	282064	0.00666160871291622	-0.146575582395434	0.27195359296204	0.589905640861142	FALSE	2.11436101364141	3.80702276483193	0.329191509104364	0.736819917965312	0.05856988716778
H7_IRIDOCHRONIC	Chronic iridocyclitis	VII Diseases of the eye and adnexa (H7_)	1869	473095	474964	0.00393503507634263	-0.418076800930002	0.271220286231592	0.123203455452475	FALSE	2.11641753592204	3.81363653472281	0.328482169402414	0.735721104975763	0.0581778131690734
MACULAR_HOLE	Macular hole	VII Diseases of the eye and adnexa (H7_)	1849	455449	457298	0.00404331529987011	0.31727861002373	0.274148284785795	0.247139683174451	FALSE	2.12508041484174	3.84155175268323	0.325528574809371	0.731110062248529	0.0565636871029866
N14_OTHNONINFCERVIX	Other noninflammatory disorders of cervix uteri	XIV Diseases of the genitourinary system (N14_)	1865	130160	132025	0.0141261124786972	0.0393854196826851	0.537442531637443	0.941580891763727	FALSE	2.12633013384629	3.8455862317103	0.325107025891469	0.730447242913729	0.0563357259955242
Z21_KIDNEY_TRANSPLANT_STATUS	Kidney transplant status	XXI Factors influencing health status and contact with health services (Z21_)	1840	493510	495350	0.00371454527102049	0.241560389324912	0.273504435301311	0.377125709137271	FALSE	2.12873149522627	3.85334379671032	0.324300187535324	0.729175324229014	0.055901086905751
N14_MALEINFERT	Male infertility	XIV Diseases of the genitourinary system (N14_)	1852	153573	155425	0.0119157149750684	-0.220539147608764	0.276838260006074	0.425662833599857	FALSE	2.13015213273246	3.8579363841644	0.323824822634174	0.728423920896946	0.0556460392204699
G6_FEMLAPOP	Lesion of lateral popliteal nerve	VI Diseases of the nervous system (G6_)	1837	435371	437208	0.00420166145175752	0.180247766283198	0.362099846188436	0.618635795222873	FALSE	2.13043855241485	3.85886260322868	0.323729158298488	0.728272523636638	0.0555948044783773
G6_CLUSTHEADACHE_STRICT_INCLAVO	Cluster headache, strict, including avohilmo	VI Diseases of the nervous system (G6_)	1833	498515	500348	0.00366345023863391	-0.0580399253640901	0.279269200156827	0.835363364055868	FALSE	2.13176037623532	3.86313836169042	0.323288429890981	0.727574244513916	0.0553591626211601
C3_MENINGIOMA_EXALLC	Brain meningioma, excluding all cancers (controls excluding all cancers)	II Neoplasms, from cancer register (ICD-O-3)	1835	377674	379509	0.00483519494926339	0.117666631499805	0.315647465050459	0.709313204561826	FALSE	2.13182995268444	3.86336348122842	0.323265266024055	0.727537508451097	0.0553467958092277
M13_BICIPITALTEND	Bicipital tendinitis	XIII Diseases of the musculoskeletal system and connective tissue (M13_)	1825	357549	359374	0.00507827500041739	-0.249145818069366	0.275939027383806	0.366578066115502	FALSE	2.13644781558318	3.8783178044128	0.32173555392955	0.725103579328591	0.0545340986207524
AD_EO_EXMORE	Alzheimer’s disease (Early onset) (more control exclusions)	Neurological endpoints	1820	216472	218292	0.00833745625125978	1.11853613422455	0.278952077902845	6.07756496485625e-05	TRUE	2.14134642094466	3.89420904718983	0.320129275072134	0.722530980255164	0.0536891632089105
AB1_VARICELLA	Varicella [chickenpox]	I Certain infectious and parasitic diseases (AB1_)	1808	480316	482124	0.00375007259543188	0.0847693624542163	0.276362732177762	0.759047180895417	FALSE	2.14297831580829	3.89950931654251	0.31959788560711	0.721676104793719	0.0534115384692664
I9_STR_EMBOLIC	Embolic stroke	IX Diseases of the circulatory system (I9_)	1808	453828	455636	0.00396807978298466	-0.128010976474665	0.383483306579612	0.738522122434146	FALSE	2.14315706607245	3.9000900763978	0.319539791844702	0.721582531202667	0.0533812444231363
O15_PLAC_PRAEVIA	Placenta praevia	XV Pregnancy, childbirth and the puerperium (O15_)	1815	221186	223001	0.00813897695526029	-0.105798052755727	0.278201861559102	0.703728378721377	FALSE	2.14342837929377	3.90097164612846	0.319451657407281	0.721440526795885	0.0533353065880639
O15_POLYHYDR	Polyhydramnios	XV Pregnancy, childbirth and the puerperium (O15_)	1811	221186	222997	0.00812118548680027	0.104111652311214	0.400462704284741	0.794880436721964	FALSE	2.14521816726464	3.90678934542219	0.318871529424649	0.720504507484611	0.0530335749176794
D3_COAGDEFNAS	Other and unspecified coagulation defects	III Diseases of the blood and blood-forming organs and certain disorders involving the immune mechanism (D3_)	1786	492275	494061	0.00361493823637162	0.216486432072576	0.278282771216616	0.43660622242422	FALSE	2.1529190184134	3.93186442997952	0.316400442016066	0.716492095158919	0.0517608462897668
VIT_DEF	Vitamin deficiency, wide	IV Endocrine, nutritional and metabolic diseases (E4_)	1784	467142	468926	0.00380443822692706	0.444157926133791	0.277891516306737	0.109973093091902	FALSE	2.15400153168746	3.93539490628362	0.316056301229068	0.715930029604758	0.0515852002848684
Q17_LVOTO_NARROW	Left ventricular outflow tract obstruction, narrow definition	XVII Congenital malformations, deformations and chromosomal abnormalities (Q17)	1761	498587	500348	0.00351955039292652	0.147266770650793	0.28053640012239	0.599619963373246	FALSE	2.16454800126536	3.96986376307208	0.312744299230423	0.710479705264181	0.049914709873851
N14_OBSTRUREFLUROPATH	Other obstructive and reflux uropathy	XIV Diseases of the genitourinary system (N14_)	1755	447142	448897	0.00390958282189456	0.521305933388335	0.279395764142781	0.0620646854097453	FALSE	2.16773292403916	3.98029898351789	0.311758466204945	0.708842995856728	0.0494244209806708
D3_IMMUDEF	Immunodeficiencies	III Diseases of the blood and blood-forming organs and certain disorders involving the immune mechanism (D3_)	1747	498601	500348	0.00349156986737231	-0.0176774994197964	0.280183895050338	0.949692855000485	FALSE	2.17121877170959	3.99173397788758	0.310687000588412	0.707056602714699	0.0488951366221296
L12_IMPETIGO	Impetigo	XII Diseases of the skin and subcutaneous tissue (L12_)	1734	470507	472241	0.00367185398980605	-0.169605038180336	0.282855553622091	0.54876142134711	FALSE	2.17767947036987	4.01296583949806	0.308721650979388	0.7037594934281	0.0479339799406129
O15_MATERN_CARE_DISPROP	Maternal care for known or suspected disproportion	XV Pregnancy, childbirth and the puerperium (O15_)	1736	221186	222922	0.00778747723418954	-0.0939440628151169	0.284237424993995	0.741012640513992	FALSE	2.1802136870132	4.02130758902748	0.307957933949857	0.702471128282269	0.0475638546803314
G6_SCIALE	Lesion of sciatic nerve	VI Diseases of the nervous system (G6_)	1729	435371	437100	0.0039556165637154	-0.0103637632974107	0.514959255047647	0.983943334404892	FALSE	2.18037166121698	4.02182783682348	0.307910459592284	0.702390908508863	0.0475409089957672
H7_CONJUNCTIVITISATOPIC	Atopic conjunctivitis	VII Diseases of the eye and adnexa (H7_)	1728	454779	456507	0.00378526506712931	-0.395314949713518	0.32213282168762	0.219754952231781	FALSE	2.18071803486763	4.02296863382598	0.307806422008673	0.702215056944656	0.0474906501298819
M13_PREPATELLARBURSITIS	Prepatellar bursitis	XIII Diseases of the musculoskeletal system and connective tissue (M13_)	1725	357549	359274	0.00480134938793233	0.0283081936948471	0.284192914374502	0.920654687813191	FALSE	2.18306557164926	4.03070410139588	0.307103278866997	0.701024606329058	0.0471518871736723
F5_SCHOLA	Specific development disorders of scholastic skills	V Mental and behavioural disorders (F5_)	1719	494829	496548	0.00346190096425723	-0.0856591630369248	0.287752993361893	0.765945149499727	FALSE	2.18489042046146	4.03672175308871	0.306559053314942	0.700100876626717	0.0468907799905554
K11_ORALCYST	Cysts of oral region, not elsewhere classified	XI Diseases of the digestive system (K11_)	1713	310260	311973	0.00549085978594301	0.481229399898831	0.284015752888931	0.0901939075178442	FALSE	2.18962762370914	4.05236166249072	0.305155832404144	0.697709742598879	0.0462219300112721
M13_BIOMECHLESIO	Biomechanical lesions, not elsewhere classified	XIII Diseases of the musculoskeletal system and connective tissue (M13_)	1707	494616	496323	0.00343929255746762	-0.272584985630409	0.28471528291032	0.338367925889598	FALSE	2.19087087363799	4.05647066765054	0.304789835447666	0.697083839908302	0.0460485127489446
M13_MONOARTHRITIS	Monoarthritis, not elsewhere classified	XIII Diseases of the musculoskeletal system and connective tissue (M13_)	1709	315115	316824	0.00539416205842992	-0.393985421291439	0.285040046612987	0.166906995260437	FALSE	2.19155206073918	4.05872280297651	0.304589700389897	0.696741191778481	0.045953865434488
M13_ANKYLOSPON_STRICT	Ankylosing spondylitis, strict definition	XIII Diseases of the musculoskeletal system and connective tissue (M13_)	1705	496755	498460	0.00342053524856558	-0.589517649312238	0.285866956565178	0.0391877627716276	FALSE	2.19186242186167	4.05974909877372	0.304498608434118	0.696585143072967	0.0459108288311966
CHIRHEP_NAS	Cirrhosis of liver, NAS	Gastrointestinal endpoints	1703	494803	496506	0.0034299686207216	-0.331854952991767	0.283763700417526	0.242211741120548	FALSE	2.19288052962394	4.06311655801462	0.304200199436112	0.696073540264124	0.0457700302621442
J10_SIMPLBRONCH	Simple and mucopurulent chronic bronchitis	X Diseases of the respiratory system (J10_)	1702	409070	410772	0.00414341775973046	0.25694533532911	0.284960497186784	0.367222863262427	FALSE	2.19400344934787	4.06683211416532	0.303871794934987	0.695509800965674	0.0456154070869602
M13_DEFORMACQ	Other acquired deformities of musculoskeletal system and connective tissue	XIII Diseases of the musculoskeletal system and connective tissue (M13_)	1694	494616	496310	0.00341318933730934	0.0132100950198656	0.508721223605568	0.979283454352752	FALSE	2.19743874153694	4.07820820473185	0.302871821871915	0.693788653487147	0.0451467027334418
AB1_SCABIES	Scabies	I Certain infectious and parasitic diseases (AB1_)	1690	498117	499807	0.00338130518380095	0.355836367882917	0.371101251988749	0.33762626201783	FALSE	2.19945812127537	4.08490197482346	0.30228728958772	0.692779353932939	0.0448741940197642
GE	Generalized epilepsy	VI Diseases of the nervous system (G6_)	1690	484697	486387	0.00347459944447528	-0.175697708085377	0.285120848061726	0.537748082480006	FALSE	2.19953927203822	4.08517107149488	0.302263850168453	0.692738832207266	0.0448632891761111
K11_MALABSORB	Intestinal malabsorption	XI Diseases of the digestive system (K11_)	1688	478189	479877	0.00351756804347781	-0.0108439718860571	0.312330974692753	0.972303420203592	FALSE	2.20060374997886	4.08870161207443	0.301956749413691	0.692207569017811	0.0447205759509464
K11_BARRET	Barrett oesophagus	XI Diseases of the digestive system (K11_)	1684	423785	425469	0.00395798518811006	0.340274361273693	0.286419339967309	0.234822150681625	FALSE	2.20304941495976	4.09681820021967	0.301253709689353	0.690988895355488	0.044394989632548
G6_HCNP	Normal-pressure hydrocephalus	VI Diseases of the nervous system (G6_)	1680	497451	499131	0.00336584984703415	0.403849422676302	0.291459515508306	0.165865809841138	FALSE	2.20460262521964	4.10197661679801	0.300809041795465	0.690216320848385	0.0441898652237026
K11_FEMHER	Femoral hernia	XI Diseases of the digestive system (K11_)	1660	426666	428326	0.00387555273319855	-0.135239450605918	0.289007992533465	0.639824897951882	FALSE	2.21554582759284	4.13840133913978	0.29771572839277	0.684803859319707	0.0427801518449362
K11_APHTA_RECUR	Recurring oral aphthae	XI Diseases of the digestive system (K11_)	1658	498690	500348	0.00331369366920623	-0.20734127582118	0.288596320559509	0.472481470130561	FALSE	2.21611144149739	4.14028784851718	0.297557709823334	0.684525578343449	0.0427089437869106
Q17_OTHER_CONGEN_MALFO_DIGES_SYSTEM1	Other congenital malformations of the digestive system	XVII Congenital malformations, deformations and chromosomal abnormalities (Q17)	1657	498691	500348	0.00331169506023807	0.101233235343083	0.289165981748885	0.72627344759245	FALSE	2.2166417862993	4.14205706735248	0.297409709154771	0.684264781349645	0.0426423208767314
VD_U	Vascular dementia (undefined)	Neurological endpoints	1656	474702	476358	0.00347637701056768	0.718171465029744	0.374859020916153	0.0553849352350692	FALSE	2.21732037878445	4.14432132217248	0.297220569675524	0.683931269481432	0.0425572788076407
K11_GALLBLAOTH	Other diseases of gallbladder	XI Diseases of the digestive system (K11_)	1655	437418	439073	0.00376930487641007	-0.203830185778943	0.288075153496169	0.479219122114419	FALSE	2.21811351129535	4.14696845180467	0.296999834636879	0.683541728609378	0.0424581717668943
CD2_BENIGN_CONNSOFT_UPPERLIMB	Benign neoplasm: Connective and other soft tissue of upper limb, including shoulder	II Neoplasms from hospital discharges (CD2_)	1651	498697	500348	0.00329970340642913	0.327274132257451	0.516409745565751	0.526244676140636	FALSE	2.21983666060602	4.15272213343791	0.296521488669712	0.682696401154458	0.0422439224000801
K11_OTHPERITON	Other diseases of peritoneum	XI Diseases of the digestive system (K11_)	1641	496343	497984	0.00329528659555327	0.372851071945388	0.307429516570752	0.225205605984619	FALSE	2.22522464103899	4.17073550668241	0.295036491275045	0.680061925372457	0.0415833340551261
AB1_RESP_TUBERCU_NONCONF	Respiratory tuberculosis, not confirmed	I Certain infectious and parasitic diseases (AB1_)	1638	497285	498923	0.00328307173652047	0.213623081766105	0.33922535855572	0.528866049005074	FALSE	2.2268434793572	4.17615439003149	0.294593462860658	0.679272972330358	0.0413875823746558
H7_ORBIT	Disorders of orbit	VII Diseases of the eye and adnexa (H7_)	1637	453930	455567	0.00359332436282698	-0.0995051022665949	0.289932033817861	0.731446893523192	FALSE	2.22766569007813	4.17890783524991	0.294369000473248	0.678872719947069	0.0412886358978444
J10_PNEUMOPNEUMO	Pneumonia due to Streptococcus pneumoniae	X Diseases of the respiratory system (J10_)	1625	415538	417163	0.00389535984734984	0.219943744471781	0.292239924237683	0.451682136503987	FALSE	2.23452362234096	4.20190498838032	0.292511173130528	0.675546325469495	0.0404756517374166
I9_VASCSYND	Vascular syndromes of brain in cerebrovascular disorders	IX Diseases of the circulatory system (I9_)	1623	473404	475027	0.00341664789580382	0.0136730266591144	0.296748615349028	0.963249574303354	FALSE	2.23519853436331	4.20417121552162	0.2923297157162	0.675220128892097	0.0403968162265032
C3_ORALCAVITY_EXALLC	Malignant neoplasm of oral cavity, excluding all cancers (controls excluding all cancers)	II Neoplasms, from cancer register (ICD-O-3)	1614	378749	380363	0.00424331493862442	-0.360276897113034	0.292728158113728	0.218414187445861	FALSE	2.24095973133247	4.22353810157506	0.29079068412478	0.672444161944045	0.0397322369005251
F5_DEMINOTH	Dementia in other diseases classified elsewhere	V Mental and behavioural disorders (F5_)	1607	469981	471588	0.00340763547842608	0.413378688811756	0.294938285724597	0.161041628415936	FALSE	2.24413604883783	4.23423237803896	0.289949707351009	0.67092022238262	0.0393721530014634
C3_MULT_MYELOMA_EXALLC	Multiple myeloma, excluding all cancers (controls excluding all cancers)	II Neoplasms, from cancer register (ICD-O-3)	1608	378739	380347	0.00422771837295943	0.125769835477909	0.292855268153405	0.667587970715641	FALSE	2.24431849912709	4.23484702736988	0.289901562327611	0.670832827271548	0.0393516039373734
ASTHMA_OPPORTUNIST_INFECTIONS	Asthma and opportunity respiratory infection	Asthma and related endpoints	1606	441248	442854	0.00362647734919409	0.803948257953488	0.293865778461984	0.00622351015305782	FALSE	2.24490010341453	4.23680663227126	0.289748205068234	0.670554336758564	0.0392861957387891
ST19_TOXIC_EFFECT_ETHAN	Toxic effect of ethanol	Alcohol related diseases	1604	498744	500348	0.00320576878492569	0.298554685569367	0.294882240217801	0.311321059543164	FALSE	2.24564827129078	4.23932802793285	0.289551189090827	0.670196319813729	0.0392022719456674
CD2_BENIGN_URINARY	Benign neoplasm of urinary organs	II Neoplasms from hospital discharges (CD2_)	1603	498745	500348	0.00320377017595753	-0.200410874898969	0.361438159613302	0.579249170078359	FALSE	2.24621309352856	4.24123196878975	0.289402647768411	0.669926209422794	0.0391390753257165
I9_PERICAOTH	Other diseases of pericardium	IX Diseases of the circulatory system (I9_)	1604	375343	376947	0.00425524012659605	0.0306324784537609	0.293290755319065	0.916816955763312	FALSE	2.24660559296321	4.24255525379921	0.28929952338513	0.669738594292827	0.0390952407767841
ULCERILEO	Ulcerative ileocolitis	Gastrointestinal endpoints	1596	476577	478173	0.00333770413636905	0.0898955105141438	0.491585132098587	0.854901080072365	FALSE	2.2503211520374	4.25509100239894	0.288327276878321	0.667966078099743	0.0386835630200483
H7_OPTNEURITIS	Optic neuritis	VII Diseases of the eye and adnexa (H7_)	1592	496621	498213	0.00319542043262621	-0.28291752425631	0.531643547355834	0.594617667010276	FALSE	2.25248325372872	4.26239310241715	0.287764809600544	0.666937579520556	0.0384467083098503
CD2_MULTIPLE_MYELOMA_PLASMA_CELL_EXALLC	Multiple myeloma and malignant plasma cell neoplasms (controls excluding all cancers)	II Neoplasms from hospital discharges (CD2_)	1593	378749	380342	0.00418833576097302	0.0786748240626665	0.294148934178193	0.78911042757678	FALSE	2.25282045841265	4.26353244556296	0.28767730317682	0.66677736824827	0.0384099455885714
CD2_BENIGN_MELANOCYTIC_LOWERLIMB	Melanocytic naevi of lower limb, including hip	II Neoplasms from hospital discharges (CD2_)	1586	498762	500348	0.00316979382349885	0.313569915185313	0.294803524155252	0.287483982864336	FALSE	2.25591886902905	4.27400758789448	0.286875974245791	0.665307728266625	0.0380743733114684
O15_PUERP_COMPL_NAS	Complications of the puerperium, not elsewhere classified	XV Pregnancy, childbirth and the puerperium (O15_)	1576	270228	271804	0.00579829583081927	-0.235457360783361	0.514088685916231	0.646945813443175	FALSE	2.26417967993646	4.30199107994426	0.284763292250315	0.661411201426749	0.0371989303664656
AB1_CHOLERA	Cholera	I Certain infectious and parasitic diseases (AB1_)	1571	444292	445863	0.00352350385656581	0.321070591300488	0.296985596526673	0.279653437818273	FALSE	2.26500542851156	4.30479271865651	0.28455398997604	0.661023446406439	0.037112931104129
H7_GLAUCCLOSEPRIM	Primary angle-closure glaucoma	VII Diseases of the eye and adnexa (H7_)	1569	473757	475326	0.00330089244013582	-0.0567510262792283	0.298190815097905	0.849060089440137	FALSE	2.26597857074756	4.30809547148139	0.284307762824346	0.66056688475999	0.0370119280381078
L12_EPIDERMALTHICKOTH	Other epidermal thickening	XII Diseases of the skin and subcutaneous tissue (L12_)	1569	465673	467242	0.00335800291925811	-0.196106778460193	0.309608664165414	0.526471093158051	FALSE	2.26603167852839	4.30827574633708	0.284294338865833	0.660541981248824	0.0370064267136147
H7_AMBLYANOPSIA	Amblyopia ex anopsia	VII Diseases of the eye and adnexa (H7_)	1568	475933	477501	0.00328376275651779	-0.0533992891134644	0.296309263838462	0.856984007777561	FALSE	2.26655368324828	4.3100478728209	0.284162467038052	0.660297270453268	0.0369524124954335
H7_HERPESKERATITIS	Herpesviral keratitis and keratoconjunctivitis	VII Diseases of the eye and adnexa (H7_)	1568	473095	474663	0.00330339630432538	-0.321073787944919	0.31385396123025	0.306306059733853	FALSE	2.26657195007066	4.31010989170518	0.28415785481207	0.660288709434798	0.0369505242868673
CD2_BENIGN_FEMALE_GEN_OTH	Benign neoplasm of other and unspecified female genital organs	II Neoplasms from hospital discharges (CD2_)	1568	280496	282064	0.00555902206591412	0.276507746813323	0.295958568777434	0.350160218472755	FALSE	2.26867514126981	4.31725319836519	0.283627918079332	0.659304054086088	0.0367339961477862
N14_VULVAL_DYSPLASIA_ALL	All dysplastic lesions of the vulva	XIV Diseases of the genitourinary system (N14_)	1554	280510	282064	0.0055093879403256	0.0504197527285442	0.298094176522181	0.86568624906046	FALSE	2.27699658325287	4.34556726549529	0.281552414961362	0.655428352740454	0.0358940266334051
H7_IRIDONAS	Other and unspecified iridocyclitis	VII Diseases of the eye and adnexa (H7_)	1550	473095	474645	0.00326559849993153	0.195646042424294	0.29794691433239	0.511407715579483	FALSE	2.27729982338336	4.34660059057437	0.281477416108	0.655287727314543	0.0358639139456534
L12_OTHPIGMENTATION	Other disorders of pigmentation	XII Diseases of the skin and subcutaneous tissue (L12_)	1535	465673	467208	0.00328547456379172	0.357404244237191	0.300976446518269	0.235037380122623	FALSE	2.28647207048165	4.37790712196382	0.279229639762871	0.651054390798878	0.0349691376538066
L12_PSORI_PUSTUPALM	Pustulosis palmaris et plantaris	XII Diseases of the skin and subcutaneous tissue (L12_)	1525	482181	483706	0.0031527415413495	0.0805891701397545	0.304265436030358	0.791113701054657	FALSE	2.29254346684935	4.39868423846115	0.277763565203809	0.648273758391985	0.0343935564491757
F5_DISSOCIATIVE	Dissociative [conversion] disorders	V Mental and behavioural disorders (F5_)	1525	444414	445939	0.0034197502348976	-0.0627689059483188	0.368648297493728	0.864799594436506	FALSE	2.2927982653654	4.39955713855933	0.277702412966824	0.648157438761454	0.034369685067901
Q17_OTHER_CONGEN_MALFO_SKIN	Other congenital malformations of skin	XVII Congenital malformations, deformations and chromosomal abnormalities (Q17)	1515	496855	498370	0.00303991010694865	-0.370089907097293	0.378403431606576	0.328059488168551	FALSE	2.29871077964129	4.41983388711744	0.276291779804829	0.645466769040113	0.0338220656990283
H8_NOISEINNER	Noise effects on inner ear	VIII Diseases of the ear and mastoid process (H8_)	1511	474839	476350	0.00317203736748189	0.169170365812243	0.303148984463156	0.576814577866212	FALSE	2.30137014259156	4.42896744458187	0.275662498962071	0.644261850509557	0.0335796458423731
K11_HYPO_ONLY	Tooth agenesis EXCLUDE clefts and syndromes	XI Diseases of the digestive system (K11_)	1510	497639	499149	0.00302514880326315	-0.0413777531749678	0.500775280067815	0.934147823563793	FALSE	2.30186389640268	4.43066415039892	0.275546015244082	0.64403850013151	0.0335348988239999
G6_CLUSTHEADACHE_WIDE	Cluster headache, wide	VI Diseases of the nervous system (G6_)	1509	374605	376114	0.00401208144339216	0.0587113192377095	0.349868499924236	0.866733010951052	FALSE	2.30345113495358	4.43612037778059	0.275172307277139	0.643321278527328	0.0333916057036796
L12_FOODDERMAT	Dermatitis due to ingested food	XII Diseases of the skin and subcutaneous tissue (L12_)	1508	432874	434382	0.00347159873107081	0.160089955614996	0.310498023905596	0.60614016731258	FALSE	2.30356684447429	4.43651825169376	0.275145108350393	0.643269038989002	0.0333811924864215
C3_DLBCL_EXALLC	Diffuse large B-cell lymphoma, excluding all cancers (controls excluding all cancers)	II Neoplasms, from cancer register (ICD-O-3)	1505	378749	380254	0.00395788078494901	0.284450022391698	0.358269485662	0.427221348068613	FALSE	2.3059526111911	4.44472534753333	0.274585643256694	0.642193321693155	0.0331674750826739
C3_KIDNEY_CLEAR_CELL_CARCINOMA_EXALLC	Clear cell adenocarcinoma of kidney, excluding all cancers (controls excluding all cancers)	II Neoplasms, from cancer register (ICD-O-3)	1499	378749	380248	0.00394216406134944	0.197888456446176	0.365323725151458	0.588039156572959	FALSE	2.3097925128259	4.45794871352991	0.273690513606008	0.640467509032641	0.0328274179308512
L12_SCARCONDITIONS	Scar conditions and fibrosis of skin	XII Diseases of the skin and subcutaneous tissue (L12_)	1495	465673	467168	0.00320013357079252	0.256458042226564	0.30305265610155	0.397413787543236	FALSE	2.31165755715167	4.46437755069272	0.273258104777599	0.639631753115029	0.0326639763464563
E4_HYPERLIPMIX	Mixed hyperlipidaemia	IV Endocrine, nutritional and metabolic diseases (E4_)	1495	420066	421561	0.00354634323383804	0.220976494345208	0.302903599617314	0.465679075372152	FALSE	2.31199406504999	4.46553793270923	0.273180248963101	0.639481130735413	0.0326346057562526
DM_NEOVASCULAR_GLAUCOMA	Neovascular glaucoma	Diabetes endpoints	1494	485314	486808	0.00306897175066967	0.0543642011334808	0.303987712779283	0.858065819546721	FALSE	2.31217832254055	4.46617336502358	0.273137639511719	0.639398678584842	0.0326185390211096
N14_CHRONTUBULOINTNEPHRITIS	Chronic tubulo-interstitial nephritis	XIV Diseases of the genitourinary system (N14_)	1494	447142	448636	0.00333009388457458	-0.00149769310771388	0.303585164595429	0.996063768920273	FALSE	2.31243219850383	4.46704894948728	0.273078955265935	0.639285099171161	0.0325964195329952
N14_PROHERNOV	Prolapse and hernia of ovary and fallopian tube	XIV Diseases of the genitourinary system (N14_)	1506	130160	131666	0.0114380325976334	0.526302539029419	0.318193906896888	0.0981212442048617	FALSE	2.31259529457248	4.46761148599102	0.273041270021015	0.639212148803013	0.0325822203001762
J10_BRONCHNAS	Unspecified chronic bronchitis	X Diseases of the respiratory system (J10_)	1494	409070	410564	0.00363889673717131	0.204713468772551	0.302851061511144	0.499069678532185	FALSE	2.31273259683156	4.46808508093177	0.273009553790339	0.639150745191329	0.0325702732728732
M13_PANNICULITIS	Panniculitis affecting regions of neck and back	XIII Diseases of the musculoskeletal system and connective tissue (M13_)	1494	353224	354718	0.0042117964129252	-0.309947915900712	0.304344165643624	0.308481943497076	FALSE	2.31329037771897	4.47000925455675	0.272880793854507	0.638901387344651	0.0325218010992814
M13_MEDIALEPICOND	Medial epicondylitis	XIII Diseases of the musculoskeletal system and connective tissue (M13_)	1479	357549	359028	0.00411945586416658	0.466392481731079	0.331898083795938	0.159953489409318	FALSE	2.32303379993155	4.50367985277582	0.27065341250612	0.634568855203368	0.0316908315993337
H7_RETINASEPAR	Separation of retinal layers (serosa)	VII Diseases of the eye and adnexa (H7_)	1477	455449	456926	0.00323247090338479	-0.626144884817263	0.305339559703712	0.0403009423496453	FALSE	2.32348710357865	4.5052490515454	0.270550781395953	0.63436836023962	0.0316528854121127
J10_PYOTHORAX	Pyothorax	X Diseases of the respiratory system (J10_)	1471	498405	499876	0.00294272979698965	0.186242961477991	0.445031827350392	0.675586281389955	FALSE	2.32719573172457	4.51809622021102	0.269714407888765	0.632731619969045	0.0313447701942358
F5_ANAPER	Anankastic personality disorder	V Mental and behavioural disorders (F5_)	1468	486464	487932	0.00300861595468221	0.380658868244529	0.307021438879953	0.215032884020113	FALSE	2.32926919404161	4.52528597565069	0.269249337283457	0.631819308332207	0.0311743027915743
I9_SECONDRIGHT	Secondary right heart disease	IX Diseases of the circulatory system (I9_)	1467	486319	487786	0.00300746638894925	0.0229730901774489	0.377531268676956	0.951478010646021	FALSE	2.32993931635502	4.52761070808229	0.269099418288685	0.631524883745495	0.0311194824163374
M13_SPINENTHES	Spinal enthesopathy	XIII Diseases of the musculoskeletal system and connective tissue (M13_)	1463	353224	354687	0.00412476352389572	-0.0834990283544055	0.438443745229088	0.848961136201545	FALSE	2.33374143581485	4.5408106466262	0.268252373529497	0.629858318518855	0.0308109447853397
G6_NEUATR	Systemic atrophies primarily affecting the central nervous system	VI Diseases of the nervous system (G6_)	1457	498891	500348	0.00291197326660644	-0.879942649957413	0.30851679424893	0.00434217367009417	FALSE	2.3366056511045	4.5507655959093	0.26761825107228	0.628607272208442	0.0305812947305998
K11_OTHABDHER	Other and unspecified abdominal hernia	XI Diseases of the digestive system (K11_)	1453	426666	428119	0.00339391617751139	-0.0974291821780808	0.348474807247278	0.779794037966472	FALSE	2.33981570068227	4.56193393241437	0.26691158702044	0.627209670995186	0.0303267117780209
CD2_NONHODGKIN_NAS_EXALLC	Other and unspecified types of non-Hodgkin lymphoma, hilmo (controls excluding all cancers)	II Neoplasms from hospital discharges (CD2_)	1452	378749	380201	0.00381903256435412	0.107757277279606	0.30670858242892	0.725337486666711	FALSE	2.34092526983319	4.56579712240633	0.266668308386598	0.626727688657579	0.0302393939645365
AB1_VIRAL_SKIN_NOS	Other viral infections characterized by skin and mucous membrane lesions, not elsewhere classified	I Certain infectious and parasitic diseases (AB1_)	1449	480316	481765	0.00300769047149544	0.337762238348128	0.388714676050039	0.384890492548527	FALSE	2.34217452394572	4.57014837542185	0.266395004775972	0.626185708079487	0.0301414982970529
K11_DISTAL_BITE	Distal bite	XI Diseases of the digestive system (K11_)	1446	498902	500348	0.0028899885679567	0.00741029786899383	0.36186234925275	0.983661883994045	FALSE	2.34412430488316	4.57694326339679	0.265969713405779	0.625341245231911	0.029989579298145
F5_OPIOIDS	Mental and behavioural disorders due to opioids	V Mental and behavioural disorders (F5_)	1444	491508	492952	0.00292929129002418	0.300106175930229	0.312811565461976	0.337365710730848	FALSE	2.34554659859636	4.58190268617817	0.265660450828649	0.624726344539525	0.0298794261438185
N14_CHRONEPHROPATH	Chronic nephritic syndrome	XIV Diseases of the genitourinary system (N14_)	1438	492922	494360	0.00290881139250748	0.681471049840654	0.308873998114164	0.0273624695343237	FALSE	2.34969701790148	4.59638836680807	0.264762643793363	0.622937311133909	0.0295611640196876
CD2_FOLLICULAR_LYMPHOMA_EXALLC	Follicular lymphoma, hilmo (controls excluding all cancers)	II Neoplasms from hospital discharges (CD2_)	1435	378749	380184	0.00377448814258359	0.363537712747948	0.379949823446837	0.338665924699585	FALSE	2.35266889410698	4.60677308446005	0.264124007498915	0.621661149006898	0.0293361469457474
N14_OLIGOMEN	Oligomenorrhoea	XIV Diseases of the genitourinary system (N14_)	1445	130160	131605	0.0109798259944531	0.0199367274856558	0.412011685118117	0.961406430694613	FALSE	2.35298540427532	4.60787968303306	0.264056198363039	0.62152547424665	0.0293123219288032
N14_DIALYSIS	Dialysis	XIV Diseases of the genitourinary system (N14_)	1432	480448	481880	0.00297169419772558	-0.46803932649765	0.340043121036411	0.168694211171665	FALSE	2.35396519349366	4.61130601193265	0.263846539759686	0.621105770544317	0.0292387386114479
H7_ECTROPION	Ectropion of eyelid	VII Diseases of the eye and adnexa (H7_)	1432	453930	455362	0.00314475076971728	-0.741364228211486	0.313653554689453	0.0180963659776812	FALSE	2.35414011710846	4.61191783874885	0.263809148950492	0.621030886356776	0.0292256285306681
GENERALI_SKIN_ERUPT_DRUGS_MEDICAM	Generalized skin eruption due to drugs and medicaments	XII Diseases of the skin and subcutaneous tissue (L12_)	1431	498917	500348	0.00286000943343433	0.244325546465317	0.495151243100418	0.62170441130242	FALSE	2.35455637834028	4.61337393089412	0.263720219594132	0.620852742781499	0.0291944634916951
KRA_PSY_MENTALRET_EXMORE	Mental retardation (more control exclusions)	Psychiatric endpoints from Katri Räikkönen	1429	362234	363663	0.00392946216689627	0.0396845772619258	0.368914189543485	0.914335767782177	FALSE	2.35705111803552	4.62210482946117	0.263188677824854	0.619786755148783	0.0290086451734254
O15_MATERN_CARE_CERVICAL_INCOMPETENCE	Maternal care for cervical incompetence	XV Pregnancy, childbirth and the puerperium (O15_)	1428	268921	270349	0.00528206133553296	-0.68552370739126	0.407092134445832	0.0921909012407898	FALSE	2.35913358120035	4.62939843467532	0.262746847197429	0.618899112810267	0.0288547861148392
N14_BARTHOCYS	Cyst of Bartholin Gland	XIV Diseases of the genitourinary system (N14_)	1428	250564	251992	0.00566684656655767	0.084600109064549	0.311118122695412	0.785681384618468	FALSE	2.3595253585755	4.63077115854922	0.262663914166243	0.618732340854789	0.0288259666792761
CD2_BENIGN_EAR_NASAL_SINUS	Benign neoplasm: Middle ear, nasal cavity and accessory sinuses	II Neoplasms from hospital discharges (CD2_)	1423	498925	500348	0.00284402056168906	-0.221805330153449	0.311325634444361	0.476183415186028	FALSE	2.36020682102274	4.63315931809898	0.262519801886463	0.618442422843716	0.0287759326785294
CD2_BENIGN_UTERUS_NOS	Other benign neoplasm of uterus: Other parts/unspecified	II Neoplasms from hospital discharges (CD2_)	1426	280638	282064	0.00505559022065914	-0.346303969501139	0.312629464441286	0.267985441114847	FALSE	2.36032269837638	4.63356545981499	0.26249531470156	0.618393145674798	0.0287674367545501
N14_OTHDISMALEGEN	Other disorders of male genital organs	XIV Diseases of the genitourinary system (N14_)	1425	153573	154998	0.00919366701505826	0.0870536125449906	0.312990697148717	0.780908864092472	FALSE	2.36526900705559	4.65091651274255	0.261454910846562	0.616295432057037	0.0284079982528532
E4_OBESITYXTRMALV	Extreme obesity with alveolar hypoventilation	IV Endocrine, nutritional and metabolic diseases (E4_)	1415	468849	470264	0.00300894816528588	0.380252925203228	0.498087016460683	0.445208964088869	FALSE	2.36610375347524	4.65384751557426	0.261280260754037	0.61594251971622	0.0283479534739793
D3_WHITEBLOODCELLNAS	Other and unspecified disorders of white blood cells	III Diseases of the blood and blood-forming organs and certain disorders involving the immune mechanism (D3_)	1414	491224	492638	0.002870261733768	-0.513728759987401	0.310811959496262	0.098359291009987	FALSE	2.36668250574044	4.65588013591945	0.261159327944938	0.615698022479733	0.0283064260423311
H7_EYEADNEXOTH	Other specified and unspecified disorders of eye and adnexa	VII Diseases of the eye and adnexa (H7_)	1413	494683	496096	0.00284823905050635	0.119437257115432	0.311859760844436	0.701731726196325	FALSE	2.36738142739009	4.65833532040908	0.261013456104501	0.615402962427352	0.0282563884023458
K11_PARALIL	Paralytic ileus	XI Diseases of the digestive system (K11_)	1414	394725	396139	0.00356945415624314	0.0801570161638788	0.312422551082288	0.797513795165009	FALSE	2.36739782344495	4.65839292359968	0.261010036328122	0.615396043262947	0.0282552160384901
AB1_SALMONELLA_OTH	Other salmonella infections	I Certain infectious and parasitic diseases (AB1_)	1411	444292	445703	0.00316578528751209	-0.0537737403811064	0.312283898546202	0.863284192163941	FALSE	2.36915264065999	4.66455981983875	0.260644621542849	0.614656214879533	0.0281301306331848
I9_VARICVEOES	Oesophageal varices	IX Diseases of the circulatory system (I9_)	1410	432223	433633	0.00325159754907952	0.0983025146950926	0.453234587739395	0.828293271464482	FALSE	2.36996527934225	4.6674168649407	0.260475798688108	0.614314082378284	0.0280724649248361
Q17_ASD	Atrial septal defect	XVII Congenital malformations, deformations and chromosomal abnormalities (Q17)	1409	494430	495839	0.00284164819628952	0.21107009834278	0.454255714313034	0.642181835012415	FALSE	2.37027029979914	4.66848944324824	0.260412496489362	0.61418574194379	0.0280508626747916
G6_OTHDEMYEL	Other demyelinating diseases of the central nervous system	VI Diseases of the nervous system (G6_)	1402	496860	498262	0.00281378070171918	0.0111116167509593	0.312419681684405	0.971628168207942	FALSE	2.37534730377035	4.68635821099181	0.259364006457976	0.612055749206995	0.0276946602624472
L12_FOLLICULARNAS	Other and unspecified follicular disorders	XII Diseases of the skin and subcutaneous tissue (L12_)	1398	476404	477802	0.00292589817539483	-0.0927140590828139	0.314357744690699	0.768046067431407	FALSE	2.37840280695227	4.69712667855678	0.258737653501381	0.610779488247844	0.0274833076394727
M13_POLYARTHRITIS	Polyarthritis, unspecified	XIII Diseases of the musculoskeletal system and connective tissue (M13_)	1398	315115	316513	0.00441688019133495	-0.38023283571253	0.314829911223478	0.22714709286847	FALSE	2.37994579189467	4.70256873026904	0.258422674821097	0.610136601506694	0.0273774284946238
O15_BIRTH_BREAT_INFECT	Infections of breast associated with childbirth	XV Pregnancy, childbirth and the puerperium (O15_)	1398	270228	271626	0.00514678270857724	-0.137707139218675	0.31445687107614	0.661443847580738	FALSE	2.38070278228674	4.70523962137504	0.258268468467569	0.609821594266133	0.0273256912479427
F5_BULIMIA	Bulimia nervosa (incl. atypical)	V Mental and behavioural disorders (F5_)	1392	484901	486293	0.00286247180197947	0.522047419479899	0.31560917868219	0.0981083051489725	FALSE	2.38277756994456	4.71256351976071	0.25784689858845	0.608959538447891	0.0271845827262218
M13_GIANTCELL	Giant cell arteritis	XIII Diseases of the musculoskeletal system and connective tissue (M13_)	1387	484260	485647	0.00285598387306006	0.210984020500994	0.528464006774978	0.689716302116345	FALSE	2.38649944399026	4.72571410749377	0.257094623656282	0.607418002440598	0.0269339820336525
AB1_VIRAL_MENINGITIS	Viral meningitis	I Certain infectious and parasitic diseases (AB1_)	1386	497501	498887	0.00277818423811404	-0.0445714478595305	0.31532349379882	0.887592269313451	FALSE	2.38716725787623	4.72807541615	0.256960178779417	0.6071420662599	0.0268893572352404
G6_RADLES	Lesion of radial nerve	VI Diseases of the nervous system (G6_)	1384	435371	436755	0.00316882462707926	0.983656682861336	0.316348516909399	0.0018746250769137	FALSE	2.38907550908438	4.73482561994882	0.256576901153517	0.6063546964429	0.0267624093292484
N14_OTHINFVAGVULV	Other inflammation of vagina/vulva	XIV Diseases of the genitourinary system (N14_)	1382	250564	251946	0.00548530240607114	0.58517194315268	0.411900650780381	0.155414804058085	FALSE	2.39300727734954	4.74874712126183	0.255791344203902	0.604737558879157	0.0265034633388142
I9_HYPERTROCARDMYOP	Hypertrophic cardiomyopathy	IX Diseases of the circulatory system (I9_)	1376	498972	500348	0.00275008594018563	0.0712647098289825	0.315970210259655	0.821557269980253	FALSE	2.39468360722119	4.75468809243964	0.255458106456552	0.604050194074972	0.0263941209016424
G6_STATUSEPI	Status epilepticus	VI Diseases of the nervous system (G6_)	1368	374605	375973	0.00363855915185399	0.0361607643603161	0.429010458479294	0.93282683994719	FALSE	2.40173443322715	4.77971223195622	0.254067410338515	0.601172837356996	0.0259410337116294
I9_HYPTENSRD	Hypertensive Renal Disease	IX Diseases of the circulatory system (I9_)	1367	345634	347001	0.00393946991507229	0.160735900204542	0.318576939358809	0.613879554458296	FALSE	2.40282220512564	4.78357799581723	0.253854420654503	0.600730908278654	0.0258721009284798
L12_HIDRADENITISSUP	Hidradenitis suppurativa	XII Diseases of the skin and subcutaneous tissue (L12_)	1364	476404	477768	0.00285494214765325	-0.169773636568867	0.40161589124756	0.672494897797647	FALSE	2.4039905839873	4.7877317550541	0.253626109133728	0.600256818584576	0.0257983443993582
I9_VASCINT	Vascular diseases of the intestine	IX Diseases of the circulatory system (I9_)	1362	463106	464468	0.00293238716122532	-0.132950527233123	0.58094195201913	0.818982879080898	FALSE	2.40562069153599	4.79352967774088	0.253308367539434	0.599596390514913	0.0256959296587847
M13_DORSOPATHYNAS	Other specified/unspecified dorsopathies	XIII Diseases of the musculoskeletal system and connective tissue (M13_)	1360	353224	354584	0.00383548045033053	-0.340942868107194	0.422180270413938	0.419334415415885	FALSE	2.40813180822438	4.80246718963619	0.252820705295951	0.598581340065175	0.0255392712477213
CD2_BENIGN_RECTOSIGMOID_JUNC	Benign neoplasm: Rectosigmoid junction	II Neoplasms from hospital discharges (CD2_)	1357	498991	500348	0.00271211236979063	-0.558948156158733	0.317804493470848	0.0786148995868115	FALSE	2.40927657432729	4.80654404651023	0.252599113963001	0.598119529332995	0.0254682963456457
H7_VITROPACIT	Other vitreous opacities	VII Diseases of the eye and adnexa (H7_)	1356	478098	479454	0.00282821709694778	-0.107748408261121	0.319210719860602	0.73570508991096	FALSE	2.4101811499887	4.80976658920891	0.252424335484383	0.597755025347903	0.0254124078507938
I9_PERICARD	Pericarditis	IX Diseases of the circulatory system (I9_)	1356	375343	376699	0.00359969099997611	0.0174486629502439	0.318698326582248	0.956337810892636	FALSE	2.41100194084655	4.81269147146551	0.252265989006772	0.59742459699111	0.0253618440961603
I9_RBBB	Right bundle-branch block	IX Diseases of the circulatory system (I9_)	1347	375343	376690	0.00357588467971011	-0.304777096145394	0.320473193459665	0.341593146619564	FALSE	2.41806339460552	4.83788721630712	0.250913197539917	0.594594162875596	0.0249325850118538
M13_GLUTEALTEND	Gluteal tendinitis	XIII Diseases of the musculoskeletal system and connective tissue (M13_)	1346	353224	354570	0.00379614744620244	-0.105602394594962	0.320453107812158	0.741746910816583	FALSE	2.41909269189906	4.84156465095768	0.25071742198984	0.594183429804133	0.0248708651039202
CD2_BENIGN_SMALL_INTESTINE	Benign neoplasm: Small intestine	II Neoplasms from hospital discharges (CD2_)	1343	499005	500348	0.00268413184423641	-0.177450512897744	0.333610037529526	0.594788335446372	FALSE	2.42028543059181	4.8458275603286	0.250491005096063	0.593708060616116	0.0247996118076121
M13_ARTHINOTH	Arthropathies in other diseases classified elsewhere	XIII Diseases of the musculoskeletal system and connective tissue (M13_)	1339	315115	316454	0.00423126267956796	0.329808516902575	0.3201818754357	0.302978946420214	FALSE	2.42514694664852	4.86321993885759	0.249573067981262	0.591776963389791	0.0245121256162114
E4_HYPERPRO	Hyperprolactinaemia	IV Endocrine, nutritional and metabolic diseases (E4_)	1330	479069	480399	0.00276853199111572	-0.00337786892351578	0.321799401373501	0.991624906825594	FALSE	2.43082887853316	4.88358213914891	0.248510145444307	0.589533115232259	0.0241820061058663
E4_THYROIDITSUBAC	Subacute thyroiditis	IV Endocrine, nutritional and metabolic diseases (E4_)	1325	424208	425533	0.00311374205995775	0.186586062289122	0.324085483091128	0.564797012069032	FALSE	2.43527747350163	4.89955057708229	0.247685319266402	0.587786166567974	0.0239278777617802
CD2_INSITU_MELANOMA_EXALLC	Melanoma in situ (controls excluding all cancers)	II Neoplasms from hospital discharges (CD2_)	1322	378371	379693	0.00348176026421346	0.351734436895364	0.414036016332302	0.395588566794725	FALSE	2.43813780940622	4.90982999625796	0.247158362315945	0.586667472503792	0.0237664546823076
H8_VESTIFUNCNAS	Other/unspecified disorders of vestibular function	VIII Diseases of the ear and mastoid process (H8_)	1321	474839	476160	0.00277427755376344	0.192330231284138	0.361113452236933	0.594308188630914	FALSE	2.43818888925521	4.91001365215075	0.247148975866892	0.586647527182538	0.0237635858994658
I9_OTHOTH	Other other unspecified disorders of the circulatory system	IX Diseases of the circulatory system (I9_)	1309	492608	493917	0.00265024285456868	-0.2170761630778	0.323936467169986	0.502781576366462	FALSE	2.44801064891198	4.94538360195853	0.245359579913948	0.582833383112581	0.023220882397646
M13_TIETZE	Chondrocostal junction syndrome [Tietze]	XIII Diseases of the musculoskeletal system and connective tissue (M13_)	1309	491365	492674	0.0026569293285215	-0.125901024052894	0.53008897452892	0.812261759708569	FALSE	2.44801799561725	4.94541010058085	0.245358252858206	0.582830545711051	0.0232204830025574
M13_TOEDEFORMOTH	Other deformities of toe(s)	XIII Diseases of the musculoskeletal system and connective tissue (M13_)	1310	315115	316425	0.00414000158015328	0.182879796153001	0.325492111568242	0.574213924124287	FALSE	2.44881217412236	4.94827496876439	0.245214897990654	0.582523959750092	0.0231773653086156
M13_JUVOSTEOCHONRHIP	Juvenile osteochondrosis	XIII Diseases of the musculoskeletal system and connective tissue (M13_)	1308	491365	492673	0.00265490497754088	0.281153159704902	0.42155978089592	0.504813369622018	FALSE	2.44885354292246	4.94842421989822	0.245207436043564	0.582507997109574	0.0231751223917041
THROMBOCYTAEMIA	Essential (haemorrhagic) thrombocythaemia	Other, not yet classified endpoints (same as #MISC)	1307	377885	379192	0.00344680267516192	-0.436415414979073	0.323736231460835	0.177639531641205	FALSE	2.45056459225257	4.95459911057597	0.244899272290908	0.581848413288529	0.0230826201911652
SLE_FG	SLE (Finngen)	Rheuma endpoints	1306	372273	373579	0.00349591384954722	-0.253239803253056	0.334570382226573	0.449103541690808	FALSE	2.45145966126679	4.95783061431197	0.244738432347074	0.581503878859606	0.0230344380551796
N14_PROSTAOTH	Other disorders of prostate	XIV Diseases of the genitourinary system (N14_)	1307	153573	154880	0.00843879132231405	0.303787862594409	0.331965977924989	0.360129969719271	FALSE	2.4560929531288	4.97457318971472	0.243909823916087	0.579725901632708	0.0227872736701308
I9_ARTEMBTHRLOW	Arterial embolism and thrombosis of lower extremity artery	IX Diseases of the circulatory system (I9_)	1297	463106	464403	0.00279283294896889	-0.0165035725453032	0.402806414498595	0.967318637196526	FALSE	2.45830497773304	4.98257518023535	0.243516564585166	0.578880300053274	0.0226705879945993
H7_KERATITISINOTH	Keratitis and keratoconjunctivitis in other diseases classified elsewhere	VII Diseases of the eye and adnexa (H7_)	1296	473095	474391	0.00273192366634274	-0.38972151529128	0.326168475180531	0.232146704066241	FALSE	2.45909046398306	4.98541803493249	0.243377279681743	0.578580530981032	0.0226293555524707
D3_ACUTEPOSTBLEEDANAEMIA	Acute posthaemorrhagic anaemia	III Diseases of the blood and blood-forming organs and certain disorders involving the immune mechanism (D3_)	1295	479581	480876	0.00269300193812958	0.0470596110477003	0.326329621410039	0.885335572975824	FALSE	2.45990155132967	4.98835429443156	0.243233652966759	0.578271267773299	0.0225868900083174
F5_AGORAPHOBIA	Agoraphobia	V Mental and behavioural disorders (F5_)	1290	444414	445704	0.00289429756071294	0.227750728815482	0.328369521895423	0.487945265727284	FALSE	2.46441656784385	5.00471323905674	0.24243779383779	0.576554835148965	0.0223525406062516
L12_OTHACUSKINSUN	Other acute skin changes due to ultraviolet radiation	XII Diseases of the skin and subcutaneous tissue (L12_)	1289	482972	484261	0.00266178775495033	0.103686027312426	0.327766700995052	0.751743737421769	FALSE	2.46501947465137	5.00689949233107	0.242331986817157	0.576326289217785	0.0223215067757431
I9_LYMPHOTH	Other noninfective disorders of lymphatic vessels and lymph nodes	IX Diseases of the circulatory system (I9_)	1289	432223	433512	0.00297338943327982	-0.457370568865229	0.328027386859542	0.163225205856013	FALSE	2.46536699701948	5.00815986451628	0.242271048214249	0.5761946228017	0.0223036461178392
ALCOPANCACU	Alcohol-induced acute pancreatitis	Alcohol related diseases	1286	499062	500348	0.0025702111330514	0.195962593665887	0.329232678705155	0.55170308440578	FALSE	2.46751102774413	5.01593878593633	0.241895892012744	0.575383442262143	0.0221938997022392
K11_OESOBST	Oesophageal obstruction	XI Diseases of the digestive system (K11_)	1279	423785	425064	0.00300895865093257	0.457032409665125	0.327889813950445	0.163359964936318	FALSE	2.47410198132488	5.03988517886155	0.240751218981897	0.572901964878359	0.0218612612307974
C3_OESOPHAGUS_EXALLC	Malignant neoplasm of oesophagus, excluding all cancers (controls excluding all cancers)	II Neoplasms, from cancer register (ICD-O-3)	1277	378749	380026	0.00336029640077258	0.0451523618763819	0.422903904595823	0.914973489000947	FALSE	2.47625262263531	5.04770978948906	0.240380491890641	0.572096214288857	0.0217542436609545
I9_ENDOCARD	Endocarditis	IX Diseases of the circulatory system (I9_)	1276	375343	376619	0.00338803937135407	-0.228593088552479	0.400824651584436	0.568469521085964	FALSE	2.47716371462288	5.05102619697874	0.240223847716255	0.571755454144764	0.0217091301073872
K11_HEPFAIL	Hepatic failure, not elsewhere classified	XI Diseases of the digestive system (K11_)	1272	485213	486485	0.00261467465595034	0.0711973619556989	0.328444751063405	0.828386659421866	FALSE	2.47982277891984	5.06071076514198	0.239768062357089	0.570762920230765	0.0215782175487344
O15_COMPLIC_ABORT_ECTOP_MOLAR	Complications following abortion and ectopic and molar pregnancy	XV Pregnancy, childbirth and the puerperium (O15_)	1274	199279	200553	0.00635243551579882	0.0519005837343909	0.331442113102449	0.875567833766771	FALSE	2.48228412732705	5.06968250532453	0.239348001046439	0.56984682406439	0.0214580313222524
G6_MENINGBACT	Bacterial meningitis	VI Diseases of the nervous system (G6_)	1268	497087	498355	0.00254437098052593	-0.273356808322754	0.329228037013512	0.406371301252326	FALSE	2.48329519144082	5.0733699109463	0.239175958155362	0.569471246576512	0.0214089358153706
E4_ADDISON	Adrenocortical insufficiency	IV Endocrine, nutritional and metabolic diseases (E4_)	1267	479069	480336	0.00263773691749109	-0.52434728293477	0.329179443802576	0.111184434687479	FALSE	2.4842923658048	5.07700781507564	0.239006567741283	0.569101246362253	0.0213606702319577
AB1_RUBELLA	Rubella [German measles]	I Certain infectious and parasitic diseases (AB1_)	1264	480316	481580	0.00262469371651647	0.149716438619889	0.331011633896407	0.651053144457052	FALSE	2.48696017177565	5.08674617792832	0.238554792321815	0.56811339682975	0.0212322965009695
Q17_BICUSP_AORTIC_VALVE	Bicuspidal aortic valve syndrome	XVII Congenital malformations, deformations and chromosomal abnormalities (Q17)	1261	494430	495691	0.00254392353300746	0.109025566824762	0.342956171866787	0.750561235439319	FALSE	2.48956329384297	5.09625633579659	0.238115933949295	0.567152350689341	0.0211080851832912
H8_EXTDISNAS	Other specified disorders of external ear	VIII Diseases of the ear and mastoid process (H8_)	1260	485292	486552	0.00258965126029695	0.0548887964197316	0.357806105798877	0.878079892187514	FALSE	2.49051646131957	5.09974055992995	0.237955722842064	0.56680115412818	0.0210628608101965
F5_SLEEP_NOS	Sleep disorders, other/unspecified	V Mental and behavioural disorders (F5_)	1249	490763	492012	0.00253855597017959	0.252189871502845	0.375506814453346	0.501839234814912	FALSE	2.50046319207378	5.13616248974117	0.236299124936819	0.563158652432389	0.0205990069568786
E4_HYPOPARA	Hypoparathyroidism	IV Endocrine, nutritional and metabolic diseases (E4_)	1249	479069	480318	0.00260036059443952	0.214381558071651	0.332027826997077	0.518490847645179	FALSE	2.50053419279569	5.13642288278639	0.236287399354356	0.563132798281636	0.0205957481898259
C3_AML_MDS_EXALLC	Acute myeloid leukaemia and myelodysplastic syndromes, excluding all cancers (controls excluding all cancers)	II Neoplasms, from cancer register (ICD-O-3)	1249	378296	379545	0.00329078238417052	-0.0376415844244128	0.332905713212475	0.909975212732533	FALSE	2.50132793065219	5.13933428821188	0.236156410729213	0.562843907915352	0.0205593672034792
L12_LICHENSIMPLEX	Lichen simplex chronicus	XII Diseases of the skin and subcutaneous tissue (L12_)	1241	432874	434115	0.00285868951775451	0.32687112814411	0.334476636847321	0.328439725373942	FALSE	2.5082186941192	5.16463988396391	0.235026537284184	0.560346763244152	0.0202473264301364
L12_ERYTHEMATOUSOTH	Other erythematous conditions	XII Diseases of the skin and subcutaneous tissue (L12_)	1240	482901	484141	0.00256123732548989	-0.135312256265965	0.411871223845137	0.742510592387791	FALSE	2.50880453090839	5.16679382893135	0.234931077430094	0.560135355217113	0.0202211081855887
GE_MODE	Generalized epilepsy, mode (most common among epilepsy diagnosis)	VI Diseases of the nervous system (G6_)	1235	484697	485932	0.00254150786529803	-0.147806873953946	0.333369925142093	0.657496720936851	FALSE	2.51345252859966	5.18389711344119	0.234177002016331	0.558462997281256	0.0200147928027064
I9_RHEUFEV	Rheumatic fever incl heart disease	IX Diseases of the circulatory system (I9_)	1228	499120	500348	0.00245429181289822	-0.171553307147374	0.451116544891486	0.703733125426417	FALSE	2.51995249936785	5.20785681119795	0.23313220414252	0.556138958298013	0.019731255623012
M13_TEMPARTERIT	Temporal arteritis	XIII Diseases of the musculoskeletal system and connective tissue (M13_)	1225	484260	485485	0.00252324994593036	0.460685063670818	0.41265914026264	0.264258834043554	FALSE	2.52288495076146	5.21868209767828	0.23266452152738	0.555096041852679	0.0196052061999446
H7_VERTISTRAB	Vertical strabismus	VII Diseases of the eye and adnexa (H7_)	1223	476776	477999	0.00255858275854134	-0.203235942652635	0.335279933450255	0.544403247401064	FALSE	2.52483529155857	5.22588735021917	0.232354725738301	0.554404319922496	0.019522005828946
H7_EYELIDINOTH	Disorders of eyelid in diseases classified elsewhere	VII Diseases of the eye and adnexa (H7_)	1219	453930	455149	0.00267824382784539	-0.292418246921855	0.33654229519013	0.3849072801189	FALSE	2.52881244548754	5.24059392117078	0.231726072267913	0.552998468021015	0.0193538937338284
CD2_BENIGN_BONE_LONG_LOWER	Benign neoplasm: Long bones of lower limb	II Neoplasms from hospital discharges (CD2_)	1215	499133	500348	0.00242830989631217	0.170142080956813	0.336398611928583	0.613014458259803	FALSE	2.53237928578846	5.25379871153611	0.23116577148837	0.551743017568693	0.0192048741078461
K11_CHRONHEP	Chronic hepatitis, not elsewhere classified	XI Diseases of the digestive system (K11_)	1215	485213	486428	0.00249780029110166	0.161632231498626	0.336282861756954	0.630769766881267	FALSE	2.53246124529056	5.25410230540236	0.231152935424379	0.551714229045321	0.0192014691534027
ULCERENTER	Ulcerative enterocolitis	Gastrointestinal endpoints	1210	476577	477787	0.00253250925621668	-0.350763609196257	0.457937239253637	0.443697502542982	FALSE	2.53736386117176	5.27227657960107	0.230388249776194	0.549997013286572	0.0189993486753379
M13_MUSCLESTRAIN	Muscle strain	XIII Diseases of the musculoskeletal system and connective tissue (M13_)	1206	357549	358755	0.00336162562194255	-0.0861633350978716	0.337344514967446	0.798401474434167	FALSE	2.54226759865474	5.29048262313614	0.229629514358103	0.548288901138629	0.0188002044896582
POLYCYTVERA	Polycythaemia vera	Other, not yet classified endpoints (same as #MISC)	1205	378022	379227	0.00317751636882395	0.154199581216341	0.338471018670439	0.648694249343096	FALSE	2.54303261691078	5.29332538599309	0.229511694161805	0.54802327657542	0.0187694054888259
CD2_BENIGN_MOUTH_NOS	Benign neoplasm: Other and unspecified parts of mouth	II Neoplasms from hospital discharges (CD2_)	1202	499146	500348	0.00240232797972611	0.0129206801904579	0.338186373845476	0.969523598361294	FALSE	2.54507007543318	5.30089973895583	0.229198623181227	0.547316964007047	0.0186877297120517
H7_RETINANAS	Other specified and unspecified retinal disorders	VII Diseases of the eye and adnexa (H7_)	1200	455449	456649	0.00262783888719783	-0.0225984681417584	0.339510144714877	0.946930412560346	FALSE	2.54732048418657	5.30927128192566	0.228854038359452	0.546538719096097	0.0185981061051218
SCND_OTH_COXARTHROSIS	Other secondary coxarthrosis	Rheuma endpoints	1197	469546	470743	0.00254278874035302	0.0705292817320213	0.364688946278078	0.846649066271055	FALSE	2.55020334701263	5.32000405020696	0.228414453510597	0.545544647137136	0.0184841894022368
M13_ALGONEURO	Algoneurodystrophy	XIII Diseases of the musculoskeletal system and connective tissue (M13_)	1195	473264	474459	0.00251865809269083	0.103870339035179	0.339927961228098	0.759935308993829	FALSE	2.55217222008408	5.32733955497386	0.228115418343543	0.544867599238874	0.0184069614688194
G6_MERALGIA	Meralgia paraesthetica	VI Diseases of the nervous system (G6_)	1194	435371	436565	0.00273498791703412	0.203683146208404	0.478026644218357	0.670041087804798	FALSE	2.55343313322114	5.33203972217662	0.227924410991372	0.544434793339628	0.0183577449876602
N14_DISIMPAIRRENTUB	Disorders resulting from impaired renal tubular function	XIV Diseases of the genitourinary system (N14_)	1186	495511	496697	0.00238777363261707	0.434037906488592	0.557815818114844	0.436508563792084	FALSE	2.56108616004232	5.36060617882493	0.22677344349664	0.541821116055013	0.0180630294511742
CD2_BENIGN_THYROID	Benign neoplasm of thyroid gland	II Neoplasms from hospital discharges (CD2_)	1184	499164	500348	0.00236635301829926	0.591702423242253	0.499018080696176	0.235727585964299	FALSE	2.56309443750953	5.36811359731451	0.226473763419404	0.54113898680423	0.017986813621761
M13_SACROCOGG	Sacrococcygeal disorders, not elsewhere classified	XIII Diseases of the musculoskeletal system and connective tissue (M13_)	1181	353224	354405	0.00333234576261622	0.327071467610911	0.61748294735131	0.59633033548399	FALSE	2.56733032224338	5.3839634944803	0.225844847826007	0.539705305585398	0.0178275615588473
KRA_PSY_DEVWIDE_EXMORE	Wide developmental disorders (more control exclusions)	Psychiatric endpoints from Katri Räikkönen	1179	362304	363483	0.00324361799588977	-0.600800050803107	0.366858247711983	0.101486396427885	FALSE	2.569275494358	5.3912488554111	0.225557475576057	0.539049240696146	0.0177551073834543
K11_GINGIV_HYPERPLAS	Gingival hyperplasia	XI Diseases of the digestive system (K11_)	1176	310260	311436	0.00377605671791315	0.211748461511269	0.342297924147903	0.536174192903855	FALSE	2.57301724754088	5.40527523587669	0.225007202201469	0.537791282605643	0.0176169161118774
N14_OTHETNASKIDUR	Other specified disorders of kidney and ureter	XIV Diseases of the genitourinary system (N14_)	1170	495511	496681	0.00235563671652429	0.321126424763437	0.342506127295263	0.348460999058332	FALSE	2.57751218692781	5.42214621356874	0.224350512516553	0.536287135773936	0.0174529391640137
F5_CANNABIS	Mental and behavioural disorders due to cannabinoids	V Mental and behavioural disorders (F5_)	1168	491508	492676	0.00237072640031177	0.529339172811463	0.358111471677147	0.139370098774756	FALSE	2.57962005516	5.43006569760548	0.224044185341916	0.535584409252008	0.0173767971719786
PNEUMO_SEPTHICHE	Pneumococcal septicemia	Asthma and related endpoints	1167	499120	500287	0.00233266105255583	-0.053595870499488	0.34171215876832	0.875366944676432	FALSE	2.58062073714761	5.43382714559102	0.223899121253318	0.53525138586559	0.0173408166716303
AB1_GONOCOCCAL	Gonococcal infection	I Certain infectious and parasitic diseases (AB1_)	1163	485458	486621	0.00238995028985597	-0.0599484540848831	0.344605001247095	0.861894690460584	FALSE	2.58489826645821	5.44991879986774	0.223281631295292	0.533832084700573	0.0171882141299423
CD2_BENIGN_OTHER_NOS	Benign neoplasm of other and unspecified sites	II Neoplasms from hospital discharges (CD2_)	1158	499190	500348	0.00231438918512715	0.397304167473872	0.587525488926746	0.498892676739809	FALSE	2.59010437639251	5.46953192120892	0.222535742928115	0.5321139233601	0.017005074910851
F5_MANIA	Manic episode	V Mental and behavioural disorders (F5_)	1157	434831	435988	0.0026537427635623	-0.0790281922652804	0.358012667619036	0.825293848766249	FALSE	2.59158933704515	5.47513193496231	0.222324117589393	0.531625697977744	0.0169533516955696
J10_PNEUMONONBACT	Pneumonia due to other infectious organisms, not elsewhere classified	X Diseases of the respiratory system (J10_)	1157	415538	416695	0.00277661119043905	0.0664123909786667	0.345103657053416	0.84739610258415	FALSE	2.59174137222855	5.47570542515658	0.222302478788217	0.531575758141327	0.0169480688770246
CD2_BENIGN_LARYNX	Benign neoplasm: Larynx	II Neoplasms from hospital discharges (CD2_)	1152	499196	500348	0.0023023975313182	-0.214591411074434	0.402415169687067	0.59385447672565	FALSE	2.59650835572254	5.49370031090562	0.221626640682081	0.530014271603149	0.0167836230808795
H7_CORNEALNAS	Other and unspecified corneal deformities and disorders	VII Diseases of the eye and adnexa (H7_)	1150	473095	474245	0.00242490695737435	-0.249421763172383	0.429048741212828	0.561013575957923	FALSE	2.59881505056116	5.50241717650396	0.22130143345963	0.529261703233139	0.0167048730738695
I9_AORTDIS	Dissection of aorta	IX Diseases of the circulatory system (I9_)	1150	463106	464256	0.00247708161014613	-0.496639621283379	0.345813010154126	0.150959443616356	FALSE	2.59887996038924	5.50266255491171	0.221292299326134	0.529240554548229	0.0167026647706443
PSORI_STRICT	Psoriasis (vulgaris), strict definition	XII Diseases of the skin and subcutaneous tissue (L12_)	1147	482181	483328	0.0023731296345339	-0.020906261228728	0.58200198410291	0.971345120983236	FALSE	2.60199625809583	5.5144487474136	0.220854870797145	0.528227039065854	0.0165971376393173
E4_GOITREDIFF	Nontoxic diffuse goitre	IV Endocrine, nutritional and metabolic diseases (E4_)	1147	424208	425355	0.00269657109943459	0.641726917484599	0.347028746543048	0.0644283733273307	FALSE	2.60239974376099	5.51597558723307	0.220798391192189	0.528096074293437	0.0165835446875855
Q17_CYSTIC_KIDNEY_DISEA	Cystic kidney disease	XVII Congenital malformations, deformations and chromosomal abnormalities (Q17)	1142	498180	499322	0.00228710130937551	-0.625593672140378	0.352273082928309	0.0757531896474016	FALSE	2.60733536526425	5.5346676385024	0.220110399750236	0.526498882516182	0.0164185600514846
H7_ANISOMETROPIA	Anisometropia and aniseikonia	VII Diseases of the eye and adnexa (H7_)	1141	476776	477917	0.00238744384485172	0.0107688828631247	0.344941909420034	0.97509456059376	FALSE	2.60855607896434	5.53929498259251	0.219941061801487	0.526105227181025	0.0163781199715342
D3_ALLERGPURPURA	Allergic purpura	III Diseases of the blood and blood-forming organs and certain disorders involving the immune mechanism (D3_)	1140	492275	493415	0.00231042834125432	0.291600161947036	0.347209214238717	0.400998142201012	FALSE	2.60955641511217	5.54308821245092	0.219802536207639	0.525783044115811	0.0163450876142264
CD2_BENIGN_CONJUNCTIVA	Benign neoplasm: Conjunctiva	II Neoplasms from hospital discharges (CD2_)	1134	499214	500348	0.00226642256989136	0.174412676791457	0.348296687180583	0.616540792202919	FALSE	2.61612236586424	5.56801435368711	0.218898654812399	0.52367734133479	0.0161306389208303
CD2_BENIGN_KIDNEY	Benign neoplasm: Kidney	II Neoplasms from hospital discharges (CD2_)	1133	499215	500348	0.0022644239609232	-0.363158074171006	0.524258354221954	0.488492676150385	FALSE	2.61723012004641	5.57222454068282	0.218747071491985	0.523323623051185	0.0160948596781063
C3_OVARY_SEROUS_EXALLC	Serous carcinoma of ovary, excluding all cancers (controls excluding all cancers)	II Neoplasms, from cancer register (ICD-O-3)	1135	222078	223213	0.0050848292886167	-0.12119345822011	0.350051998315845	0.72918070121984	FALSE	2.61857439645273	5.57733554618794	0.218563474270756	0.522894975176335	0.0160515947530526
H7_PARASTRA6	Sixth [abducent] nerve palsy	VII Diseases of the eye and adnexa (H7_)	1130	476776	477906	0.00236448171816215	-0.295738269094444	0.348446651988707	0.396029724567135	FALSE	2.62069922583993	5.58541845669641	0.218274054755855	0.522218760546032	0.0159835499606246
C3_PANCREAS_ADENO_DUCTAL_EXALLC	Adenocarcinoma and ductal carcinoma of pancreas, excluding all cancers (controls excluding all cancers)	II Neoplasms, from cancer register (ICD-O-3)	1130	378749	379879	0.00297463139578655	0.201312629486596	0.396305000530795	0.611471589190842	FALSE	2.62147179992688	5.58835862662925	0.218169060842299	0.521973295704632	0.0159589126058938
H7_PERIPHRETINADEGEN	Peripheral retinal degeneration	VII Diseases of the eye and adnexa (H7_)	1129	455449	456578	0.00247274288292471	0.106035070517006	0.349028578141854	0.761279855307749	FALSE	2.62195454568065	5.59019614813845	0.218103519049844	0.521820024884878	0.0159435457124965
K11_POSTOPDIS	Postprocedural disorders of digestive system, not elsewhere classified	XI Diseases of the digestive system (K11_)	1121	478189	479310	0.00233877866099184	-0.124628797220653	0.350587163597352	0.722225598010221	FALSE	2.63080132456934	5.6239175403716	0.216911061574912	0.519025947286965	0.0156656797054703
K11_RESORPTION	Pathological resorption of teeth	XI Diseases of the digestive system (K11_)	1122	310260	311382	0.00360329113436229	-0.115101255791672	0.470400151022557	0.806698047197274	FALSE	2.63128061117783	5.6257469912044	0.216846924140251	0.518875370295822	0.0156508264705097
D3_HAEMOLYTICANAEMIA	Haemolytic anaemias	III Diseases of the blood and blood-forming organs and certain disorders involving the immune mechanism (D3_)	1118	499230	500348	0.00223444482640083	-0.373212714837561	0.349599531865751	0.285726472475552	FALSE	2.63408208648413	5.63644553942629	0.216472983864097	0.517996862561157	0.015564414301233
H8_EXTDISINOTH	Disorder of external ear, unspecified	VIII Diseases of the ear and mastoid process (H8_)	1118	485292	486410	0.00229847248206246	-0.949875744387514	0.35222015273308	0.00700042689932369	FALSE	2.63416394828013	5.63675829572408	0.216462081284628	0.517971233499027	0.015561899649232
G6_MONONPOTHUS	Other and unspecified mononeuropathies of upper limb	VI Diseases of the nervous system (G6_)	1114	435371	436485	0.00255220683414092	-0.48315401503804	0.451885869869065	0.284981908565873	FALSE	2.63907002134769	5.65551608286007	0.2158111836827	0.516439571541155	0.0154122612775166
M13_OVERUSENAS	Other/unspecified soft tissue disorders related to use, overuse and pressure	XIII Diseases of the musculoskeletal system and connective tissue (M13_)	1109	357549	358658	0.00309208215068394	-0.173403190424305	0.351780831602197	0.622062319904853	FALSE	2.64553964682671	5.68029382847426	0.214960324019788	0.514432698406006	0.0152181009568941
N14_NEPHROTICSYND	Nephrotic syndrome	XIV Diseases of the genitourinary system (N14_)	1106	492922	494028	0.00223873950464346	0.378405959244258	0.369357677725802	0.305600425426886	FALSE	2.64792666925181	5.68944781695237	0.214648519047813	0.513695938030738	0.0151473589241444
E4_TESTICHYPO	Testicular hypofunction	IV Endocrine, nutritional and metabolic diseases (E4_)	1107	211289	212396	0.0052119625605002	0.183057706139763	0.352596484992867	0.603641823643508	FALSE	2.65061181874432	5.69975284133649	0.214299130092488	0.512869527497238	0.0150683503100953
E4_CONGEIOD	Congenital iodine-deficiency syndrome/hypothyroidism	IV Endocrine, nutritional and metabolic diseases (E4_)	1101	424208	425309	0.00258870609368718	0.188689167031386	0.52429170872489	0.718926793800748	FALSE	2.65423577310557	5.71367380170084	0.213829851933144	0.511758140655869	0.014962663020745
I9_OTHINTRACRA	Other intracranial haemorrhages	IX Diseases of the circulatory system (I9_)	1099	453828	454927	0.00241577220081464	0.263887404393501	0.355197821914123	0.457523573192276	FALSE	2.65636832218165	5.72187269936635	0.213554910883717	0.511106253989436	0.0149009727061651
H7_MODVISIMPBINOC	Moderate visual impairment, binocular	VII Diseases of the eye and adnexa (H7_)	1098	475933	477031	0.00230173720366182	-0.428765447509606	0.353783471678566	0.225534151308938	FALSE	2.65740164046036	5.72584730307333	0.213422010161651	0.510790947996537	0.014871213700173
G6_MONOOTHUNS	Other and unspecified mononeuropathies, also in other diseases	VI Diseases of the nervous system (G6_)	1098	435371	436469	0.00251564257713606	0.602561831947476	0.413505678771944	0.145060275111975	FALSE	2.65768011908771	5.72691866396668	0.213386229245568	0.510706036024805	0.0148632084354484
L12_ERYTHEMANODOSUM	Erythema nodosum	XII Diseases of the skin and subcutaneous tissue (L12_)	1096	482901	483997	0.00226447684593086	0.633419481047293	0.355183742171891	0.0745281769879599	FALSE	2.65972274816169	5.73477974654029	0.213124240540267	0.510084024139323	0.014804681073815
I9_PROGVASC	Progressive vascular leukoencephalopathy	IX Diseases of the circulatory system (I9_)	1096	453828	454924	0.00240919362355031	0.168186275922232	0.357998364093896	0.638500619871023	FALSE	2.65991146465185	5.73550626359111	0.213100076694015	0.510026629283868	0.0147992906951609
Q17_OTHER_CONGEN_MALFO_FACE_NECK	Other congenital malformations of face and neck	XVII Congenital malformations, deformations and chromosomal abnormalities (Q17)	1095	497731	498826	0.00219515422211352	0.444667401036075	0.644175236683912	0.490012150586538	FALSE	2.66082031652496	5.73900571073784	0.212983801459673	0.509750388550476	0.0147733707266605
G6_SPINOTH	Other diseases of spinal cord	VI Diseases of the nervous system (G6_)	1093	463029	464122	0.00235498424983086	0.152780589077466	0.376215501649543	0.68467015328966	FALSE	2.66341166529603	5.74898860613269	0.212653153197516	0.508964312801793	0.0146998280999292
M13_MUSCLEDISNAS	Other specified disorders of muscle	XIII Diseases of the musculoskeletal system and connective tissue (M13_)	1092	357549	358641	0.00304482755736238	-0.589328763506031	0.356530060394839	0.0983396697347526	FALSE	2.66550980066061	5.75707704051849	0.212386387829031	0.508329530115595	0.0146406722053033
K11_MIH	Molar incisor enamel hypoplasia	XI Diseases of the digestive system (K11_)	1090	499258	500348	0.0021784837752924	0.0871940327743515	0.361960037121967	0.809637204887013	FALSE	2.66677073402133	5.76194041877082	0.212226475080074	0.507948760494467	0.0146052872308105
H7_CONJUNCTIVITISCHRON	Chronic conjunctivitis	VII Diseases of the eye and adnexa (H7_)	1087	454779	455866	0.00238447263011499	0.357463732823753	0.630943829895425	0.571017254311026	FALSE	2.67065106914855	5.77691807555212	0.211736276401575	0.506780383710652	0.0144971724648106
M13_SPININSTAB	Spinal instabilities	XIII Diseases of the musculoskeletal system and connective tissue (M13_)	1086	353224	354310	0.00306511247212893	0.471373435143224	0.355715248091887	0.185123853131287	FALSE	2.6727552783229	5.78504723805349	0.211471652746138	0.506148932447903	0.0144390309825225
F5_STIMUL	Mental and behavioural disorders due to use of other stimulants, including caffeine	V Mental and behavioural disorders (F5_)	1077	491508	492585	0.00218642467797436	0.155231372964613	0.365936081700911	0.671417395898709	FALSE	2.68256724960431	5.82302006897688	0.210248715622307	0.503224113215603	0.0141723503889445
H7_KERATOCONUS	Hereditary corneal dystrophies	VII Diseases of the eye and adnexa (H7_)	1076	473095	474171	0.00226922355015385	-0.19446615619301	0.357457899996183	0.586424034259219	FALSE	2.68390724409593	5.82821439673862	0.210083096338167	0.502827176312662	0.0141364886076045
N14_OTHNONINFOVA	Other and unspecified noninflammatory disorders of ovary, fallopian tube and broad ligament	XIV Diseases of the genitourinary system (N14_)	1079	130160	131239	0.0082216414328058	0.153421975474889	0.357997098542116	0.668246024382087	FALSE	2.68815306154999	5.84468625188288	0.209560514598598	0.501573407164664	0.0140237293255862
N14_EROSECTROPUT	Erosion and ectropion of cervix uteri	XIV Diseases of the genitourinary system (N14_)	1072	130160	131232	0.00816873933187028	-0.271031737096171	0.507010612512981	0.592948496267334	FALSE	2.69676036554174	5.87814143973198	0.208511222685641	0.499049976750645	0.0137991311447015
D3_ITP	Idiopathic thrombocytopenic purpura	III Diseases of the blood and blood-forming organs and certain disorders involving the immune mechanism (D3_)	1064	492275	493339	0.00215673198348397	-0.643741415114348	0.582426034528108	0.269040090368879	FALSE	2.69869795650801	5.88568412138697	0.208276864177053	0.498485279360447	0.0137492966617287
H7_RETINALDETACHOTH	Other, unspecified and serous retinal detachments	VII Diseases of the eye and adnexa (H7_)	1064	455449	456513	0.0023307112831398	-0.0530288898412108	0.708528762827236	0.940339099043517	FALSE	2.69893156225001	5.88659379255744	0.208248654257573	0.498417279435009	0.0137433061363194
I9_ARTEMBTHRNAS	Other arterial embolism and thrombosis	IX Diseases of the circulatory system (I9_)	1048	463106	464154	0.00225787130995316	0.0057124075361574	0.36068291561021	0.987363828326611	FALSE	2.71928724426266	5.96609708065539	0.2058275662035	0.49255978142251	0.0132356230342188
ILD_INSUFFICIENCY	ILD-related respiratory insufficiency	Interstitial lung disease endpoints	1047	494583	495630	0.002112462925973	0.101389793970187	0.364912972922343	0.781130190682458	FALSE	2.72038794893217	5.97040947584338	0.205698705354159	0.4922468314356	0.0132089576280577
N14_VULVAL_LSIL	LSIL lesion of the vulva	XIV Diseases of the genitourinary system (N14_)	1047	281017	282064	0.00371192353508424	-0.0863994466104402	0.384656673835959	0.822279223897819	FALSE	2.72257332344909	5.97897550635472	0.205443475940903	0.491626630105879	0.0131562481551452
C3_CIRCULATING_LYMPHOID	Rare circulating lymphoid malignancy	II Neoplasms, from cancer register (ICD-O-3)	1044	499304	500348	0.00208654776275712	-0.800419625804051	0.361969397682442	0.0270157008998146	FALSE	2.72426413066447	5.98560668409226	0.205246566352374	0.491147823055296	0.0131156785905599
C3_CIRCULATING_LYMPHOID_EXALLC	Rare circulating lymphoid malignancy, excluding all cancers (controls excluding all cancers)	II Neoplasms, from cancer register (ICD-O-3)	1044	378749	379793	0.00274886582954399	-0.832594931084785	0.361709642797178	0.0213446325051562	FALSE	2.72517077119223	5.98916376982239	0.205141180325355	0.490891450477075	0.0130940000082324
M13_INFBURSA	Infective bursitis	XIII Diseases of the musculoskeletal system and connective tissue (M13_)	1042	357549	358591	0.00290581749123653	0.114743964863833	0.364972999051656	0.753224634493536	FALSE	2.72800816099052	6.00030190493906	0.20481226842523	0.490090791008934	0.01302649413076
M13_CHONDROMALACIA	Chondromalacia	XIII Diseases of the musculoskeletal system and connective tissue (M13_)	1039	491365	492404	0.00211005597030081	0.516350208492504	0.360558732389021	0.152119928311939	FALSE	2.73086589386175	6.01152909737875	0.20448237163702	0.489286949998513	0.0129590192199777
G6_FACOTH	Other facial nerve disorders	VI Diseases of the nervous system (G6_)	1037	435371	436408	0.00237621675129695	0.309187750880748	0.365727647333447	0.397885106052846	FALSE	2.73387817295864	6.02337345050609	0.204136117193844	0.48844240703137	0.0128884492869114
C3_SMALL_INTESTINE_EXALLC	Malignant neoplasm of small intestine, excluding all cancers (controls excluding all cancers)	II Neoplasms, from cancer register (ICD-O-3)	1034	378749	379783	0.00272260738369016	-0.220781647606745	0.364194388757613	0.544369174519629	FALSE	2.73834574916092	6.04095894870042	0.203625363055642	0.487195058474468	0.0127848204403416
CD2_INSITU_BLADDER_EXALLC	Carcinoma in situ, bladder (controls excluding all cancers)	II Neoplasms from hospital discharges (CD2_)	1034	378741	379775	0.00272266473569877	-0.195390152546061	0.366359273206286	0.593805615050316	FALSE	2.73834582847916	6.04095926111707	0.203625354016977	0.487195036383879	0.0127848186113776
CD2_HODGKIN_LYMPHOMA_EXALLC	Hodgkin lymphoma, hilmo (controls excluding all cancers)	II Neoplasms from hospital discharges (CD2_)	1033	378749	379782	0.00271998146304985	-0.381436308756932	0.362851552552631	0.293158192712457	FALSE	2.73967729720371	6.04620461730224	0.203473773583073	0.486824489551493	0.0127541709640872
VD_SC	Vascular dementia (subcortical)	Neurological endpoints	1031	474702	475733	0.0021671820117587	0.55765789365836	0.372056432177641	0.133911775676487	FALSE	2.74158911291692	6.05373976788741	0.20325663449206	0.486293392691793	0.0127103534461961
M13_BONEDISNAS	Other specified/unspecified disorders of  bone/cartilage	XIII Diseases of the musculoskeletal system and connective tissue (M13_)	1030	473264	474294	0.00217164880854491	0.0878950656315104	0.366071724016967	0.810250098374778	FALSE	2.74293754164785	6.05905689126656	0.203103844381226	0.485919482500211	0.0126795813471979
H8_EUSTNAS	Other disorders of Eustachian tube	VIII Diseases of the ear and mastoid process (H8_)	1029	465154	466183	0.00220728769603353	-0.59224823758575	0.366304520373312	0.105917280678921	FALSE	2.74433187264302	6.06455717590508	0.202946166094463	0.485533433754885	0.0126478768002232
C3_STOMACH_ADENO_EXALLC	Adenocarcinoma and papillary adenocarcinoma of stomach, excluding all cancers (controls excluding all cancers)	II Neoplasms, from cancer register (ICD-O-3)	1023	378749	379772	0.00269372149605553	-0.209357762736895	0.366168568241481	0.567489719892053	FALSE	2.75313628948738	6.09933907191443	0.201957808248418	0.483109533316882	0.0124503478512599
M13_SHORTACHILLES	Short Achilles tendon (acquired)	XIII Diseases of the musculoskeletal system and connective tissue (M13_)	1021	357549	358570	0.00284742170287531	0.298164824900186	0.376583704904292	0.428499219426532	FALSE	2.75608248223255	6.11099755825572	0.201629863854134	0.482303714510057	0.0123852629065302
E4_LACTONAS	Lactose intolerance, other/unspecified	IV Endocrine, nutritional and metabolic diseases (E4_)	1020	420066	421086	0.00242230803208846	0.546678607153201	0.367428229854909	0.136790086221511	FALSE	2.75685622213631	6.11406097623332	0.201543967616583	0.482092524280168	0.0123682531586887
N14_BARTHOOTHNAS	Other and unspecified disease of Bartholin gland	XIV Diseases of the genitourinary system (N14_)	1020	250564	251584	0.00405431187992877	-0.363715326117602	0.367508172137545	0.322330768726436	FALSE	2.75914682141134	6.1231339557355	0.20129023615812	0.481468373927906	0.0123180983758185
H7_CHORIORETINFLAM	Chorioretinal inflammation	VII Diseases of the eye and adnexa (H7_)	1015	455449	456464	0.00222361456763293	-0.0179867246082893	0.366472153606727	0.960854951899627	FALSE	2.76346257203974	6.14024456364241	0.200814432237521	0.480296705702227	0.0122244120987133
K11_MAJOR_ANOMALI_JAW_SIZE	Major anomalies of jaw size	XI Diseases of the digestive system (K11_)	1008	499340	500348	0.00201459783990343	0.395325120790555	0.368641961615586	0.283548347251703	FALSE	2.77292018116965	6.17781446850934	0.199781940382527	0.477748612187519	0.0120227471189371
G6_MONOLOWOTHUNS	Other and unspecified mononeuropathies of lower limb	VI Diseases of the nervous system (G6_)	1007	435371	436378	0.0023076323737677	0.161675056792208	0.469792030517352	0.730739677895482	FALSE	2.77474015232191	6.18505578289671	0.199584842598518	0.477261325765128	0.0119845037005977
K11_SCISS_BITE	Scissor bite	XI Diseases of the digestive system (K11_)	1002	499346	500348	0.00200260618609448	-0.0139405453399811	0.374048250654923	0.970270221986329	FALSE	2.78137072939691	6.21146912852374	0.198871056978297	0.47549430331438	0.0118466835720096
K11_HYPOPLASIA_ENAMEL_INCLAVO	Hypoplasia of dental enamel , including avohilmo	XI Diseases of the digestive system (K11_)	1001	499347	500348	0.00200060757712632	0.0818770340201842	0.376526915483725	0.827855069016081	FALSE	2.78278905771544	6.21712556182146	0.198719240861776	0.47511800317182	0.0118175071058754
I9_E_DRONE	Dronedarone medication	IX Diseases of the circulatory system (I9_)	999	375343	376342	0.00265450042780237	0.345486914363318	0.478880747910565	0.470634749633916	FALSE	2.78657553358272	6.23223749463777	0.198315427493375	0.47411628714093	0.0117401339346361
N14_BARTHOABSCESS	Abscess of Bartholin gland	XIV Diseases of the genitourinary system (N14_)	997	250564	251561	0.00396325344548638	0.700682471145103	0.442232218301715	0.113097710859921	FALSE	2.79131986184683	6.25119501967088	0.197812495145765	0.47286706549897	0.0116442413374065
AB1_MUMPS	Mumps	I Certain infectious and parasitic diseases (AB1_)	995	486087	487082	0.00204277719152011	-0.296634183392769	0.372087954300479	0.425326043391065	FALSE	2.79143701768863	6.25166347483801	0.197800118226873	0.472836300024451	0.0116418880632725
G6_MEDLEOTH	Other lesions of median nerve	VI Diseases of the nervous system (G6_)	995	435371	436366	0.00228019598227176	-0.0903134684698241	0.373219165170403	0.808791726381106	FALSE	2.79177796548507	6.25302686439083	0.197764110421436	0.472746788726032	0.0116350435520975
H8_SUP_OTINAS	Suppurative otitis media, unspecified	VIII Diseases of the ear and mastoid process (H8_)	985	465154	466139	0.00211310360214442	0.251967192588864	0.374012576539968	0.500510699253358	FALSE	2.80608610458268	6.31036043221083	0.196268425027073	0.469020527959115	0.0113530977009614
CD2_BENIGN_CRANIAL_NERVE	Benign neoplasm: Cranial nerves	II Neoplasms from hospital discharges (CD2_)	984	499364	500348	0.00196663122466763	-0.0454114403586734	0.373317120004995	0.903181702252671	FALSE	2.80734462501734	6.31541441097207	0.196138292342625	0.468695570684564	0.0113287841985211
C3_MYELODYSP_SYNDR_EXALLC	Myelodysplastic syndrome, excluding all cancers (controls excluding all cancers)	II Neoplasms, from cancer register (ICD-O-3)	979	378296	379275	0.00258124052468525	-0.138788792612909	0.375688119171149	0.711810551552264	FALSE	2.81564243399383	6.34878138010461	0.195285967396536	0.466564237411872	0.0111703951701055
CD2_BENIGN_SALIVARY_NOS	Benign neoplasm: other/unspecified salivary gland	II Neoplasms from hospital discharges (CD2_)	975	499373	500348	0.00194864374395421	0.40135231772576	0.374427076421797	0.283760229967891	FALSE	2.82069400310511	6.36913250879298	0.194771870134861	0.465276188331214	0.011075575845168
ANOSMIA	Anosmia	Comorbidities of Neurological endpoints	980	111976	112956	0.00867594461560254	-0.4296428565255	0.38641179049171	0.266190511365283	FALSE	2.82310646278536	6.37886163179966	0.194527618931687	0.464663570942372	0.0110307148239971
CD2_BENIGN_ANUS_ANAL_CANAL	Benign neoplasm: Anus and anal canal	II Neoplasms from hospital discharges (CD2_)	973	499375	500348	0.00194464652601789	-0.052892623793313	0.376232867209681	0.888197953865947	FALSE	2.82369436955557	6.3812335700953	0.194468219101387	0.464514523698713	0.011019823311001
H7_PTERYGIUM	Pterygium	VII Diseases of the eye and adnexa (H7_)	968	454779	455747	0.00212398545684338	0.341491627879112	0.456570189608197	0.454490377025087	FALSE	2.83152958319575	6.41288214692121	0.193681156931646	0.462537254380918	0.0108761830096181
L12_BULLOTH	Other bullous disorders	XII Diseases of the skin and subcutaneous tissue (L12_)	967	498266	499233	0.00193697131399567	-0.0738881144518856	0.377740641716145	0.844919022707228	FALSE	2.83277703738887	6.41792731195611	0.193556628729865	0.462224011420194	0.0108535711714717
G6_ENCEPHOTH	Other encephalitis	VI Diseases of the nervous system (G6_)	966	497087	498053	0.00193955261789408	0.21449656079172	0.598847349457476	0.720206842524554	FALSE	2.83430760630836	6.42411988180086	0.193404129417396	0.461840259618979	0.0108259229720931
K11_VOLVU	Volvulus	XI Diseases of the digestive system (K11_)	962	394725	395687	0.00243121457111303	0.5749647669441	0.378137593409125	0.128381004557672	FALSE	2.84117745000998	6.4519471209338	0.192723573622234	0.46012569628521	0.0107031090044142
K11_MN_RETRGN_AND_SURG	Mandibular retrognathia AND surgery (BSSRO)	XI Diseases of the digestive system (K11_)	961	499387	500348	0.00192066321839999	-0.0550061120981695	0.378016145308064	0.88430616836768	FALSE	2.84196145882117	6.45512621902572	0.192646312199232	0.459930840588889	0.0106892251916243
I9_STR_EMBOLIC_WITH_FLIMMER	Embolic stroke with flimmer	IX Diseases of the circulatory system (I9_)	959	436816	437775	0.0021906230369482	0.303274648877041	0.515976100895907	0.556687494868925	FALSE	2.84545926570111	6.46931796115498	0.192302620725481	0.459063530110338	0.0106276093215103
L12_ALOPECAREATA	Alopecia areata	XII Diseases of the skin and subcutaneous tissue (L12_)	956	476404	477360	0.00200268141444612	-0.331420620798537	0.379076390519694	0.381963326415456	FALSE	2.84984713418975	6.48714035791791	0.191873782884192	0.457980184565138	0.0105510606452606
M13_BONEDENSOTH	Other disorders of bone density and structure	XIII Diseases of the musculoskeletal system and connective tissue (M13_)	956	473264	474220	0.00201594196786302	-0.0704853290218747	0.601378606451219	0.906696617266449	FALSE	2.84986696253262	6.48722094451561	0.191871850814399	0.457975300771195	0.0105507165984794
CAMPYLOENTERITIS	Campylobacter enteritis	I Certain infectious and parasitic diseases (AB1_)	953	492689	493642	0.00193054885929479	0.20574322428694	0.380117950489771	0.588327330925625	FALSE	2.85443672028799	6.50580515571392	0.191427959811642	0.45685255806977	0.0104718698909024
HERING_UNILATERAL	Inguinal hernia, unilateral	XI Diseases of the digestive system (K11_)	953	426666	427619	0.00222861940185071	0.105766356088168	0.381976666879499	0.781862889168929	FALSE	2.85488392211033	6.50762508452865	0.191384667832622	0.456742984603811	0.0104642011461352
CD2_BENIGN_TONGUE	Benign neoplasm: Tongue	II Neoplasms from hospital discharges (CD2_)	949	499399	500348	0.0018966799107821	0.248725358325459	0.380429999875906	0.513240286414324	FALSE	2.86069571890612	6.53129708662016	0.190824427334443	0.45532380890233	0.0103652968695963
L12_EPIDERMTHICKNAS	Other and unspecified epidermal thickening	XII Diseases of the skin and subcutaneous tissue (L12_)	949	465673	466622	0.00203376608903995	-0.120709578057552	0.38187436862755	0.751928415162866	FALSE	2.86090223303431	6.5321389339476	0.190804600893835	0.455273545078629	0.0103618081715274
L12_GRANULOMATOUSSKIN	Granulomatous disorders of skin and subcutaneous tissue	XII Diseases of the skin and subcutaneous tissue (L12_)	947	465673	466620	0.00202948866315203	-0.375002099651238	0.615222401932791	0.54216717442703	FALSE	2.86407136266168	6.5450637615268	0.190501040313937	0.454503616383115	0.0103084905730566
C3_HEPATOCELLU_CARC_EXALLC	Hepatocellular carcinoma, excluding all cancers (controls excluding all cancers)	II Neoplasms, from cancer register (ICD-O-3)	947	378749	379696	0.00249410054359277	-0.899540545721188	0.380782402868446	0.0181595868848777	FALSE	2.86477321839093	6.54792769663386	0.190433987260274	0.454333460777391	0.0102967379891424
PD2ND_EXMORE	Secondary parkinsonism (more control exclusions)	Neurological endpoints	946	216760	217706	0.00434530972963538	0.500250778447951	0.459803455267606	0.276609875145748	FALSE	2.86917298868119	6.56589359536761	0.190015088886512	0.453269739505292	0.0102235181720033
Q17_CONGEN_DEFORMITI_FEET	Congenital deformities of feet	XVII Congenital malformations, deformations and chromosomal abnormalities (Q17)	937	496702	497639	0.00188289101135562	-0.133460296102074	0.383817247086121	0.728051721685574	FALSE	2.87993158821223	6.60991614824118	0.18900114124677	0.450689904751661	0.0100477244472835
H8_MASTCHRON	Chronic mastoiditis	VIII Diseases of the ear and mastoid process (H8_)	936	465154	466090	0.00200819584200476	0.262964697338579	0.381926342941777	0.491124108162097	FALSE	2.88175036028517	6.61737107245524	0.188831169436188	0.450256733831262	0.0100184537252863
C3_CLL_EXALLC	Chronic lymphocytic leukaemia and small lyphocytis leukaemia, excluding all cancers (controls excluding all cancers)	II Neoplasms, from cancer register (ICD-O-3)	935	378742	379677	0.00246261954240051	-0.444147763589834	0.383324242716745	0.246589167163965	FALSE	2.88407690763256	6.62691269379489	0.188614344882178	0.449703866415931	0.00998119692171752
KRA_PSY_CODUCTEMOT_EXMORE	Mixed disorders of conduct and emotions (more control exclusions)	Psychiatric endpoints from Katri Räikkönen	933	362304	363237	0.0025685709330272	-0.29017534090394	0.417521180052031	0.487058122248219	FALSE	2.88751381871128	6.64101919708895	0.188295267486624	0.448889674045666	0.00992653785377582
L12_OTHACUSKINSUNNAS	Other and unspecified acute skin changes due to ultraviolet radiation	XII Diseases of the skin and subcutaneous tissue (L12_)	932	482972	483904	0.00192600185160693	0.1420451969752	0.473505915349104	0.764187751616373	FALSE	2.88816977779276	6.6437130237103	0.188234535108313	0.448734622279097	0.00991615679142077
H7_OTHIRISCILIARY	Other disorders of iris and ciliary body	VII Diseases of the eye and adnexa (H7_)	932	473095	474027	0.00196613273083601	-0.597428598706359	0.384182030364778	0.119930236468959	FALSE	2.88823136456277	6.64396596672732	0.188228835781417	0.448720070389092	0.00991518296902224
M13_MYOSITIS	Myositis	XIII Diseases of the musculoskeletal system and connective tissue (M13_)	932	357549	358481	0.00259985884886507	0.0331849811564053	0.384848132319279	0.931284560579806	FALSE	2.88920457807541	6.64796361424351	0.188138835200056	0.44849024505323	0.0098998133425475
E4_HYPERALDO	Hyperaldosteronism	IV Endocrine, nutritional and metabolic diseases (E4_)	931	479069	480000	0.00193958333333333	0.526475870979624	0.384119948994964	0.170498815050323	FALSE	2.88983581458406	6.65055709597795	0.188080522138424	0.448341306764279	0.00988986353807771
K11_ORAL_LEUCOPLACIA_INCLAVO	Oral leukoplakia, including avohilmo	XI Diseases of the digestive system (K11_)	930	499418	500348	0.00185870634038709	0.59418547412835	0.605902845141027	0.326759792295542	FALSE	2.89136022046029	6.65682206476468	0.187939900507181	0.447982045389276	0.00986589700164114
M13_LOOSEJOINT	Loose body in joint	XIII Diseases of the musculoskeletal system and connective tissue (M13_)	923	315115	316038	0.00292053487238876	-0.330570771773102	0.387260138257683	0.393318761277645	FALSE	2.9046497869918	6.71154911036079	0.186725942627863	0.444874891181397	0.00966060284906451
M13_SHOULDERBURSITIS	Bursitis of shoulder	XIII Diseases of the musculoskeletal system and connective tissue (M13_)	921	357549	358470	0.00256925265712612	0.102942688443757	0.386888838522521	0.790178978527554	FALSE	2.90746621685913	6.72317260587697	0.18647139720711	0.444222076846485	0.00961791980693773
D3_IMMUDEFANTIBODY	Immunodeficiency with predominantly antibody defects	III Diseases of the blood and blood-forming organs and certain disorders involving the immune mechanism (D3_)	919	492311	493230	0.00186322810859031	-0.473907198839442	0.65690990330111	0.470651841303056	FALSE	2.90974300255767	6.7325754395379	0.186266313095287	0.44369578524611	0.0095836219722361
AB1_PROTOZOAL	Protozoal diseases	I Certain infectious and parasitic diseases (AB1_)	918	499430	500348	0.00183472303276919	0.0267869676396788	0.386077630456587	0.944685289355044	FALSE	2.9113913069132	6.73938633300429	0.186118222934652	0.443315571441199	0.00955890632071365
M13_CARTILAGE	Other articular cartilage disorders	XIII Diseases of the musculoskeletal system and connective tissue (M13_)	917	315115	316032	0.00290160490076954	0.40991521555629	0.388115979831472	0.290892012224699	FALSE	2.91475412324773	6.75329108808289	0.185817086728007	0.4425419509444	0.00950877870052342
N14_VAGINAL_DYSPLASIA_ALL	All dysplastic lesions of the vagina	XIV Diseases of the genitourinary system (N14_)	915	281149	282064	0.0032439446366782	0.210270858986234	0.388763523585809	0.588596601461282	FALSE	2.91869876800729	6.76961768463804	0.185465536739333	0.441638022446989	0.00945048062993081
M13_SPONDYLOPATHYNAS	Other specified/unspecified spondylopathies	XIII Diseases of the musculoskeletal system and connective tissue (M13_)	914	353224	354138	0.00258091478463198	-0.368384777808802	0.390490845217512	0.345481954669939	FALSE	2.91936877525764	6.77239251861714	0.185406005333423	0.441484866668919	0.00944063203836151
F5_MILDRET	Mild mental retardation	V Mental and behavioural disorders (F5_)	913	498826	499739	0.00182695366981564	-0.1335317859891	0.392299721897961	0.733568829901445	FALSE	2.91989911698155	6.77458928272908	0.185358920454989	0.441363714564272	0.0094328473760263
C3_SCLC_EXALLC	Small cell lung cancer, excluding all cancers (controls excluding all cancers)	II Neoplasms, from cancer register (ICD-O-3)	909	378749	379658	0.00239426009724542	0.0476379142492371	0.387896887094811	0.902256947916351	FALSE	2.9276774411175	6.8068444027294	0.184672077832544	0.439594686266672	0.00931977471786718
M13_JUVERHEU	Juvenile rheumatoid arthirtis	XIII Diseases of the musculoskeletal system and connective tissue (M13_)	908	315115	316023	0.0028732085955769	-0.00260675678629308	0.6337285677632	0.99671801898454	FALSE	2.93016544263405	6.81717586109326	0.184453847859641	0.439031932106344	0.00928403781937094
F5_SCHIZOTYP	Schizotypal disorder	V Mental and behavioural disorders (F5_)	906	484776	485682	0.00186541811308634	0.0774379966153436	0.700031384933921	0.911917092589895	FALSE	2.93204861927527	6.82500035924895	0.18428913774858	0.438606973109884	0.00925712564108534
H7_CORNEALSCAR	Corneal scars and opacities	VII Diseases of the eye and adnexa (H7_)	906	473095	474001	0.00191138837259837	-0.265870891562493	0.490878544536455	0.588078550538047	FALSE	2.93212125346997	6.82530222952111	0.184282792942978	0.438590599502232	0.00925608999462846
SFN	Small fibre neuropathy	Neurological endpoints	895	491583	492478	0.00181734006392164	-0.0868767014124096	0.484092032300413	0.857574016499696	FALSE	2.95135848870065	6.90545953754457	0.1826231945244	0.43429826933403	0.00898783465674406
H7_GLOBE	Disorders of globe	VII Diseases of the eye and adnexa (H7_)	894	478098	478992	0.00186641948090991	0.0159753936721919	0.39192229577481	0.967485924547532	FALSE	2.95322359101892	6.91325289380525	0.182464470461658	0.433886759038492	0.00896245294786168
KRA_PSY_AUTISM_EXMORE	Autism spe (more control exclusions)	Psychiatric endpoints from Katri Räikkönen	888	362304	363192	0.00244498777506113	-0.415443291297377	0.418049655680889	0.32033708530109	FALSE	2.96496325849339	6.96239600678227	0.181474065606472	0.431315122163548	0.00880515180844359
Q17_OTHER_CONGEN_MALFO_CIRCULATO_SYSTEM	Other congenital malformations of circulatory system	XVII Congenital malformations, deformations and chromosomal abnormalities (Q17)	884	494430	495314	0.0017847264563489	0.375575968337143	0.394184696352242	0.34069554156994	FALSE	2.97118396347365	6.98849838809355	0.180955251433094	0.429965316984717	0.00872348849655602
AB1_TUBERCU_OTH_ORG	Tuberculosis of other organs, strict	I Certain infectious and parasitic diseases (AB1_)	881	497285	498166	0.00176848680961768	-0.345507826416691	0.724313941841598	0.633352215612318	FALSE	2.97666677147273	7.01154013609438	0.180501370062383	0.428782941753074	0.00865245998653498
CD2_BENIGN_MELANOCYTIC_SCALPNECK	Melanocytic naevi of scalp and neck	II Neoplasms from hospital discharges (CD2_)	878	499470	500348	0.00175477867404287	-0.0619755868284401	0.395911767281101	0.875608270785372	FALSE	2.98219202947451	7.03479402941556	0.180047155876072	0.427598294260624	0.00858176519325226
H7_CORNEALDEFORM	Keratoconus	VII Diseases of the eye and adnexa (H7_)	878	473095	473973	0.00185242619305319	0.0222747269236357	0.601213686098805	0.970445457333925	FALSE	2.98235141818028	7.03546534375699	0.180034100103397	0.427564222407281	0.00857973886247594
I9_RHEUVALV	Rheumatic valve diseases	IX Diseases of the circulatory system (I9_)	877	499120	499997	0.00175401052406314	-0.452555220517235	0.395645449943293	0.252689862463761	FALSE	2.98404858727999	7.04261523860982	0.179895245366345	0.427201779295894	0.00855820747977838
N14_OVARTORS	Torsion of ovary, ovarian pedicle and fallopian tube	XIV Diseases of the genitourinary system (N14_)	881	130160	131041	0.00672308666753154	-0.320475667831953	0.398712049061478	0.421525640185678	FALSE	2.98476583551647	7.04563784807059	0.179836652779741	0.427048799699653	0.00854913265683406
C3_CERVIX_UTERI_EXALLC	Malignant neoplasm of cervix uteri, excluding all cancers (controls excluding all cancers)	II Neoplasms, from cancer register (ICD-O-3)	878	222078	222956	0.00393799673478175	-0.681653307098211	0.572492602085929	0.233780730739178	FALSE	2.98576330184233	7.04984229398794	0.179755257103514	0.426836244702326	0.00853653670435012
D3_COAGDEF	Chronic Coagulation defects	III Diseases of the blood and blood-forming organs and certain disorders involving the immune mechanism (D3_)	876	499472	500348	0.00175078145610655	-0.208123814231241	0.397666104387616	0.600721511746677	FALSE	2.98590545660458	7.05044158400585	0.179743665269735	0.426805970362304	0.00853474387589618
K11_OVERJET	Overjet	XI Diseases of the digestive system (K11_)	875	499473	500348	0.00174878284713839	-0.025540022020148	0.621797296273308	0.967236491988727	FALSE	2.98776868514906	7.0582985756099	0.179591922626916	0.426409580575942	0.0085112979638777
N14_RENALTUBULOOTH	Other renal tubulo-interstitial diseases	XIV Diseases of the genitourinary system (N14_)	874	447142	448016	0.00195082318488625	0.0230910637414045	0.395593494326158	0.953453363928572	FALSE	2.98997095511172	7.06759022437067	0.179413027167206	0.42594205994042	0.00848371165885046
O15_PLAC_PREMAT_SEPAR	Premature separation of placenta [abruptio placentae]	XV Pregnancy, childbirth and the puerperium (O15_)	875	221186	222061	0.0039403587302588	0.0885366403679557	0.397152390555947	0.823591049516878	FALSE	2.99136648686837	7.07348092828365	0.17929992144305	0.425646360336785	0.00846630105252163
GE_STRICT	Generalized epilepsy, strict definition	VI Diseases of the nervous system (G6_)	873	484697	485570	0.00179788701937929	-0.573711732299315	0.395443757038572	0.14683420054411	FALSE	2.99159544211359	7.07444758149619	0.179281383929126	0.425597888235269	0.00846344979964761
P16_RESPI_CARDIOV_DISORD_SPECIFIC_PERINA_PERIOD	Respiratory and cardiovascular disorders specific to the perinatal period	XVI Certain conditions originating in the perinatal period (P16_)	872	499476	500348	0.00174278702023392	-0.0438335546833185	0.638630210069692	0.945278699983828	FALSE	2.99338462083226	7.08200352784019	0.179136705575537	0.425219501531952	0.00844121875658754
AB1_SYPHILIS	Syphilis	I Certain infectious and parasitic diseases (AB1_)	869	485458	486327	0.00178686357121854	-0.368042337796233	0.7362877815597	0.617172198490772	FALSE	2.99912288050343	7.10626091832448	0.178674880004205	0.424010709612222	0.00837051503232041
N14_ULCERVAGVUL	Ulcer of vagina/vulva	XIV Diseases of the genitourinary system (N14_)	868	250564	251432	0.00345222565146839	0.417618942153052	0.399355224285958	0.295684316106317	FALSE	3.00377618918122	7.12595867421846	0.178302804211412	0.423035780080358	0.00831383870290684
D3_BLOODNAS	Other and unspecified diseases of blood and blood-forming organs	III Diseases of the blood and blood-forming organs and certain disorders involving the immune mechanism (D3_)	864	491224	492088	0.00175578351839508	-0.34597166481438	0.716354834793337	0.629123212455502	FALSE	3.00860389713064	7.14642002037632	0.177919063903082	0.422029306044346	0.00825565323670113
CD2_BENIGN_LIVE_BILE	Benign neoplasm: Liver/bile ducts	II Neoplasms from hospital discharges (CD2_)	862	499486	500348	0.00172280093055234	0.692041578026508	0.400426786914088	0.0839416302466945	FALSE	3.01239368369334	7.16250040848117	0.177619439210757	0.421242759037237	0.00821041052984873
M13_ENTEROARTHR	Enteropathic arthropathies	XIII Diseases of the musculoskeletal system and connective tissue (M13_)	861	315115	315976	0.00272489049801251	0.689731701354376	0.762600101962742	0.365758198558461	FALSE	3.01599385526332	7.17779096814493	0.177336111297307	0.420498435751741	0.00816778039244025
GRAVES_OPHT	Graves ophthalmopathy	IV Endocrine, nutritional and metabolic diseases (E4_)	858	499490	500348	0.0017148064946797	-0.0970068716818034	0.399808820370286	0.808289601946384	FALSE	3.02012454221239	7.19535238799571	0.177012589128708	0.419647857752904	0.00811928263098226
CD2_MYELOID_LEUKAEMIA_EXALLC	Myeloid leukaemia (controls excluding all cancers)	II Neoplasms from hospital discharges (CD2_)	855	378749	379604	0.00225234718285371	-0.00954842539556951	0.704659068704441	0.989188661009374	FALSE	3.02688402196629	7.22413071007717	0.176486733029255	0.418263817256246	0.00804086264602077
M13_SYSTSLCE	Systemic sclerosis	XIII Diseases of the musculoskeletal system and connective tissue (M13_)	854	484260	485114	0.0017604109549508	-0.150961294817059	0.499422240755737	0.762444820171855	FALSE	3.02801979311686	7.22897118664694	0.176398805615415	0.418032213079018	0.00802779948039426
L12_LUPUS	Lupus erythematosus	XII Diseases of the skin and subcutaneous tissue (L12_)	850	465673	466523	0.0018219894839054	0.0984541829801772	0.402812947644475	0.806908163797108	FALSE	3.03601837147454	7.26310024273389	0.175783057196374	0.416408854368878	0.0079367139537031
H7_BINOCUMOVOTH	Other disorders of binocular movement	VII Diseases of the eye and adnexa (H7_)	848	476776	477624	0.00177545516975696	0.117987673388355	0.407066087596331	0.771931806584317	FALSE	3.03991583940926	7.27975592974642	0.17548520888589	0.41562269544623	0.00789290167761347
L12_PRURIGONOD	Prurigo nodularis	XII Diseases of the skin and subcutaneous tissue (L12_)	844	432874	433718	0.00194596488962874	0.629780472347064	0.59796887965279	0.292249607990853	FALSE	3.04821623528416	7.31528328694314	0.174855605374132	0.41395892886031	0.00780081872770894
CD2_BENIGN_PANCREAS	Benign neoplasm: Pancreas	II Neoplasms from hospital discharges (CD2_)	841	499507	500348	0.00168083014222101	0.143124090546063	0.404237041068584	0.723294059520944	FALSE	3.05382360311841	7.33932699786827	0.174433872827267	0.412842994075471	0.00773953871125732
CD2_BENIGN_DUODENUM	Benign neoplasm: Duodenum	II Neoplasms from hospital discharges (CD2_)	834	499514	500348	0.00166683987944391	-0.457930845065547	0.406447105737874	0.259882983702709	FALSE	3.06811052958332	7.40074440865748	0.173372250717813	0.41002862277494	0.00758669604183106
L12_ERYTHEMAMULTIF	Erythema multiforme	XII Diseases of the skin and subcutaneous tissue (L12_)	832	482901	483733	0.00171995708376315	0.839646928398283	0.829280206541289	0.311298632194216	FALSE	3.07233663629639	7.4189549639288	0.173061723207532	0.409203996045163	0.00754237101218187
C3_MYELOMA_MONOCLONAL	Multiple myeloma, Monoclonal gammopathy of undetermined significance (MGUS)	II Neoplasms, from cancer register (ICD-O-3)	831	499517	500348	0.00166084405253943	-0.310533728128171	0.405388409909134	0.44366719309168	FALSE	3.07430940207194	7.42746247336911	0.172917308635097	0.408820275676269	0.00752181581726774
Q17_CONGEN_MALFO_NERVOUS_SYSTEM	Congenital malformations of the nervous system	XVII Congenital malformations, deformations and chromosomal abnormalities (Q17)	823	499525	500348	0.00164485518079417	-0.0906877792637416	0.410294420448319	0.825068308221968	FALSE	3.09106757330135	7.49990462568852	0.17170424894119	0.405591640225411	0.00735062134917672
N14_IGA_NEPHROPATHY	IgA nephropathy (IgA glomerulonephritis)	XIV Diseases of the genitourinary system (N14_)	822	499526	500348	0.00164285657182601	-0.0994671503530207	0.408351751482405	0.807554543782854	FALSE	3.09318600985663	7.50908421083028	0.171552629033236	0.405187411519284	0.00732940741980816
H7_RETINAHAEMORR	Retinal haemorrhage	VII Diseases of the eye and adnexa (H7_)	816	455449	456265	0.00178843435284319	-0.497780381408424	0.410660054737313	0.22545608908225	FALSE	3.10628706673204	7.56596325794119	0.170623414192414	0.402706760498018	0.00720028298167408
N14_URETHRITISANDURSYNDR	Urethritis and urethral syndrome	XIV Diseases of the genitourinary system (N14_)	815	403328	404143	0.00201661293156135	-0.359086647098918	0.420448217089397	0.393073533992761	FALSE	3.10885014843475	7.57711311429264	0.170443307408081	0.402225287898172	0.00717543114492764
COPD_OPPORTUNIST_INFECTIONS	COPD related to chronic (opportunist) infections	COPD and related endpoints	814	477322	478136	0.0017024444927803	0.95757363431891	0.550486740108565	0.0819462297159632	FALSE	3.11046064197375	7.58412273944123	0.170330417847062	0.401923396161912	0.00715988325407234
C3_TONSIL_BASETONGUE_EXALLC	Malignant cancer of tonsil and base of tongue, excluding all cancers (controls excluding all cancers)	II Neoplasms, from cancer register (ICD-O-3)	813	378749	379562	0.00214194255483953	0.180235679257098	0.410133825513903	0.660331318247028	FALSE	3.11340983132297	7.59696638920654	0.170124247092836	0.401371834440066	0.00713154577916992
ARTHRO_SPEC	Other specific arthropathies, wide	Rheuma endpoints	811	374317	375128	0.0021619287283274	-0.16472257030994	0.411777975788762	0.689136161688846	FALSE	3.1178056987253	7.61612803015334	0.169818271693229	0.400552756097946	0.00708962779308102
D3_SCNDPOLYCYTHAEMIA	Secondary polycythaemia	III Diseases of the blood and blood-forming organs and certain disorders involving the immune mechanism (D3_)	809	491224	492033	0.00164419866147189	-0.619904369474893	0.453297632669967	0.171454916597401	FALSE	3.12126676397174	7.63122979613677	0.169578476067563	0.399910409547687	0.00705689077870769
KRA_PSY_BEHAV_EXMORE	Behavioural disorders (more control exclusions)	Psychiatric endpoints from Katri Räikkönen	809	362304	363113	0.00222795658651715	-0.321066959270813	0.453031826828132	0.478506138647004	FALSE	3.12230607269801	7.63576721097847	0.169506659269596	0.399717959039566	0.00704710586471826
N14_HABITABORT	Habitual aborter	XIV Diseases of the genitourinary system (N14_)	811	130160	130971	0.00619221048934497	0.0640504575149318	0.669775986922721	0.923814698851399	FALSE	3.12499559472907	7.64751463585718	0.169321218484675	0.399220869922789	0.00702188150998437
J10_ASBESTPNEUMOC	Pneumoconiosis due to asbestos and other mineral fibres	X Diseases of the respiratory system (J10_)	807	494595	495402	0.00162898010100888	0.0931200155450062	0.4164531700997	0.823066533036324	FALSE	3.12564240538413	7.65034099181241	0.16927670860099	0.399101524187157	0.00701583603345427
MACULAR_CYST	Macular cyst	VII Diseases of the eye and adnexa (H7_)	807	455449	456256	0.0017687438630944	0.0181955237475491	0.413668496532348	0.964915753716013	FALSE	3.12589177437953	7.65143077737377	0.169259557445903	0.399055532814834	0.00701350742979794
D3_ANAEMIAINCHRONICDISEASE	Anaemia in chronic diseases classified elsewhere	III Diseases of the blood and blood-forming organs and certain disorders involving the immune mechanism (D3_)	805	479581	480386	0.001675735762491	0.336359928517726	0.409776926991556	0.411739307615247	FALSE	3.1301514033441	7.67005663591629	0.168967360855933	0.398271703858327	0.00697391476983
D3_ACQHAEMOLYTICANAEMIA	Acquired haemolytic anaemia	III Diseases of the blood and blood-forming organs and certain disorders involving the immune mechanism (D3_)	803	499230	500033	0.00160589401099527	-0.0998459243513081	0.412121905913166	0.808568795517981	FALSE	3.13447454941065	7.68898059894039	0.168672293370821	0.397479609700334	0.00693408382104755
H7_CONJUVASC	Other conjunctival vascular disorders and cysts	VII Diseases of the eye and adnexa (H7_)	803	454779	455582	0.00176258061117428	-0.163655613053778	0.568164686964174	0.773314157546763	FALSE	3.13475559500752	7.69021154657794	0.168653162751733	0.397428234951388	0.00693150661362365
L12_ERYT_INTERTRIG	Erythema intertrigo	XII Diseases of the skin and subcutaneous tissue (L12_)	803	432874	433677	0.00185160845514058	0.333333044335358	0.487877181680352	0.494460589512565	FALSE	3.13491532316824	7.69091117632396	0.168642292942301	0.397399043318828	0.00693004255548969
CD2_BENIGN_MELANOCYTIC_UPPERLIMB	Melanocytic naevi of upper limb, including shoulder	II Neoplasms from hospital discharges (CD2_)	802	499546	500348	0.00160288439246285	0.108869650678615	0.414351882351798	0.792745706201734	FALSE	3.13670179809938	7.69873807244176	0.168520857910194	0.397072868860225	0.00691370037316885
DRUGADVERS_CATAR	Drug-induced cataract	VII Diseases of the eye and adnexa (H7_)	802	499546	500348	0.00160288439246285	0.675204874035671	0.663110054089225	0.308564134743854	FALSE	3.13670179809938	7.69873807244176	0.168520857910194	0.397072868860225	0.00691370037316885
H7_RETINOCHISISCYST	Retinoschisis and retinal cysts	VII Diseases of the eye and adnexa (H7_)	802	455449	456251	0.00175780436645618	-0.206275738046727	0.414116770316649	0.61840645544077	FALSE	3.13698004393252	7.69995743707354	0.168501967023107	0.397022119333193	0.00691116042173667
L12_VASCULITISNAS	Other and unspecified vasculitis limited to skin	XII Diseases of the skin and subcutaneous tissue (L12_)	801	465673	466474	0.00171713750391233	0.53967751845895	0.413797957017316	0.192163568763403	FALSE	3.13914569018105	7.70945091385878	0.16835514461388	0.396627608477544	0.00689144068375807
F5_MIXEDDEV	Mixed specific developmental disorders	V Mental and behavioural disorders (F5_)	800	494829	495629	0.00161411055446715	-0.256375493658697	0.428373403873503	0.54951568414271	FALSE	3.14120465066368	7.71848148707397	0.168215898313558	0.3962533253149	0.00687277300286093
N14_NEPHRITICNAS	Unspecified nephritic syndrome	XIV Diseases of the genitourinary system (N14_)	798	492922	493720	0.00161630073725999	-0.0695027430747792	0.415876506816783	0.867272864960301	FALSE	3.14571458173741	7.73827823260169	0.167912057627194	0.395436188854788	0.00683215589776881
G6_DEGENOTH	Other and unspecified degenerative diseases of nervous system	VI Diseases of the nervous system (G6_)	798	484548	485346	0.00164418785773448	0.30189478538823	0.417914297519421	0.470058151306065	FALSE	3.14576493275695	7.73849937881562	0.167908674388463	0.39542708674637	0.00683170452837083
ST19_TOXIC_EFFECT_ALCOHOL	Toxic effect of alcohol	Alcohol related diseases	797	495678	496475	0.00160531748829246	0.632837898523832	0.418685313335597	0.130664120129778	FALSE	3.14795650911948	7.74812767355166	0.167761607193371	0.395031352361274	0.00681210289898597
K11_ORAL_LICHEN_PLANUS	Oral lichen ruber planus	XI Diseases of the digestive system (K11_)	795	499553	500348	0.00158889412968574	-0.492020409229447	0.417805255342232	0.23894375656192	FALSE	3.15246795100979	7.76796445600512	0.167460038174761	0.394219440509707	0.00677202543649692
H7_PAPILLOEDEMA	Papilloedema, unspecified	VII Diseases of the eye and adnexa (H7_)	793	496621	497414	0.00159424543740224	0.129524901376959	0.417536983719946	0.756399893953377	FALSE	3.15704256715441	7.78810179548827	0.167155850290919	0.393399882532847	0.00673175862471346
ALLERGIC_CONTACT_DERMA_DRUGS_CONTACT_W_SKIN	Allergic contact dermatitis due to drugs in contact with skin	XII Diseases of the skin and subcutaneous tissue (L12_)	792	499556	500348	0.00158289830278126	-0.0136028132753685	0.415085391100508	0.973857108521299	FALSE	3.15931334165766	7.79810620192468	0.167005451862907	0.392994451044411	0.00671190844374237
E4_HYPERGLYCER	Pure hyperglyceridaemia	IV Endocrine, nutritional and metabolic diseases (E4_)	789	420066	420855	0.00187475496311081	0.463919165983384	0.872413120071671	0.594888446435324	FALSE	3.16675723484315	7.83094155298374	0.166515177821682	0.391671799237058	0.00664746962625144
E4_FE_DEF	Iron deficiency	IV Endocrine, nutritional and metabolic diseases (E4_)	787	467142	467929	0.00168187908849419	-0.0647060049841458	0.418930426532626	0.87725079076162	FALSE	3.17104240451743	7.84987115243653	0.166234843186399	0.390914822865092	0.00661080901398388
P16_DISORD_RELATED_GESTATION_LOW_BIRTHWGHTT_NECIFIED	Disorders related to short gestation and low birth weight, not elsewhere classified	XVI Certain conditions originating in the perinatal period (P16_)	782	499424	500206	0.00156335589737028	0.242222612462974	0.442241104902003	0.58388679452762	FALSE	3.18252600119177	7.90069867488815	0.16549034013854	0.38890202255719	0.00651409813069164
G6_PARDIPLE	Paraplegia, diplegia of upper limbs	VI Diseases of the nervous system (G6_)	781	495687	496468	0.0015731124664631	0.512871152515774	0.591986541505834	0.386294909296469	FALSE	3.18490287374471	7.91123696793931	0.165337459090198	0.388488261780728	0.00649435566316833
H7_OTHRETARTOCC	Other retinal artery occlusion	VII Diseases of the eye and adnexa (H7_)	780	455449	456229	0.0017096677326518	-0.522706045000794	0.428207158577497	0.222205318434431	FALSE	3.18752072267516	7.92285082357326	0.165169556694635	0.388033674692929	0.00647271912969628
L12_PERIORALDERM	Perioral dermatitis	XII Diseases of the skin and subcutaneous tissue (L12_)	779	476404	477183	0.00163249738569899	0.453845027671858	0.419911197934426	0.279780785452727	FALSE	3.18974953924706	7.9327446778473	0.165026999490074	0.387647567022029	0.00645438621350411
G6_AUTONOM	Autonomic disorders	VI Diseases of the nervous system (G6_)	778	463029	463807	0.00167742185866104	-0.0414441427588301	0.508883251700874	0.935090959906788	FALSE	3.19221086988673	7.94367698725037	0.164869989436014	0.387222164539894	0.00643423450920258
VIRALPNEUMOKNOWN	Viral pneumonia (known virus, not influenza)	Interstitial lung disease endpoints	777	482839	483616	0.00160664659564613	-0.563174082929293	0.421012087454573	0.181004930115268	FALSE	3.19446380654035	7.95368949389052	0.164726657002207	0.386833682850464	0.00641587472128443
K11_INTUSS	Intussusception	XI Diseases of the digestive system (K11_)	777	394725	395502	0.00196459183518667	0.225231368431221	0.422738216311235	0.594177852850058	FALSE	3.19512913166774	7.95664739459526	0.164684398836122	0.386719123245759	0.00641046840729882
N14_TORSIOTEST	Torsion of testis	XIV Diseases of the genitourinary system (N14_)	778	153573	154351	0.00504045973139144	-0.0159831569253333	0.422761935717	0.969841947112926	FALSE	3.19847372253021	7.971524096589	0.164472448807629	0.386144366545906	0.00638339803553015
Q17_CONGEN_MALFO_UTERUS_CERVIX	Congenital malformations of uterus and cervix	XVII Congenital malformations, deformations and chromosomal abnormalities (Q17)	776	278792	279568	0.00277571109712127	0.478979950553128	0.421955005383055	0.256314732414669	FALSE	3.19903231624086	7.97400990633839	0.164437128314588	0.38604855819118	0.00637889425910824
CD2_BENIGN_LIVER	Benign neoplasm: Liver	II Neoplasms from hospital discharges (CD2_)	768	499580	500348	0.00153493168754547	0.693229042024575	0.424069723907189	0.10211083262194	FALSE	3.21607819982162	8.05003004241799	0.163369932699111	0.383150006888221	0.00624380507354249
AB1_VIRAAL_CONJUNCT	Viral conjunctivitis	I Certain infectious and parasitic diseases (AB1_)	766	486087	486853	0.00157337019593183	0.334868238326313	0.676550447883493	0.620625404821165	FALSE	3.22105583537284	8.07228882178478	0.163062134636797	0.382312672561511	0.00620519820501395
H7_PARASTRA4	Fourth [trochlear] nerve palsy	VII Diseases of the eye and adnexa (H7_)	765	476776	477541	0.00160195669062971	-0.599268589487728	0.645087643693401	0.352903411769011	FALSE	3.22357253587374	8.08355318615426	0.162907163097531	0.381890861143802	0.00618582023503177
E4_VIT_B_DEF	Deficiency of other B group vitamins	IV Endocrine, nutritional and metabolic diseases (E4_)	763	467142	467905	0.00163067289300178	0.712084545896201	0.424417066689326	0.093387257621155	FALSE	3.22857267200909	8.10595352594978	0.162600558304063	0.381055878126552	0.00614759989271827
N14_ACUTENEPHRITIC	Acute nephritic syndrome	XIV Diseases of the genitourinary system (N14_)	762	492922	493684	0.00154349745991363	0.204341280522474	0.425388079985027	0.630968319111601	FALSE	3.2308903364583	8.11634578580005	0.162459019791448	0.380670223524666	0.00613000906005301
CHIRBIL_PRIM	Primary biliary cholangitis (PBC)	Gastrointestinal endpoints	760	372273	373033	0.00203735326365228	0.632155559503708	0.617416102291638	0.305895354423	FALSE	3.23681673313864	8.14294600521161	0.162098754220202	0.379688027234133	0.00608538464032127
G6_ALCODEGEN	Degeneration of the brain due to alcohol	VI Diseases of the nervous system (G6_)	759	484548	485307	0.00156395848401115	1.11333050456717	0.426394301925818	0.00902686185714662	FALSE	3.23841885486203	8.15014359093215	0.162001768011071	0.379423473175666	0.00607340827091883
PD_DEMENTIA_EXMORE	Dementia due to Parkinson's disease (more control exclusions)	Neurological endpoints	755	216760	217515	0.00347102498678252	-0.0878242668686153	0.433510351087239	0.839456579921625	FALSE	3.25216432446315	8.21201049789016	0.161176705079421	0.377170522661567	0.00597215561919705
E4_GRAVES_OPHT_STRICT	Graves ophthalmopathy, strict	IV Endocrine, nutritional and metabolic diseases (E4_)	753	499595	500348	0.0015049525530231	0.103278003361111	0.451726079622708	0.819156729526479	FALSE	3.25347178920933	8.21790597621464	0.161098875838986	0.376957779005173	0.0059626624319433
G6_HCCOMM	Communicating hydrocephalus	VI Diseases of the nervous system (G6_)	753	497451	498204	0.00151142905315895	0.162992033283834	0.718427564436772	0.820522263235669	FALSE	3.25348423706034	8.21796211365948	0.161098135396508	0.376955754848349	0.00596257216480291
M13_SYNOTENDINOTH	Disorders of synovium and tendon in diseases classified elsewhere	XIII Diseases of the musculoskeletal system and connective tissue (M13_)	753	357549	358302	0.00210157911482492	0.322061909286998	0.79245867158602	0.684442503747992	FALSE	3.25461921576056	8.22308136103062	0.161030665469579	0.376771297092397	0.00595435072059653
AB1_VIRAL_INOTHER	Viral agents as the cause of diseases classified to other chapters	I Certain infectious and parasitic diseases (AB1_)	752	496827	497579	0.00151131780079143	-0.622271579993789	0.426052294629412	0.144138395633484	FALSE	3.25603618457607	8.22947447469341	0.160946550612995	0.376541293519478	0.00594411154792633
Q17_CONGEN_MALFO_GREAT_ARTERIES	Congenital malformations of great arteries	XVII Congenital malformations, deformations and chromosomal abnormalities (Q17)	750	494430	495180	0.00151460075124197	0.0852038478837762	0.430171584637262	0.842990728999878	FALSE	3.26116818685338	8.25264745597742	0.160642996608164	0.375710888599857	0.00590725731758507
H7_CONJUNCTDEGDEPOT	conjunctival degenerations and deposits	VII Diseases of the eye and adnexa (H7_)	748	454779	455527	0.00164205414827222	0.535499197571246	0.429370965129151	0.212334648798636	FALSE	3.26656932020371	8.27706662194205	0.16032536501112	0.374841358104837	0.00586885620101857
H7_ANOMAPUPFUNC	Anomalies of pupillary function	VII Diseases of the eye and adnexa (H7_)	747	494683	495430	0.00150778111943161	0.139622646800883	0.42957093341036	0.745159764955978	FALSE	3.26889730685304	8.28760151345573	0.160189038458225	0.374467965610106	0.00585242535930366
H7_CENTRRETARTOCC	Central retinal artery occlusion	VII Diseases of the eye and adnexa (H7_)	746	455449	456195	0.00163526562106117	-0.272014545600949	0.431861115355323	0.528782392420562	FALSE	3.27174011246774	8.30047412077648	0.160023034122745	0.374013130999294	0.0058324587271558
L12_URTICA_IDIOPAT	Idiopathic urticaria	XII Diseases of the skin and subcutaneous tissue (L12_)	744	482901	483645	0.00153831839469032	-0.0135498172458926	0.440866736841635	0.975481279802663	FALSE	3.2767643907072	8.3232462203321	0.159730900609845	0.373212300147157	0.00579743112248816
CD2_BENIGN_LIP	Benign neoplasm: Lip	II Neoplasms from hospital discharges (CD2_)	743	499605	500348	0.00148496646334151	0.733724733300499	0.428321148668334	0.0867079843895267	FALSE	3.27927763016936	8.33464755431762	0.15958536901028	0.372813154293937	0.00578003355635056
H7_EPIPHORA	Epiphora	VII Diseases of the eye and adnexa (H7_)	743	453930	454673	0.00163414145990635	-0.000548403133956738	0.431107568833079	0.99898502761885	FALSE	3.27956859212701	8.33596794934502	0.159568546272251	0.37276700653434	0.00577802471358084
O15_MATERN_INFECT_ELSEWHERE	Maternal infectious and parasitic diseases classifiable elsewhere but complicating pregnancy, childbirth and  the puerperium	XV Pregnancy, childbirth and the puerperium (O15_)	743	263245	263988	0.00281452187220631	-0.533973401408489	0.430208758096954	0.214533342103819	FALSE	3.28187410748833	8.34643370758534	0.15943543483429	0.372401796427405	0.00576214585033471
AB1_OTHER_SUPERF_MYCOSIS	Other superficial mycoses	I Certain infectious and parasitic diseases (AB1_)	742	488977	489719	0.00151515460907173	0.187553061431696	0.490414773603673	0.702136786559656	FALSE	3.28196111408777	8.34682878229699	0.15943041794384	0.372388029732539	0.00576154795079151
F5_DEPPER	Dependent personality disorder	V Mental and behavioural disorders (F5_)	742	486464	487206	0.00152296974996203	-0.288374435723553	0.567143455088548	0.611125005230764	FALSE	3.28197637849725	8.34689809492399	0.159429537831124	0.372385614626233	0.00576144306555195
L12_OTHERMELANIN	Other melanin hyperpigmentation	XII Diseases of the skin and subcutaneous tissue (L12_)	733	465673	466406	0.00157159213217669	0.994709576249874	0.43408285781393	0.0219333530407351	FALSE	3.30603207934829	8.45644467263482	0.1580604547838	0.368622944554554	0.00559981068000441
CD2_BENIGN_VAGINA	Benign neoplasm: Vulva	II Neoplasms from hospital discharges (CD2_)	731	281333	282064	0.00259161041465767	0.453069310319376	0.433704552865165	0.296184922412766	FALSE	3.313468292395	8.49043532122691	0.157644366024564	0.367477118806153	0.00555128901367926
F5_ANXPER	Anxious personality disorder	V Mental and behavioural disorders (F5_)	730	486464	487194	0.00149837641678674	-0.320792134308822	0.437750180227749	0.463668155497614	FALSE	3.31401110908215	8.49291886462098	0.157614122725456	0.367393793435361	0.00554777311023918
AB1_SEQULAE_TUBERCU	Sequelae of tuberculosis	I Certain infectious and parasitic diseases (AB1_)	727	497160	497887	0.00146017068129917	0.274138500141512	0.636139535281593	0.666511393448792	FALSE	3.32212914929828	8.53009936382704	0.157163909877473	0.366152720258916	0.00549560807252021
E4_ENDODISNAS	Endocrine disorders, other/unspecified	IV Endocrine, nutritional and metabolic diseases (E4_)	721	479069	479790	0.00150274078242564	0.332363424024699	0.433783071057551	0.443558906181999	FALSE	3.33881790278386	8.60675791274389	0.156250514687836	0.363631026202025	0.00539077381251046
Q17_CONGEN_OBSTRUCTIVE_DEFECTS_RENAL_PELVIS_CONGEN_MALFO_URETER	Congenital obstructive defects of renal pelvis and congenital malformations of ureter	XVII Congenital malformations, deformations and chromosomal abnormalities (Q17)	720	498180	498900	0.00144317498496693	0.169999592471394	1.09523273695687	0.876649632859757	FALSE	3.34149323111429	8.61907488773165	0.156105588160527	0.363230448336511	0.00537426250578047
H7_BCKRNDRETINOPAT	Background retinopathy and retinal vascular changes	VII Diseases of the eye and adnexa (H7_)	717	455449	456166	0.00157179623207341	0.00437481819521718	0.436944134405932	0.992011469429671	FALSE	3.35018946786462	8.65916511022902	0.15563731778056	0.36193527668704	0.00532114157431092
CD2_BENIGN_MALE_GEN	Benign neoplasm of male genital organs	II Neoplasms from hospital discharges (CD2_)	717	217567	218284	0.00328471166003922	0.855710027124103	0.438565862718508	0.0510385963157716	FALSE	3.35367023997149	8.67523462929483	0.155451085662749	0.361419815845235	0.0053001121028971
M13_BURSITISHIPOTH	Other bursitis of hip	XIII Diseases of the musculoskeletal system and connective tissue (M13_)	709	357549	358258	0.00197902070574837	-0.107807611449945	0.733992344896492	0.883228011818959	FALSE	3.37389127585336	8.768847262634	0.154382531959699	0.358458193136448	0.00518051103350041
L12_NAILNAS	Other and unspecified nail disorders	XII Diseases of the skin and subcutaneous tissue (L12_)	708	476404	477112	0.00148392830195007	-0.256292784867907	0.441358284957984	0.561448726963798	FALSE	3.37577028320456	8.7775685050408	0.154284378904246	0.358185806687602	0.00516961526821541
AB1_VIRAL_ENCEPHALITIS_NOS	Viral encephalitis, not elsewhere classified/unspecified	I Certain infectious and parasitic diseases (AB1_)	704	497501	498205	0.00141307293182525	-0.458311620022762	0.441848578454373	0.299614951474658	FALSE	3.38729499124313	8.83114280327053	0.153686538694398	0.356525485056003	0.00510357702259543
M13_DEFORMDORSONAS	Other specified/unspecified deforming dorsopathies	XIII Diseases of the musculoskeletal system and connective tissue (M13_)	704	353224	353928	0.00198910512872675	0.241164498552921	0.443020998710246	0.586191300138458	FALSE	3.38848765877535	8.83669528087215	0.153625076150324	0.356354670394758	0.00509681954890172
L12_PYODERMA	Pyoderma	XII Diseases of the skin and subcutaneous tissue (L12_)	703	470507	471210	0.00149190382207508	0.443180143505745	0.444262867014909	0.31849137018093	FALSE	3.39039787712616	8.84559152314922	0.153526793336633	0.35608147930236	0.00508602616986935
L12_PEMPHIGOID_BULL	Bullous pemphigoid	XII Diseases of the skin and subcutaneous tissue (L12_)	701	498266	498967	0.00140490252862414	0.540556109414535	0.444508469796122	0.223955948516597	FALSE	3.39612304585647	8.8722782839702	0.153233385607488	0.355265568768946	0.00505389406936288
H7_OPTNERVNAS	Disorders of optic nerve, not elsewhere classified	VII Diseases of the eye and adnexa (H7_)	694	496621	497315	0.00139549380171521	-0.285982425598624	0.634612976343736	0.65224853963735	FALSE	3.41705567100051	8.9701525304225	0.152175195179648	0.352318703925567	0.00493912181669678
K11_DISOESINOTH	Disorders of oesophagus in diseases classified elsewhere	XI Diseases of the digestive system (K11_)	691	423785	424476	0.0016278894448685	-0.13430549138179	0.44632100844666	0.763477936197001	FALSE	3.42666363294135	9.01523438052457	0.151697022697225	0.350984913367423	0.0048878283991431
AB1_RESP_TUBERCU_CONF	Respiratory tuberculosis, confirmed	I Certain infectious and parasitic diseases (AB1_)	689	497285	497974	0.00138360637302349	0.361962292443876	0.707145363328115	0.608746157146513	FALSE	3.43227197774589	9.04159543375305	0.151420056261145	0.350211742331249	0.0048582797307551
E4_THYROIDITAUTOIM	Autoimmune thyroiditis	IV Endocrine, nutritional and metabolic diseases (E4_)	688	424208	424896	0.00161921976201235	-0.160979368153888	0.446691665288876	0.718561933389946	FALSE	3.43584864190986	9.05842460399582	0.151244244489209	0.349720718172567	0.00483958423595561
C3_TESTIS_EXALLC	Malignant neoplasm of testis, excluding all cancers (controls excluding all cancers)	II Neoplasms, from cancer register (ICD-O-3)	687	156671	157358	0.00436584094866483	-0.32148530514925	0.444963932633732	0.469988694671949	FALSE	3.44479519000411	9.10058080145181	0.150807249219672	0.348499452029896	0.00479332075743241
O15_PREG_VENOUS_HAEMORRH	Venous complications and haemorrhoids in pregnancy	XV Pregnancy, childbirth and the puerperium (O15_)	685	237906	238591	0.00287102195807889	0.0233823577738785	0.449417383379097	0.95850625847162	FALSE	3.44781249364837	9.11481777111555	0.150660755812628	0.34808979885368	0.00477787746648297
F5_PARAPER	Paranoid personality disorder	V Mental and behavioural disorders (F5_)	683	486464	487147	0.00140204086240909	0.211641652501674	0.774409788220289	0.784627124085785	FALSE	3.45091289750383	9.12945704163404	0.150510690547525	0.347670027661736	0.00476209170293686
K11_RETROG_MAXILLAE	Maxillary retrognathism	XI Diseases of the digestive system (K11_)	680	499668	500348	0.00135905409834755	-0.202302461763894	0.559605452633544	0.717718905868784	FALSE	3.46025183384133	9.1736154158128	0.150061481899232	0.346412692360534	0.00471504397113399
J10_RESPCONDEXT	Respiratory conditions due to other external agents	X Diseases of the respiratory system (J10_)	678	494595	495273	0.00136894197745486	-0.41316836625897	0.516249831599079	0.423521714539739	FALSE	3.46660962873296	9.20373132913393	0.149758062773101	0.345562759330432	0.00468343958099717
G6_ATROPHCIRCUM	Circumscribed brain atrophy	VI Diseases of the nervous system (G6_)	678	484548	485226	0.00139728703738052	1.15174736975286	0.44347594480641	0.00940170219619275	FALSE	3.46667079237243	9.20402126290663	0.149755153152013	0.345554606362757	0.00468313719074805
L12_PARAPSORI	Parapsoriasis	XII Diseases of the skin and subcutaneous tissue (L12_)	678	482181	482859	0.00140413661130889	0.215432951981556	0.451291286887398	0.63309862498278	FALSE	3.46668557309734	9.20409132852474	0.149754450043445	0.345552636194602	0.00468306412021827
Q17_CONGEN_DEFORMITI_HIP	Congenital deformities of hip	XVII Congenital malformations, deformations and chromosomal abnormalities (Q17)	671	496702	497373	0.00134908810892429	0.447618095111181	0.451066181905601	0.321024042689398	FALSE	3.48905996158929	9.31042235473527	0.148701882036864	0.342600054475903	0.00457451689158627
L12_LOCALDCONNECTISSUEOTH	Other localized connective tissue disorders	XII Diseases of the skin and subcutaneous tissue (L12_)	671	465673	466344	0.00143885200624432	-0.612027868346196	0.487175816232244	0.209015486821617	FALSE	3.48925593184918	9.31135604790502	0.148692765692378	0.342574454164176	0.00457358407999066
M13_PATELLARTEND	Patellar tendinitis	XIII Diseases of the musculoskeletal system and connective tissue (M13_)	671	353224	353895	0.00189604261150906	-0.512302420340531	0.452719601090909	0.257798069332202	FALSE	3.49025463989478	9.31611499584604	0.148646334183353	0.342444058853912	0.00456883501490296
E4_MALNUTRITION	Malnutrition	IV Endocrine, nutritional and metabolic diseases (E4_)	670	499678	500348	0.00133906800866597	0.454577004370203	0.55103592662395	0.409400063761154	FALSE	3.49229211770197	9.32582710705419	0.148551750533678	0.342178397867169	0.00455917095415736
E4_ACIDOSIS	Acidosis	IV Endocrine, nutritional and metabolic diseases (E4_)	670	420066	420736	0.00159244752053544	0.0924526097431099	0.453828572637584	0.838574631877279	FALSE	3.49284630306256	9.32846953037419	0.148526057069589	0.342106222718654	0.00455654806022559
F5_HYPERKIN	Hyperkinetic disorders (excl. ADHD)	V Mental and behavioural disorders (F5_)	666	490708	491374	0.00135538306870123	-0.333375511637381	0.575394017150694	0.562328427686095	FALSE	3.50544804362754	9.38864502731763	0.147945576958258	0.340474597392713	0.00449755503106213
G6_ALS	Motor neuron disease	VI Diseases of the nervous system (G6_)	667	216760	217427	0.00306769628427012	-0.09314545439656	0.460020588374894	0.83954066701417	FALSE	3.50592238577267	9.39091341698405	0.147923867208036	0.340413537841598	0.00449535853383874
H7_VASCCILIARY	Hyphaema and other vascular disorders of iris and ciliary body	VII Diseases of the eye and adnexa (H7_)	665	473095	473760	0.00140366430260047	-0.434872164302803	0.454938574568808	0.339126778534998	FALSE	3.50886081051535	9.40497086579442	0.147789605821307	0.340035862563175	0.0044817902583695
L12_HIRSUTISM	Hirsutism in women	XII Diseases of the skin and subcutaneous tissue (L12_)	661	267178	267839	0.00246790049246002	0.588385181417973	0.458266317693122	0.199163923188558	FALSE	3.52455898947009	9.48022774401216	0.147078830127709	0.338034753077101	0.00441040961051486
E4_OVARFAIL	Primary ovarian failure	IV Endocrine, nutritional and metabolic diseases (E4_)	655	267780	268435	0.00244006929051726	-0.179811358560828	0.458190541805814	0.694734647636046	FALSE	3.54484481727437	9.57786832017871	0.146176260080731	0.335489547332284	0.00432085241479508
M13_OVERLAP	Other overlap syndromes	XIII Diseases of the musculoskeletal system and connective tissue (M13_)	653	484260	484913	0.00134663331360471	-0.284365505595696	0.679300632229337	0.675497448442227	FALSE	3.54925179957301	9.5991383642075	0.145982511062429	0.334942586069176	0.00430178523123619
K11_CHOLANGI_STRICT	Cholangitis (primary sclerosing, PSC), with reimbursement 202	Gastrointestinal endpoints	653	470875	471528	0.00138485943570689	-0.718332127937794	0.457080307993824	0.116051106470134	FALSE	3.54933785067076	9.59955389142413	0.145978736083568	0.334931927059607	0.00430141428020793
I9_CARDMYOHYP	Cardiomyopathy, Hypertrophic obstructive	IX Diseases of the circulatory system (I9_)	653	375343	375996	0.00173672060341067	0.493492727344443	0.457963742853622	0.281221078176819	FALSE	3.55013025803925	9.60338067388796	0.145943988626653	0.334833810577234	0.00429800078533478
O15_BREAST_LACT_OTHER_DIS	Other disorders of breast and lactation associated with childbirth	XV Pregnancy, childbirth and the puerperium (O15_)	652	270228	270880	0.00240696987595983	0.212485289593351	0.461842004628763	0.645457213756157	FALSE	3.55509367649296	9.62736583245451	0.145726941598678	0.33422078117864	0.00427671903812253
L12_DERMATHERP	Dermatitis herpetiformis	XII Diseases of the skin and subcutaneous tissue (L12_)	651	498266	498917	0.00130482625366544	0.0096551310437	0.461251556730108	0.983299530738629	FALSE	3.55606503337457	9.63206288403001	0.145684585764585	0.334101120250839	0.00427257410022453
AB1_ZOONOTIC_BACTERIAL	Certain zoonotic bacterial diseases	I Certain infectious and parasitic diseases (AB1_)	650	499698	500348	0.00129909582930281	0.917179552273127	0.461340024813233	0.0468031603398411	FALSE	3.55952274841547	9.64879104089387	0.145534132701488	0.333675988986737	0.00425787216076791
C3_BONE_CARTILAGE_EXALLC	Malignant neoplasm of bone and articular cartilage, excluding all cancers (controls excluding all cancers)	II Neoplasms, from cancer register (ICD-O-3)	648	378749	379397	0.00170797344206728	0.0342322845888731	0.460458676361991	0.940736762407133	FALSE	3.56742713809874	9.6870798156549	0.145192060339507	0.332708933678814	0.00422456962819873
G6_HCOTHUNS	Other and unspecified hydrocephalus	VI Diseases of the nervous system (G6_)	647	497451	498098	0.00129894117221912	0.445002886226268	0.791683384161255	0.574049905510056	FALSE	3.57000310777153	9.69957219393862	0.145081139239297	0.332395214251925	0.00421380780892252
Q17_CHROMOSOMAL_ABNORMALITI_NOT_ELSEW_CLASSIFIED	Chromosomal abnormalities, not elsewhere classified	XVII Congenital malformations, deformations and chromosomal abnormalities (Q17)	646	499702	500348	0.00129110139343017	0.902815620779197	0.461809664461305	0.0505887632390015	FALSE	3.57350192139576	9.71655132218534	0.144930916399567	0.331970228116117	0.00419926163272525
K11_ACHAL	Achalasia of cardia	XI Diseases of the digestive system (K11_)	646	423785	424431	0.00152203773993888	-0.234675184625204	0.462083606046422	0.611549396652819	FALSE	3.5740282286461	9.71910652916183	0.144908362516713	0.331906411489906	0.00419708058291733
F5_SCHIZPER	Schizoid personality disorder	V Mental and behavioural disorders (F5_)	645	486464	487109	0.00132413895041972	-0.401279798266041	0.474525365092542	0.397751053903851	FALSE	3.57710562746123	9.73405313052986	0.14477671251354	0.331533849003239	0.00418436438093692
M13_TORTICOLLIS	Torticollis	XIII Diseases of the musculoskeletal system and connective tissue (M13_)	643	353224	353867	0.00181706686410431	0.888494117819688	0.462902833560235	0.0549341628333349	FALSE	3.58532742974335	9.77403510440137	0.144426869650374	0.330543345241179	0.00415069598092264
F5_SLEEPWAKE	Disorder of the sleep-wake schedule	V Mental and behavioural disorders (F5_)	633	490763	491396	0.00128816677384431	-0.694142739673343	0.466711371577472	0.136933944687891	FALSE	3.62029378791445	9.94487841637497	0.142968997056472	0.32640843185408	0.00401231113531986
H7_OPTATROPHY	Optic atrophy	VII Diseases of the eye and adnexa (H7_)	629	496621	497250	0.00126495726495727	0.502084307728422	0.468392663548722	0.283751320955829	FALSE	3.63505592221997	10.0173959450357	0.142367700150115	0.324699606536877	0.00395613041610878
H7_IRIDOCYCLITISINOTH	Iridocyclitis in diseases classified elsewhere	VII Diseases of the eye and adnexa (H7_)	629	473095	473724	0.00132777735559102	-0.999064842485761	0.466502661181915	0.0322252101327513	FALSE	3.63520347879883	10.0181219719631	0.142361731391194	0.32468263407182	0.00395557534796285
O15_DELIV_OTHER_ASSIST	Other assisted single delivery	XV Pregnancy, childbirth and the puerperium (O15_)	628	119890	120518	0.00521083987454156	-0.45690962817053	0.469283445778014	0.330239028929149	FALSE	3.64811581792506	10.0817445460835	0.14184256588643	0.323205622553008	0.00390749086778634
J10_PULMOEDEMA	Pulmonary oedema	X Diseases of the respiratory system (J10_)	625	493301	493926	0.00126537173584707	-0.489141413864043	0.469082624715667	0.297058655402636	FALSE	3.65007667912475	10.0914217316418	0.141764266278246	0.322982735877428	0.00390027236501199
G6_CP	Cerebral palsy	VI Diseases of the nervous system (G6_)	624	495687	496311	0.00125727618368322	0.5413055629308	0.662280937624036	0.413736861325567	FALSE	3.65384474079582	10.1100292250412	0.141614199742734	0.322555465964858	0.00388646211367188
AB1_HELMINTIASES	Helminthiases	I Certain infectious and parasitic diseases (AB1_)	622	499726	500348	0.00124313477819438	1.37187019415284	0.453318577555744	0.00247580659971258	FALSE	3.66142477404089	10.1475067188859	0.141313889797072	0.321700058473191	0.00385892189640399
Q17_CONGEN_MALFO_BREAST	Congenital malformations of breast	XVII Congenital malformations, deformations and chromosomal abnormalities (Q17)	620	496855	497475	0.00124629378360722	0.1062015091224	0.471141381858701	0.821657806465496	FALSE	3.66909865872716	10.1855103632477	0.141011982621537	0.320839613227281	0.00383136474985859
VD_MI	Vascular dementia (multiple infarctions)	Neurological endpoints	620	474702	475322	0.00130437892628576	0.441597786718242	0.47757632806511	0.3551405487483	FALSE	3.66923736258057	10.1861978460898	0.141006545213973	0.320824111961243	0.00383086962905097
M13_CRYSTALARTH	Other crystal arthropathies	XIII Diseases of the musculoskeletal system and connective tissue (M13_)	620	315115	315735	0.00196367206676485	-0.212821641874384	0.534704766800109	0.690617579192218	FALSE	3.67081293181956	10.1940085559431	0.140944828844957	0.320648156387758	0.00382525278998965
G6_CAUSALGIA	Causalgia	VI Diseases of the nervous system (G6_)	616	435371	435987	0.001412886164037	0.257690442724656	0.788882312153244	0.743930669851652	FALSE	3.684992867421	10.2644224943074	0.140393364682795	0.319075009259314	0.00377530366551075
H7_LACRIMINFLAMACU	Inflammation of lacrimal passages (acute and unspecified)	VII Diseases of the eye and adnexa (H7_)	615	453930	454545	0.00135300135300135	0.306255202350621	0.472779176202153	0.517129568463425	FALSE	3.68875647319165	10.283147399336	0.140248187824561	0.318660597690626	0.00376222581552172
N14_ENDOMETRIOSIS_INTESTINE	Endometriosis of intestine	XIV Diseases of the genitourinary system (N14_)	617	130160	130777	0.00471795499208576	-0.557513566113472	0.523208093517758	0.286619174850814	FALSE	3.68906572327838	10.2846866653805	0.140236280894206	0.318626604040873	0.00376115453497194
E4_VIT_D_DEF	Vitamin D deficiency	IV Endocrine, nutritional and metabolic diseases (E4_)	614	467142	467756	0.00131265018513926	0.158783265895847	0.606972739689308	0.79363086383236	FALSE	3.69258043160293	10.3021879488394	0.140101189948173	0.318240873892232	0.0037490142668658
N14_OVAR_HYPERSTIM	Ovarian hyperstimulation (induction)	XIV Diseases of the genitourinary system (N14_)	614	263875	264489	0.00232145760315174	0.302880995510832	0.478377463036949	0.526640737316533	FALSE	3.69501938025488	10.3143402431113	0.140007699375985	0.317973870136159	0.00374062759654431
L12_PYOGENGRANUL	Pyogenic granuloma	XII Diseases of the skin and subcutaneous tissue (L12_)	611	465673	466284	0.00131036020965763	5.99401980298848e-05	0.474219359528904	0.999899149291375	FALSE	3.70442150567077	10.3612461940164	0.139649217703997	0.31694963796936	0.00370858378540748
H8_PERCHRONDR	Perichondritis of external ear	VIII Diseases of the ear and mastoid process (H8_)	610	485292	485902	0.001255397178855	-1.63373900749205	0.614987313997332	0.00789468529679211	FALSE	3.70826453931711	10.3804455276111	0.139503565058168	0.316533294059366	0.00369561590331592
F5_HABIT	Habit and impulse disorders	V Mental and behavioural disorders (F5_)	607	486464	487071	0.00124622488302527	-0.431344468165903	0.479071167578217	0.367919870199374	FALSE	3.72025639564671	10.4404558903654	0.13905229136907	0.315242631939652	0.00365562670185405
H7_APHAKIA	Aphakia	VII Diseases of the eye and adnexa (H7_)	607	409535	410142	0.00147997522809173	-0.682992944118075	0.477233545928764	0.152387136942168	FALSE	3.72082849722028	10.4433226378782	0.139030883352139	0.315181377508429	0.00365373673885909
H7_PARASTRA3	Third [oculomotor] nerve palsy	VII Diseases of the eye and adnexa (H7_)	606	476776	477382	0.00126942364814761	-0.0238049755258205	0.476981694642664	0.960196081236903	FALSE	3.7243465029198	10.4609586456902	0.138899480510974	0.314805343931729	0.0036421501510904
CMV_NOS	Other/unspecified cytomegaloviral diseases	I Certain infectious and parasitic diseases (AB1_)	604	499622	500226	0.00120745423068773	0.307313690018809	0.508246792216981	0.545408612439673	FALSE	3.73230391835874	10.5008980073547	0.138603779087237	0.313958808972102	0.00361616457906606
C3_AML_MDS	Acute myeloid leukaemia and myelodysplastic syndromes	II Neoplasms, from cancer register (ICD-O-3)	602	499746	500348	0.00120316259883121	0.210826077222618	0.932010095396946	0.821041369799475	FALSE	3.74046081932696	10.5419080895954	0.138302834274208	0.313096794501442	0.00358984340943785
F5_PHYSBEHOTH	Unspecified behavioural syndromes associated with physiological disturbances and physical factors +Physiological and behavioural factors associated with disorders of diseases classified elsewhere	V Mental and behavioural disorders (F5_)	601	484901	485502	0.00123789397366025	0.900413175988728	0.58988026123744	0.126901862284316	FALSE	3.7446525256876	10.5630098906505	0.138149030260856	0.312656062259793	0.00357644009784875
Q17_CLEFT_LIP_CLEFT_PALATE	Cleft lip, lip and palate or palate	XVII Congenital malformations, deformations and chromosomal abnormalities (Q17)	600	499748	500348	0.0011991653808949	-0.137136337933693	0.479473008355691	0.774866847845774	FALSE	3.74867717939353	10.5832881848244	0.138001893064644	0.312234319057026	0.00356364852542974
H8_MIDDLEADDH	Adhesive middle ear disease	VIII Diseases of the ear and mastoid process (H8_)	600	465154	465754	0.00128823370277013	-0.192023279064514	0.479024207863667	0.68852068791485	FALSE	3.74889806608957	10.5844016218858	0.137993832855045	0.312211212621186	0.00356294866830264
K11_ORAL_LEUCOPLACIA	Oral leukoplakia	XI Diseases of the digestive system (K11_)	596	499752	500348	0.00119117094502226	0.787706828205598	0.759186963145336	0.299472001922184	FALSE	3.76528871722264	10.6671667103509	0.137400102670264	0.31050822460497	0.00351164334599808
Q17_ANKYLOGLOSSIA	Ankyloglossia	XVII Congenital malformations, deformations and chromosomal abnormalities (Q17)	594	499754	500348	0.00118717372708595	-0.894268355860694	0.522530123048415	0.0870036597536061	FALSE	3.77368522628643	10.7096749529819	0.137099253853524	0.309644610071237	0.00348583238843486
CHARCOT	Charcot foot	Comorbidities of Diabetes	594	360342	360936	0.00164572112507481	-0.110337268181284	0.481410480827017	0.81871672406875	FALSE	3.77483620337936	10.715507695401	0.137058186603538	0.309526686622243	0.00348231875031983
Q17_CONGEN_MALFO_RESPI_SYSTEM	Congenital malformations of the respiratory system	XVII Congenital malformations, deformations and chromosomal abnormalities (Q17)	585	499763	500348	0.00116918624637253	-0.493246729517516	0.48411326591296	0.308266407838119	FALSE	3.81223938122628	10.9058135319346	0.135745822523925	0.305753734222236	0.00337125379882957
Q17_OTHER_SPECIFE_CONGEN_MALFO_SYNDR_AFFECTING_MULTIPLE_SYSTEMS	Other specified congenital malformation syndromes affecting multiple systems	XVII Congenital malformations, deformations and chromosomal abnormalities (Q17)	585	496855	497440	0.0011760212286909	0.166629949811675	0.48669527307807	0.732072324487912	FALSE	3.81225683644624	10.9059026873023	0.135745219963521	0.305751999894503	0.00337120334505063
E4_DISPUB	Disorders of puberty	IV Endocrine, nutritional and metabolic diseases (E4_)	585	479069	479654	0.00121962914934515	0.00531822069160629	0.604481699852312	0.992980314473815	FALSE	3.81236820872282	10.9064715468223	0.13574137556674	0.30574093466361	0.00337088145644109
DRUGADVERS_ADRENOCORTICAL_INSUFFICIENCY	Drug-induced adrenocortical insufficiency	IV Endocrine, nutritional and metabolic diseases (E4_)	581	499767	500348	0.00116119181049989	-0.740483803699125	0.485502858411874	0.12721186864929	FALSE	3.8297905056986	10.9956206132769	0.135144504473598	0.304022071477432	0.00332114962211872
D3_SPLEENDISEASE	Diseases of spleen	III Diseases of the blood and blood-forming organs and certain disorders involving the immune mechanism (D3_)	580	491224	491804	0.00117933160364698	0.164189147570305	0.484380731619394	0.734634490477149	FALSE	3.83427130031709	11.0186002275573	0.134992435447898	0.30358385835692	0.00330855636087361
H8_EXT_NONINF	Acute otitis externa, noninfective	VIII Diseases of the ear and mastoid process (H8_)	577	485292	485869	0.00118756290275774	-0.824788841023951	0.489864034706367	0.0922377802335278	FALSE	3.8476951512946	11.0875703106789	0.134540329108199	0.302280352583107	0.00327130086511197
E4_HYPODRUG	Drug-induced hypoglycaemia without coma	IV Endocrine, nutritional and metabolic diseases (E4_)	575	496961	497536	0.00115569526627219	0.342347395905996	0.488018426008246	0.48298787706107	FALSE	3.85663165238627	11.1335898858101	0.134242208148863	0.301420257472385	0.00324688527203397
J10_HYPERSPNEUMONI	Hypersensitivity pneumonitis due to organic dust	X Diseases of the respiratory system (J10_)	575	494595	495170	0.00116121735969465	0.509747553525908	0.488706260466677	0.296922777876663	FALSE	3.85664604217036	11.1336640553281	0.134241729929736	0.301418877429444	0.00324684620281934
K11_EROSION	Erosion of teeth	XI Diseases of the digestive system (K11_)	577	114335	114912	0.00502123363965469	-0.0274630072152089	0.490392140521567	0.955340105765501	FALSE	3.85768681238192	11.139029091968	0.134207157243446	0.301319104695258	0.00324402252230691
F5_DISPER	Dissocial personality disorder	V Mental and behavioural disorders (F5_)	573	486464	487037	0.00117650199060852	1.13740069315163	0.503248342589956	0.0238139214231691	FALSE	3.86577379131702	11.1807551642228	0.133939557507769	0.300546642692203	0.00322222097815655
E4_AMYLNAS	Amyloidosis, other/unspecified	IV Endocrine, nutritional and metabolic diseases (E4_)	573	420066	420639	0.00136221320419647	0.17183117777376	0.494398666402993	0.728173723896746	FALSE	3.86625983171693	11.1832651542556	0.133923532612389	0.300500373463197	0.00322091846919284
L12_DYSHIDROSIS	Dyshidrosis [pompholyx]	XII Diseases of the skin and subcutaneous tissue (L12_)	572	432874	433446	0.00131965688920881	0.553208939283718	0.937513678219404	0.555136395945272	FALSE	3.8707190997269	11.2063050918047	0.133776816008643	0.3000766945924	0.00320900930154755
M13_PERONEALTEND	Peroneal tendinitis	XIII Diseases of the musculoskeletal system and connective tissue (M13_)	570	353224	353794	0.00161110702838375	0.327597178805678	0.513028122480335	0.523111821647361	FALSE	3.88068064186907	11.2578492531884	0.133451052561007	0.299135596097256	0.00318266973075753
N14_FEMGENFISTUL	Fistulae involving female genital tract	XIV Diseases of the genitourinary system (N14_)	571	130160	130731	0.00436774751206676	0.566738637823353	0.493538492215015	0.250837726128664	FALSE	3.88334508040622	11.271653534315	0.133364381691518	0.298885124557329	0.00317568586127922
CD2_BENIGN_BRAIN_SUPRATENT	Benign neoplasm: Brain, supratentorial	II Neoplasms from hospital discharges (CD2_)	569	499779	500348	0.00113720850288199	0.206291705544192	0.492368241766458	0.675231848036948	FALSE	3.88405464471738	11.2753309951565	0.133341333139134	0.298818509965104	0.0031738303157146
KRA_PSY_MOTOR_EXMORE	Motor disorders (more control exclusions)	Psychiatric endpoints from Katri Räikkönen	566	362304	362870	0.00155978725163282	-0.417621618901848	0.729649037817761	0.567078391504543	FALSE	3.89915050230746	11.3536933421832	0.132854212832106	0.297410033201117	0.00313477987285942
H7_LACRIMINFLAMCHRON	Inflammation of lacrimal passages (chronic)	VII Diseases of the eye and adnexa (H7_)	563	453930	454493	0.00123874295093654	-0.621168600484585	0.496787518330443	0.211164130747841	FALSE	3.91243545080527	11.4228527226317	0.132430577646948	0.296184178268966	0.00310107525642444
N14_VULVAL_HSIL	HSIL lesion of the vulva	XIV Diseases of the genitourinary system (N14_)	563	281501	282064	0.00199600090759544	0.0618934951799123	0.549136386867765	0.910259992117443	FALSE	3.91446044643458	11.4334107608506	0.132366413996322	0.295998434632773	0.00309599111482886
I9_HEARTFAIL_AND_HYPERTCARDIOM	Heart failure and hypertrophic cardiomyopathy	Cardiometabolic endpoints	561	498972	499533	0.00112304892769847	-0.0150891814112043	0.493005434088301	0.975583341193957	FALSE	3.92164185901359	11.4708882082216	0.132139731749536	0.295342065653535	0.00307807308880518
G6_MENINGOTH	Other meningitis	VI Diseases of the nervous system (G6_)	560	497087	497647	0.0011252956412879	0.242270821696486	0.721933170490401	0.737182919000859	FALSE	3.92643347160082	11.495924074379	0.131989231698429	0.294906148549441	0.00306621436834359
G6_MYASTHENIA	Myasthenia gravis	VI Diseases of the nervous system (G6_)	560	495667	496227	0.00112851578007646	-0.365533412035156	0.494699775071491	0.459968031403876	FALSE	3.92644212793872	11.4959693249126	0.13198896035003	0.294905362501426	0.00306619301432551
G6_TRIOTHUNS	Other and unspecified trigeminal disorders	VI Diseases of the nervous system (G6_)	559	435371	435930	0.00128231596816003	-0.282828741265623	0.494811474097102	0.567600523903057	FALSE	3.93166082207096	11.5232640251765	0.131825723512149	0.294432430116903	0.00305336453855134
K11_ASYMMETRY_JAW	Asymmetry of jaw	XI Diseases of the digestive system (K11_)	558	499790	500348	0.00111522380423225	0.340995198941134	0.495647189995849	0.491465572784845	FALSE	3.93603366285953	11.5461566849461	0.131689484156146	0.294037617079279	0.00304268462687837
M13_DISCITIS	Discitis, unspecified	XIII Diseases of the musculoskeletal system and connective tissue (M13_)	557	353224	353781	0.00157442033348314	-0.189848372427414	0.497872838022161	0.702966557272621	FALSE	3.9421185050774	11.5780452520573	0.131500719892586	0.293490442858901	0.00302792761151124
E4_THYROIDITNAS	Thyroiditis, unspecified	IV Endocrine, nutritional and metabolic diseases (E4_)	556	424208	424764	0.00130896215310149	0.134785761492173	0.496805069777243	0.786156365164333	FALSE	3.94626197076639	11.599781872085	0.131372719989777	0.29311931016836	0.00301794761207822
J10_EPIGLOTTITIS	Acute epiglottitis	X Diseases of the respiratory system (J10_)	556	402652	403208	0.00137894089402988	0.362648416080152	0.496216515991671	0.464884843827768	FALSE	3.94645178184415	11.6007780505594	0.131366866762701	0.293102337000014	0.00301749175731498
C3_EYE_ADNEXA_EXALLC	Malignant neoplasm of eye and adnexa, excluding all cancers (controls excluding all cancers)	II Neoplasms, from cancer register (ICD-O-3)	554	378749	379303	0.00146057373656417	-1.03890695449649	0.497792180119644	0.0368854698686206	FALSE	3.9564568266836	11.6533404203312	0.131059624194638	0.29221116628124	0.00299362649446894
K11_MN_PROGN	Mandibular prognathia	XI Diseases of the digestive system (K11_)	553	499795	500348	0.00110523075939146	-0.206299021624256	0.498169469992148	0.678790517785198	FALSE	3.96040773390524	11.6741256385217	0.130938987022405	0.291861129766292	0.00298428972781683
D3_HAEMORRHAGICNAS	Other and unspecified haemorrhagic conditions	III Diseases of the blood and blood-forming organs and certain disorders involving the immune mechanism (D3_)	553	492275	492828	0.0011220953354923	0.176383666395203	0.724303512594727	0.807601230095234	FALSE	3.96045374913049	11.6743678147334	0.13093758428129	0.291857059215463	0.00298418127402321
M13_BURSCYSTOTH	Other bursal cyst	XIII Diseases of the musculoskeletal system and connective tissue (M13_)	553	357549	358102	0.0015442527548017	-0.339760016393545	0.499640688825429	0.496498950789698	FALSE	3.96160616554623	11.6804336550161	0.130902470853177	0.291755162102706	0.00298146729594942
CD2_BENIGN_NOS	Benign neoplasm: Other/unspecified site	II Neoplasms from hospital discharges (CD2_)	551	499797	500348	0.00110123354145515	0.623439752200801	0.500138886933913	0.212568690102797	FALSE	3.9702928950822	11.7262015789206	0.130638849236477	0.290989960646104	0.00296114296266133
G6_GUILBAR	Guillain-Barre syndrome	VI Diseases of the nervous system (G6_)	551	491583	492134	0.00111961376373102	-0.430910707054513	0.497629308620384	0.386530137381267	FALSE	3.97034326188853	11.7264671769638	0.130637326148232	0.290985538695639	0.00296102580127642
CD2_BENIGN_BONE_SHORT_UPPER	Benign neoplasm: Short bones of upper limb	II Neoplasms from hospital discharges (CD2_)	550	499798	500348	0.00109923493248699	-0.165867619742271	0.4989617464317	0.739567968392373	FALSE	3.97526498971719	11.7524335664683	0.130488793523738	0.290554254274062	0.00294961467015962
R18_ANOREXIA	Anorexia	XVIII Symptoms, signs and abnormal clinical and laboratory findings, not elsewhere classified (R18_)	546	499802	500348	0.00109124049661436	0.607253645763218	0.524222326932545	0.246705117008951	FALSE	3.99535294541938	11.8586768869495	0.129888659092046	0.288810623924799	0.00290380113298128
ESOSINOPHIL_DISEASE	Eosinophilic disease (BM)	III Diseases of the blood and blood-forming organs and certain disorders involving the immune mechanism (D3_)	546	272877	273423	0.00199690589306679	-0.21124759968461	0.501512099014302	0.673593460982191	FALSE	3.99786419649606	11.8719882303911	0.129814316174893	0.288594510261496	0.002898158421807
G6_HCOBSTR	Obstructive hydrocephalus	VI Diseases of the nervous system (G6_)	544	497451	497995	0.0010923804455868	-0.111591612226788	0.504199553707745	0.824839932071779	FALSE	4.00553268364402	11.9126770957013	0.129588225158201	0.287937108442387	0.00288104182035584
C3_GBM_ASTROCYTOMA_EXALLC	Brain glioblastoma and astrocytoma, excluding all cancers (controls excluding all cancers)	II Neoplasms, from cancer register (ICD-O-3)	544	378749	379293	0.00143424740240395	-0.169317733724584	0.500052892027798	0.734911347051604	FALSE	4.00648419376532	11.9177300631363	0.129560268571141	0.287855802862921	0.00287892991205807
CD2_BENIGN_MENINGES_NOS	Beningn neoplasm: Meninges, unspecified	II Neoplasms from hospital discharges (CD2_)	540	499808	500348	0.00107924884280541	0.385530909472809	0.504933621049751	0.445148627292838	FALSE	4.02609724760636	12.022094526218	0.12898872530491	0.286192798076345	0.00283597516373933
K11_ALCGASTR	Alcoholic gastritis	XI Diseases of the digestive system (K11_)	540	423785	424325	0.00127260943852	-0.82547401233932	0.508698004580418	0.104649447903243	FALSE	4.02664008719149	12.0249887617234	0.128973033252016	0.286147117941219	0.0028348017494184
M13_WEGENER	Wegener granulomatosis	XIII Diseases of the musculoskeletal system and connective tissue (M13_)	537	484260	484797	0.00110768012178293	0.347569742358929	0.505871638583234	0.492037975737793	FALSE	4.04184970782123	12.1062058299622	0.128536102478672	0.284874740236981	0.00280225606325891
F5_PERSBEHORG	Personality and behavioural disorders due to brain disease, damage and dysfunction	V Mental and behavioural disorders (F5_)	537	469981	470518	0.00114129533832925	-0.106610823371225	0.508562900057438	0.833955262050509	FALSE	4.04194469989299	12.106713828831	0.128533390135069	0.284866838927653	0.0028020547932604
CD2_BENIGN_SMALL_INTESTINE_OTH	Benign neoplasm: Other and unspecified parts of small intestine	II Neoplasms from hospital discharges (CD2_)	535	499813	500348	0.00106925579796462	0.345731429085403	0.579720684288138	0.550924154790778	FALSE	4.05229645475312	12.1621291529525	0.128239029281354	0.28400913774795	0.00278026762876697
H7_LENSDISLOCATIO	Dislocation of lens	VII Diseases of the eye and adnexa (H7_)	535	409535	410070	0.00130465530275319	0.027425224439555	0.5665139711241	0.961389091552173	FALSE	4.05296473671951	12.1657104451226	0.128220108619134	0.283953993625409	0.00277887100142112
F5_SEXDYS	Sexual dysfunction	V Mental and behavioural disorders (F5_)	534	484901	485435	0.00110004429017273	-0.203327256796294	0.510345376732829	0.690327185961039	FALSE	4.05769431222835	12.1910692781106	0.128086487269017	0.283564508657161	0.0027690207610279
AB1_OTHER_MYCOBAC	Infection due to other mycobacteria	I Certain infectious and parasitic diseases (AB1_)	534	439048	439582	0.00121479041453017	0.940053719145949	0.506903284308728	0.0636672150869804	FALSE	4.05802077900854	12.1928205705601	0.12807728217233	0.283537674263029	0.00276834302250351
Q17_OTHER_CONGEN_MALFO_TONGUE_MOUTH_PHARYNX	Other congenital malformations of tongue, mouth and pharynx	XVII Congenital malformations, deformations and chromosomal abnormalities (Q17)	531	498691	499222	0.00106365504725353	-0.689609666110382	0.512961387215177	0.178828917351842	FALSE	4.07365362205771	12.2768105981606	0.127639246543336	0.282260281171423	0.00273621678944605
VD_MX	Vascular dementia (mixed)	Neurological endpoints	531	474702	475233	0.00111734664890696	2.02896767161886	0.526620029932652	0.000116769315979934	FALSE	4.07380739593138	12.2776380332498	0.127634964358603	0.282247789223974	0.00273590393190018
AB1_OTHER_CONDITIONS	Human immunodeficiency virus [HIV] disease resulting in other conditions	I Certain infectious and parasitic diseases (AB1_)	530	499754	500284	0.0010593982617873	-0.948880198677087	0.896983732228995	0.290120804939066	FALSE	4.07904018015322	12.3058095120685	0.127489551822463	0.281823543890875	0.00272529387477251
F5_OTHRET	Other and unspecified mental retardation	V Mental and behavioural disorders (F5_)	530	498826	499356	0.00106136704074848	-0.344552626773566	0.510368860575113	0.499608986054319	FALSE	4.07904583119902	12.3058399506741	0.127489395107977	0.281823086620141	0.00272528245454461
I9_STENOSIS	Occlusion and stenosis of arteries, not leading to stroke	IX Diseases of the circulatory system (I9_)	529	453828	454357	0.00116428271161223	-1.08386904275263	0.512865200707422	0.0345699264729379	FALSE	4.08476318765302	12.3366526962391	0.127331195048675	0.28136142457989	0.00271376985397569
H8_VERTIGOCENT	Vertigo of central origin	VIII Diseases of the ear and mastoid process (H8_)	528	474839	475367	0.00111072076942657	-0.733876584566605	0.50628388641013	0.147188028728081	FALSE	4.09005327304012	12.365192923445	0.127185443841576	0.280935991031866	0.00270319125223112
CD2_BENIGN_PERIPH_AUTO_NEURO	Benign neoplasm: Peripheral nerves and autonomic nervous system	II Neoplasms from hospital discharges (CD2_)	527	499821	500348	0.00105326692621935	0.336857897570716	1.26609314356975	0.790192297317971	FALSE	4.09535420041184	12.3938207410371	0.127039993933581	0.280511341603538	0.00269266131589908
Q17_CONGEN_MALFO_MUSCULOS_SYSTEM_NOT_ELSEW_CLASSIFIED	Congenital malformations of the musculoskeletal system, not elsewhere classified	XVII Congenital malformations, deformations and chromosomal abnormalities (Q17)	526	496702	497228	0.00105786480246487	-0.113532979581515	0.512209793002679	0.824583804180476	FALSE	4.10085703732738	12.4235697810367	0.126889635428463	0.280072261350512	0.00268180412157995
O15_PREG_HYDAT	Hydatidiform mole	XV Pregnancy, childbirth and the puerperium (O15_)	524	199279	199803	0.00262258324449583	-0.778510650540537	0.513936502542874	0.129823239663053	FALSE	4.11646664003088	12.5081279655946	0.126466587403862	0.278836324328454	0.00265140931356993
K11_TOXLIV	Toxic liver disease	XI Diseases of the digestive system (K11_)	520	485213	485733	0.00107054698774841	-0.699691387978515	0.746101033037249	0.348348689728482	FALSE	4.13432121767137	12.6051565462489	0.125988888732165	0.277439767716571	0.00261735845761888
G6_MONOPLE	Monoplegia	VI Diseases of the nervous system (G6_)	518	495687	496205	0.00104392337844238	-0.977753012167335	0.613946189804224	0.111256421601287	FALSE	4.14557531358397	12.6664850055762	0.125691124263604	0.27656873994136	0.00259627810982689
H7_CONVERGINSUFF	Convergence insufficiency and excess	VII Diseases of the eye and adnexa (H7_)	515	476776	477291	0.00107900630852038	0.34778379217674	0.525996880653642	0.508490577517047	FALSE	4.16286056730099	12.7609347728968	0.125238726523066	0.275244629841497	0.00256446220246562
CREST	CR(E)ST syndrome	Rheuma endpoints	514	499834	500348	0.0010272850096333	0.285200996803517	1.00324312788649	0.776196544778719	FALSE	4.16848308009107	12.7917237197855	0.125092845265812	0.274817463382012	0.00255425708188237
H7_HEREDRETINADYST	Hereditary retinal dystrophy	VII Diseases of the eye and adnexa (H7_)	514	455449	455963	0.00112728445071201	0.346991214793191	0.721497794073704	0.630564988596416	FALSE	4.16878095375994	12.7933557899066	0.125085133950973	0.274794880690563	0.00255371837270789
AB1_PNEUMOCYSTOSIS	Pneumocystosis	I Certain infectious and parasitic diseases (AB1_)	513	499430	499943	0.00102611697733542	0.33862803134439	0.515533511878989	0.511277565210374	FALSE	4.17428073116086	12.8235059017671	0.124943067744515	0.274378791579479	0.00254380689352708
L12_GRANUANNU	Granuloma annulare	XII Diseases of the skin and subcutaneous tissue (L12_)	513	465673	466186	0.0011004191460061	0.0103511543331435	0.520347377165534	0.984128907130532	FALSE	4.1745025760364	12.8247227238218	0.124937349576172	0.274362042146272	0.00254340848044884
C3_MARGINAL_ZONE_LYMPHOMA_EXALLC	Marginal zone B-cell lymphoma, excluding all cancers (controls excluding all cancers)	II Neoplasms, from cancer register (ICD-O-3)	513	378749	379262	0.00135262694390685	0.48844395919056	0.516769107319079	0.344562904537751	FALSE	4.17525586849599	12.8288549218928	0.124917940205723	0.274305187925071	0.00254205643596793
M13_CHRONSYNOVITISHANDWRIST	Chronic crepitant synovitis/bursitis of hand and wrist/periarthritis of wrist	XIII Diseases of the musculoskeletal system and connective tissue (M13_)	512	357549	358061	0.00142992395150547	0.352266591285642	0.641464615337626	0.582895777320147	FALSE	4.18131591137336	12.8621186888886	0.124762197073951	0.273848923633808	0.00253122437162358
L12_ERYTHRO_KELA	Universal erythroderma, KELA reimbursement	XII Diseases of the skin and subcutaneous tissue (L12_)	511	482901	483412	0.00105706933216387	0.0193235165415207	0.542949682508242	0.97160937413699	FALSE	4.18605129487215	12.8881377288892	0.124640991120848	0.273493766612594	0.00252281517908894
I9_PVT	Portal vein thrombosis	IX Diseases of the circulatory system (I9_)	511	432223	432734	0.00118086399497151	-0.451729424673014	0.750682183013665	0.547334867528328	FALSE	4.18642271463528	12.8901795103136	0.124631502565867	0.273465960620178	0.00252215763623045
J10_ABSCLUNGPNEUMO	Abscess of lung	X Diseases of the respiratory system (J10_)	508	498405	498913	0.00101821359635848	0.408807877862994	1.19274137137901	0.731789210472661	FALSE	4.20364228185975	12.9849956688571	0.124194487185063	0.272184876665121	0.0024919936100127
F5_HYPERSOMNIA	Hypersomnia	V Mental and behavioural disorders (F5_)	508	490763	491271	0.00103405248834147	-0.100864014795454	0.519855789456291	0.84615782005167	FALSE	4.20369013498961	12.9852595885709	0.124193280547883	0.27218133834538	0.0024919106506155
L12_ACNE_NAS	Other  and unspecified acne	XII Diseases of the skin and subcutaneous tissue (L12_)	507	476404	476911	0.00106309143634766	-0.0896702583430241	0.520575350123214	0.863239247831205	FALSE	4.20973236480668	13.0186026689261	0.124041268747354	0.271735531968561	0.00248147378714941
H7_BINODISTOTH	Other disorders of binocular vision	VII Diseases of the eye and adnexa (H7_)	502	475933	476435	0.00105365894613116	-0.791115125032743	1.33197507161142	0.552551314634251	FALSE	4.23987115114129	13.1854801930787	0.123293138220956	0.269540047947542	0.00243052186116638
AD_U_EXMORE	Alzheimer’s disease (undefined) (more control exclusions)	Neurological endpoints	502	216472	216974	0.00231364126577378	0.972711975414288	0.537476830922018	0.0703307314306068	FALSE	4.24373910676021	13.2069646220135	0.123198326226182	0.269261640805722	0.00242411354064697
F5_GENDER	Gender identity disorders	V Mental and behavioural disorders (F5_)	501	486464	486965	0.00102882137319931	-0.80925065776098	0.69289516655431	0.242836395728337	FALSE	4.24590859176061	13.2190216884179	0.12314526553746	0.269105816193705	0.00242053197001821
H8_EXT_ABSC	Abscess of external ear	VIII Diseases of the ear and mastoid process (H8_)	501	485292	485793	0.00103130345641045	0.0871093185360903	0.52333258440519	0.867801911381577	FALSE	4.24591621887484	13.2190640851825	0.12314507914492	0.269105268789313	0.00242051939466739
DERMATOPOLY_FG	Dermatopolymyositis (FG)	Rheuma endpoints	500	374317	374817	0.00133398431768036	-0.605343689959295	0.815325868117698	0.457811021412406	FALSE	4.25298969485978	13.2584090955183	0.122972665641951	0.268598855973994	0.00240890531010531
BMI_IRN	Body-mass index, inverse-rank normalized	Quantitative endpoints	500348	0	500348	1	-0.0269767093254052	0.0344978022073006	0.43422431803907	FALSE	Inf	Inf	0.05	0.05	3.17662007623954e-05
HEIGHT_IRN	Height, inverse-rank normalized	Quantitative endpoints	500348	0	500348	1	-0.00857038987338166	0.0232223104616534	0.712084159245024	FALSE	Inf	Inf	0.05	0.05	3.17662007623954e-05
WEIGHT_IRN	Weight, inverse-rank normalized	Quantitative endpoints	500348	0	500348	1	-0.0243162579348001	0.0410028564697765	0.553155624562449	FALSE	Inf	Inf	0.05	0.05	3.17662007623954e-05
